scenario,time,resident,x,z,speed,reason
head_on,0.00,0,-3.994,0.000,0.125,경로 이동
head_on,0.00,1,3.994,0.000,0.125,경로 이동
head_on,0.25,0,-3.869,0.000,0.750,경로 이동
head_on,0.25,1,3.869,0.000,0.750,경로 이동
head_on,0.50,0,-3.588,0.000,1.375,경로 이동
head_on,0.50,1,3.588,0.000,1.375,경로 이동
head_on,0.75,0,-3.243,0.000,1.380,경로 이동
head_on,0.75,1,3.219,0.000,1.476,경로 이동
head_on,1.00,0,-2.898,0.000,1.380,경로 이동
head_on,1.00,1,2.849,0.000,1.476,경로 이동
head_on,1.25,0,-2.553,0.000,1.380,경로 이동
head_on,1.25,1,2.480,0.000,1.476,경로 이동
head_on,1.50,0,-2.208,0.000,1.380,경로 이동
head_on,1.50,1,2.111,0.000,1.476,경로 이동
head_on,1.75,0,-1.863,0.000,1.380,경로 이동
head_on,1.75,1,1.742,0.000,1.476,경로 이동
head_on,2.00,0,-1.580,0.000,0.880,느긋함: 잠시 양보
head_on,2.00,1,1.436,0.000,0.976,우회: Resident_01
head_on,2.25,0,-1.454,0.000,0.255,느긋함: 잠시 양보
head_on,2.25,1,1.228,0.057,0.939,우회: Resident_01
head_on,2.50,0,-1.447,0.000,0.000,느긋함: 잠시 양보
head_on,2.50,1,0.969,0.246,1.476,우회: Resident_01
head_on,2.75,0,-1.447,0.000,0.000,느긋함: 잠시 양보
head_on,2.75,1,0.719,0.510,1.467,우회: Resident_01
head_on,3.00,0,-1.447,0.000,0.000,느긋함: 잠시 양보
head_on,3.00,1,0.493,0.802,1.476,우회: Resident_01
head_on,3.25,0,-1.447,0.000,0.000,느긋함: 잠시 양보
head_on,3.25,1,0.247,1.077,1.476,우회: Resident_01
head_on,3.50,0,-1.428,0.000,0.250,경로 이동
head_on,3.50,1,-0.018,1.334,1.476,우회: Resident_01
head_on,3.75,0,-1.272,0.000,0.875,경로 이동
head_on,3.75,1,-0.304,1.565,1.459,경로 이동
head_on,4.00,0,-0.966,0.000,1.380,경로 이동
head_on,4.00,1,-0.624,1.679,1.310,경로 이동
head_on,4.25,0,-0.621,0.000,1.380,경로 이동
head_on,4.25,1,-0.968,1.643,1.425,경로 이동
head_on,4.50,0,-0.276,0.000,1.380,경로 이동
head_on,4.50,1,-1.295,1.481,1.476,경로 이동
head_on,4.75,0,0.069,0.000,1.380,경로 이동
head_on,4.75,1,-1.619,1.304,1.476,경로 이동
head_on,5.00,0,0.414,0.000,1.380,경로 이동
head_on,5.00,1,-1.942,1.127,1.476,경로 이동
head_on,5.25,0,0.759,0.000,1.380,경로 이동
head_on,5.25,1,-2.266,0.949,1.476,경로 이동
head_on,5.50,0,1.105,0.000,1.380,경로 이동
head_on,5.50,1,-2.590,0.772,1.476,경로 이동
head_on,5.75,0,1.450,0.000,1.380,경로 이동
head_on,5.75,1,-2.913,0.595,1.476,경로 이동
head_on,6.00,0,1.795,0.000,1.380,경로 이동
head_on,6.00,1,-3.237,0.418,1.476,경로 이동
head_on,6.25,0,2.140,0.000,1.380,경로 이동
head_on,6.25,1,-3.561,0.241,1.476,경로 이동
head_on,6.50,0,2.485,0.000,1.380,경로 이동
head_on,6.50,1,-3.837,0.089,1.016,경로 이동
head_on,6.75,0,2.830,0.000,1.380,경로 이동
head_on,6.75,1,-3.977,0.013,0.391,경로 이동
head_on,7.00,0,3.175,0.000,1.380,경로 이동
head_on,7.00,1,-3.996,0.002,0.000,도착
head_on,7.25,0,3.520,0.000,1.380,경로 이동
head_on,7.25,1,-3.996,0.002,0.000,도착
head_on,7.50,0,3.824,0.000,0.988,경로 이동
head_on,7.50,1,-3.996,0.002,0.000,도착
head_on,7.75,0,3.977,0.000,0.363,경로 이동
head_on,7.75,1,-3.996,0.002,0.000,도착
crossing,0.00,0,-3.994,0.000,0.125,경로 이동
crossing,0.00,1,0.000,-3.994,0.125,경로 이동
crossing,0.25,0,-3.869,0.000,0.750,경로 이동
crossing,0.25,1,0.000,-3.869,0.750,경로 이동
crossing,0.50,0,-3.588,0.000,1.375,경로 이동
crossing,0.50,1,0.000,-3.588,1.375,경로 이동
crossing,0.75,0,-3.243,0.000,1.380,경로 이동
crossing,0.75,1,0.000,-3.219,1.476,경로 이동
crossing,1.00,0,-2.898,0.000,1.380,경로 이동
crossing,1.00,1,0.000,-2.849,1.476,경로 이동
crossing,1.25,0,-2.553,0.000,1.380,경로 이동
crossing,1.25,1,0.000,-2.480,1.476,경로 이동
crossing,1.50,0,-2.261,-0.023,1.038,우회: Resident_02
crossing,1.50,1,0.054,-2.136,1.419,우회: Resident_01
crossing,1.75,0,-2.006,-0.178,1.379,경로 이동
crossing,1.75,1,0.240,-1.837,1.476,경로 이동
crossing,2.00,0,-1.732,-0.388,1.380,경로 이동
crossing,2.00,1,0.461,-1.541,1.476,경로 이동
crossing,2.25,0,-1.450,-0.587,1.380,경로 이동
crossing,2.25,1,0.668,-1.236,1.476,경로 이동
crossing,2.50,0,-1.146,-0.720,1.361,경로 이동
crossing,2.50,1,0.808,-0.910,1.442,경로 이동
crossing,2.75,0,-0.815,-0.742,1.293,경로 이동
crossing,2.75,1,0.835,-0.555,1.445,경로 이동
crossing,3.00,0,-0.498,-0.865,1.380,경로 이동
crossing,3.00,1,0.968,-0.219,1.476,경로 이동
crossing,3.25,0,-0.194,-1.027,1.380,경로 이동
crossing,3.25,1,1.129,0.113,1.476,경로 이동
crossing,3.50,0,0.119,-1.173,1.380,경로 이동
crossing,3.50,1,1.270,0.454,1.476,경로 이동
crossing,3.75,0,0.439,-1.285,1.314,경로 이동
crossing,3.75,1,1.373,0.802,1.408,경로 이동
crossing,4.00,0,0.769,-1.262,1.351,경로 이동
crossing,4.00,1,1.338,1.152,1.429,경로 이동
crossing,4.25,0,1.091,-1.138,1.380,경로 이동
crossing,4.25,1,1.187,1.487,1.476,경로 이동
crossing,4.50,0,1.412,-1.012,1.380,경로 이동
crossing,4.50,1,1.029,1.821,1.476,경로 이동
crossing,4.75,0,1.734,-0.887,1.380,경로 이동
crossing,4.75,1,0.872,2.154,1.476,경로 이동
crossing,5.00,0,2.055,-0.761,1.380,경로 이동
crossing,5.00,1,0.715,2.488,1.476,경로 이동
crossing,5.25,0,2.376,-0.635,1.380,경로 이동
crossing,5.25,1,0.557,2.822,1.476,경로 이동
crossing,5.50,0,2.697,-0.510,1.380,경로 이동
crossing,5.50,1,0.400,3.156,1.476,경로 이동
crossing,5.75,0,3.019,-0.384,1.380,경로 이동
crossing,5.75,1,0.242,3.489,1.476,경로 이동
crossing,6.00,0,3.340,-0.258,1.380,경로 이동
crossing,6.00,1,0.082,3.793,1.185,경로 이동
crossing,6.25,0,3.661,-0.132,1.380,경로 이동
crossing,6.25,1,-0.012,3.977,0.578,경로 이동
crossing,6.50,0,3.895,-0.041,0.755,경로 이동
crossing,6.50,1,-0.036,4.024,0.000,도착
crossing,6.75,0,3.984,-0.006,0.130,경로 이동
crossing,6.75,1,-0.036,4.024,0.000,도착
overtake,0.00,0,-4.000,0.000,0.000,느긋함: 잠시 양보
overtake,0.00,1,-1.994,0.000,0.125,경로 이동
overtake,0.25,0,-4.000,0.000,0.000,느긋함: 잠시 양보
overtake,0.25,1,-1.869,0.000,0.750,경로 이동
overtake,0.50,0,-4.000,0.000,0.000,느긋함: 잠시 양보
overtake,0.50,1,-1.588,0.000,1.375,경로 이동
overtake,0.75,0,-4.000,0.000,0.000,느긋함: 잠시 양보
overtake,0.75,1,-1.219,0.000,1.476,경로 이동
overtake,1.00,0,-4.000,0.000,0.000,느긋함: 잠시 양보
overtake,1.00,1,-0.850,0.000,1.476,경로 이동
overtake,1.25,0,-4.000,0.000,0.000,느긋함: 잠시 양보
overtake,1.25,1,-0.481,0.000,1.476,경로 이동
overtake,1.50,0,-4.000,0.000,0.000,느긋함: 잠시 양보
overtake,1.50,1,-0.112,0.000,1.476,경로 이동
overtake,1.75,0,-3.938,0.000,0.500,경로 이동
overtake,1.75,1,0.257,0.000,1.476,경로 이동
overtake,2.00,0,-3.719,0.000,1.125,경로 이동
overtake,2.00,1,0.626,0.000,1.476,경로 이동
overtake,2.25,0,-3.381,0.000,1.380,경로 이동
overtake,2.25,1,0.995,0.000,1.476,경로 이동
overtake,2.50,0,-3.036,0.000,1.380,경로 이동
overtake,2.50,1,1.364,0.000,1.476,경로 이동
overtake,2.75,0,-2.691,0.000,1.380,경로 이동
overtake,2.75,1,1.733,0.000,1.476,경로 이동
overtake,3.00,0,-2.346,0.000,1.380,경로 이동
overtake,3.00,1,2.102,0.000,1.476,경로 이동
overtake,3.25,0,-2.001,0.000,1.380,경로 이동
overtake,3.25,1,2.471,0.000,1.476,경로 이동
overtake,3.50,0,-1.656,0.000,1.380,경로 이동
overtake,3.50,1,2.841,0.000,1.476,경로 이동
overtake,3.75,0,-1.311,0.000,1.380,경로 이동
overtake,3.75,1,3.210,0.000,1.476,경로 이동
overtake,4.00,0,-0.965,0.000,1.380,경로 이동
overtake,4.00,1,3.579,0.000,1.476,경로 이동
overtake,4.25,0,-0.620,0.000,1.380,경로 이동
overtake,4.25,1,3.948,0.000,1.476,경로 이동
overtake,4.50,0,-0.275,0.000,1.380,경로 이동
overtake,4.50,1,4.317,0.000,1.476,경로 이동
overtake,4.75,0,0.070,0.000,1.380,경로 이동
overtake,4.75,1,4.681,0.006,1.405,경로 이동
overtake,5.00,0,0.415,0.000,1.380,경로 이동
overtake,5.00,1,4.937,0.026,0.780,경로 이동
overtake,5.25,0,0.760,0.000,1.380,경로 이동
overtake,5.25,1,5.041,0.028,0.165,경로 이동
overtake,5.50,0,1.105,0.000,1.380,경로 이동
overtake,5.50,1,5.043,0.028,0.000,도착
overtake,5.75,0,1.450,0.000,1.380,경로 이동
overtake,5.75,1,5.043,0.028,0.000,도착
overtake,6.00,0,1.776,-0.032,1.237,우회: Resident_02
overtake,6.00,1,5.043,0.028,0.000,도착
overtake,6.25,0,2.068,-0.188,1.380,우회: Resident_02
overtake,6.25,1,5.043,0.028,0.000,도착
overtake,6.50,0,2.301,-0.439,1.380,우회: Resident_02
overtake,6.50,1,5.043,0.028,0.000,도착
overtake,6.75,0,2.559,-0.667,1.380,우회: Resident_02
overtake,6.75,1,5.043,0.028,0.000,도착
overtake,7.00,0,2.856,-0.843,1.380,우회: Resident_02
overtake,7.00,1,5.043,0.028,0.000,도착
overtake,7.25,0,3.182,-0.949,1.361,경로 이동
overtake,7.25,1,5.043,0.028,0.000,도착
overtake,7.50,0,3.518,-0.932,1.361,경로 이동
overtake,7.50,1,5.043,0.028,0.000,도착
overtake,7.75,0,3.849,-0.911,1.310,경로 이동
overtake,7.75,1,5.043,0.028,0.000,도착
overtake,8.00,0,4.131,-0.909,0.880,경로 이동
overtake,8.00,1,5.043,0.028,0.000,도착
overtake,8.25,0,4.258,-0.909,0.255,경로 이동
overtake,8.25,1,5.043,0.028,0.000,도착
overtake,8.50,0,4.264,-0.908,0.000,경로 이동
overtake,8.50,1,5.043,0.028,0.000,도착
overtake,8.75,0,4.275,-0.891,0.167,경로 이동
overtake,8.75,1,5.043,0.028,0.000,도착
overtake,9.00,0,4.279,-0.870,0.030,경로 이동
overtake,9.00,1,5.043,0.028,0.000,도착
overtake,9.25,0,4.259,-0.773,0.647,경로 이동
overtake,9.25,1,5.043,0.028,0.000,도착
overtake,9.50,0,4.191,-0.527,1.271,경로 이동
overtake,9.50,1,5.043,0.028,0.000,도착
overtake,9.75,0,4.080,-0.221,1.130,경로 이동
overtake,9.75,1,5.043,0.028,0.000,도착
overtake,10.00,0,4.016,-0.043,0.505,경로 이동
overtake,10.00,1,5.043,0.028,0.000,도착
overtake,10.25,0,4.003,-0.007,0.000,도착
overtake,10.25,1,5.043,0.028,0.000,도착
stationary,0.00,0,-3.994,0.000,0.125,경로 이동
stationary,0.00,1,0.000,0.000,0.000,대기
stationary,0.25,0,-3.869,0.000,0.750,경로 이동
stationary,0.25,1,0.000,0.000,0.000,대기
stationary,0.50,0,-3.588,0.000,1.375,경로 이동
stationary,0.50,1,0.000,0.000,0.000,대기
stationary,0.75,0,-3.280,0.000,1.005,느긋함: 잠시 양보
stationary,0.75,1,0.000,0.000,0.000,대기
stationary,1.00,0,-3.123,0.000,0.380,느긋함: 잠시 양보
stationary,1.00,1,0.000,0.000,0.000,대기
stationary,1.25,0,-3.103,0.000,0.000,느긋함: 잠시 양보
stationary,1.25,1,0.000,0.000,0.000,대기
stationary,1.50,0,-3.103,0.000,0.000,느긋함: 잠시 양보
stationary,1.50,1,0.000,0.000,0.000,대기
stationary,1.75,0,-3.103,0.000,0.000,느긋함: 잠시 양보
stationary,1.75,1,0.000,0.000,0.000,대기
stationary,2.00,0,-3.103,0.000,0.000,느긋함: 잠시 양보
stationary,2.00,1,0.000,0.000,0.000,대기
stationary,2.25,0,-3.097,-0.001,0.125,우회: Resident_02
stationary,2.25,1,0.000,0.000,0.000,대기
stationary,2.50,0,-3.012,-0.057,0.617,우회: Resident_02
stationary,2.50,1,0.000,0.000,0.000,대기
stationary,2.75,0,-2.870,-0.252,1.210,우회: Resident_02
stationary,2.75,1,0.000,0.000,0.000,대기
stationary,3.00,0,-2.682,-0.539,1.380,우회: Resident_02
stationary,3.00,1,0.000,0.000,0.000,대기
stationary,3.25,0,-2.481,-0.820,1.380,우회: Resident_02
stationary,3.25,1,0.000,0.000,0.000,대기
stationary,3.50,0,-2.268,-1.090,1.380,우회: Resident_02
stationary,3.50,1,0.000,0.000,0.000,대기
stationary,3.75,0,-2.041,-1.351,1.380,우회: Resident_02
stationary,3.75,1,0.000,0.000,0.000,대기
stationary,4.00,0,-1.803,-1.600,1.380,우회: Resident_02
stationary,4.00,1,0.000,0.000,0.000,대기
stationary,4.25,0,-1.550,-1.833,1.363,경로 이동
stationary,4.25,1,0.000,0.000,0.000,대기
stationary,4.50,0,-1.238,-1.973,1.380,경로 이동
stationary,4.50,1,0.000,0.000,0.000,대기
stationary,4.75,0,-0.913,-2.048,1.297,경로 이동
stationary,4.75,1,0.000,0.000,0.000,대기
stationary,5.00,0,-0.584,-1.978,1.376,경로 이동
stationary,5.00,1,0.000,0.000,0.000,대기
stationary,5.25,0,-0.267,-1.841,1.380,경로 이동
stationary,5.25,1,0.000,0.000,0.000,대기
stationary,5.50,0,0.049,-1.704,1.380,경로 이동
stationary,5.50,1,0.000,0.000,0.000,대기
stationary,5.75,0,0.366,-1.568,1.380,경로 이동
stationary,5.75,1,0.000,0.000,0.000,대기
stationary,6.00,0,0.683,-1.431,1.380,경로 이동
stationary,6.00,1,0.000,0.000,0.000,대기
stationary,6.25,0,1.000,-1.294,1.380,경로 이동
stationary,6.25,1,0.000,0.000,0.000,대기
stationary,6.50,0,1.317,-1.158,1.380,경로 이동
stationary,6.50,1,0.000,0.000,0.000,대기
stationary,6.75,0,1.633,-1.021,1.380,경로 이동
stationary,6.75,1,0.000,0.000,0.000,대기
stationary,7.00,0,1.950,-0.884,1.380,경로 이동
stationary,7.00,1,0.000,0.000,0.000,대기
stationary,7.25,0,2.267,-0.748,1.380,경로 이동
stationary,7.25,1,0.000,0.000,0.000,대기
stationary,7.50,0,2.584,-0.611,1.380,경로 이동
stationary,7.50,1,0.000,0.000,0.000,대기
stationary,7.75,0,2.900,-0.474,1.380,경로 이동
stationary,7.75,1,0.000,0.000,0.000,대기
stationary,8.00,0,3.217,-0.338,1.380,경로 이동
stationary,8.00,1,0.000,0.000,0.000,대기
stationary,8.25,0,3.534,-0.201,1.380,경로 이동
stationary,8.25,1,0.000,0.000,0.000,대기
stationary,8.50,0,3.834,-0.089,1.089,경로 이동
stationary,8.50,1,0.000,0.000,0.000,대기
stationary,8.75,0,4.003,-0.025,0.482,경로 이동
stationary,8.75,1,0.000,0.000,0.000,대기
narrow,0.00,0,-3.994,0.000,0.125,경로 이동
narrow,0.00,1,3.994,0.000,0.125,경로 이동
narrow,0.25,0,-3.869,0.000,0.750,경로 이동
narrow,0.25,1,3.869,0.000,0.750,경로 이동
narrow,0.50,0,-3.588,0.000,1.375,경로 이동
narrow,0.50,1,3.588,0.000,1.375,경로 이동
narrow,0.75,0,-3.243,0.000,1.380,경로 이동
narrow,0.75,1,3.219,0.000,1.476,경로 이동
narrow,1.00,0,-2.898,0.000,1.380,경로 이동
narrow,1.00,1,2.849,0.000,1.476,경로 이동
narrow,1.25,0,-2.553,0.000,1.380,경로 이동
narrow,1.25,1,2.480,0.000,1.476,경로 이동
narrow,1.50,0,-2.208,0.000,1.380,경로 이동
narrow,1.50,1,2.111,0.000,1.476,경로 이동
narrow,1.75,0,-1.863,0.000,1.380,경로 이동
narrow,1.75,1,1.742,0.000,1.476,경로 이동
narrow,2.00,0,-1.580,0.000,0.880,느긋함: 잠시 양보
narrow,2.00,1,1.436,0.000,0.976,우회: Resident_01
narrow,2.25,0,-1.454,0.000,0.255,느긋함: 잠시 양보
narrow,2.25,1,1.228,0.057,0.939,우회: Resident_01
narrow,2.50,0,-1.447,0.000,0.000,느긋함: 잠시 양보
narrow,2.50,1,1.004,0.177,0.962,우회: Resident_01
narrow,2.75,0,-1.447,0.000,0.000,느긋함: 잠시 양보
narrow,2.75,1,0.844,0.233,0.488,우회: Resident_01
narrow,3.00,0,-1.447,0.000,0.000,느긋함: 잠시 양보
narrow,3.00,1,0.782,0.248,0.102,우회: Resident_01
narrow,3.25,0,-1.447,0.000,0.000,느긋함: 잠시 양보
narrow,3.25,1,0.676,0.247,0.474,우회: Resident_01
narrow,3.50,0,-1.447,0.000,0.000,느긋함: 양보 Resident_02
narrow,3.50,1,0.558,0.247,0.526,우회: Resident_01
narrow,3.75,0,-1.447,0.000,0.000,느긋함: 양보 Resident_02
narrow,3.75,1,0.458,0.247,0.400,우회: Resident_01
narrow,4.00,0,-1.447,0.000,0.000,느긋함: 양보 Resident_02
narrow,4.00,1,0.376,0.249,0.404,우회: Resident_01
narrow,4.25,0,-1.447,0.000,0.000,경로 이동
narrow,4.25,1,0.294,0.247,0.279,우회: Resident_01
narrow,4.50,0,-1.447,0.000,0.000,경로 이동
narrow,4.50,1,0.230,0.249,0.304,우회: Resident_01
narrow,4.75,0,-1.447,0.000,0.000,경로 이동
narrow,4.75,1,0.173,0.247,0.179,우회: Resident_01
narrow,5.00,0,-1.447,0.000,0.000,경로 이동
narrow,5.00,1,0.121,0.249,0.256,우회: Resident_01
narrow,5.25,0,-1.518,0.013,0.461,경로 이동
narrow,5.25,1,0.026,0.244,0.631,우회: Resident_01
narrow,5.50,0,-1.695,-0.053,0.966,경로 이동
narrow,5.50,1,-0.220,0.241,1.233,우회: Resident_01
narrow,5.75,0,-1.906,-0.261,1.310,경로 이동
narrow,5.75,1,-0.515,0.238,1.374,경로 이동
narrow,6.00,0,-2.034,-0.577,1.380,경로 이동
narrow,6.00,1,-0.883,0.212,1.476,경로 이동
narrow,6.25,0,-2.122,-0.863,0.964,경로 이동
narrow,6.25,1,-1.252,0.187,1.476,경로 이동
narrow,6.50,0,-2.166,-1.004,0.339,느긋함: 양보 Resident_02
narrow,6.50,1,-1.620,0.162,1.476,경로 이동
narrow,6.75,0,-2.170,-1.018,0.000,느긋함: 양보 Resident_02
narrow,6.75,1,-1.962,0.164,1.226,우회: Resident_01
narrow,7.00,0,-2.170,-1.018,0.000,느긋함: 양보 Resident_02
narrow,7.00,1,-2.226,0.277,1.287,경로 이동
narrow,7.25,0,-2.259,-1.001,0.605,경로 이동
narrow,7.25,1,-2.549,0.448,1.476,경로 이동
narrow,7.50,0,-2.453,-0.933,0.913,경로 이동
narrow,7.50,1,-2.876,0.614,1.476,우회: Resident_01
narrow,7.75,0,-2.733,-0.834,1.380,경로 이동
narrow,7.75,1,-3.209,0.764,1.476,우회: Resident_01
narrow,8.00,0,-3.059,-0.719,1.380,경로 이동
narrow,8.00,1,-3.572,0.821,1.476,우회: Resident_01
narrow,8.25,0,-3.295,-0.635,0.755,경로 이동
narrow,8.25,1,-3.932,0.750,1.476,우회: Resident_01
narrow,8.50,0,-3.385,-0.604,0.130,경로 이동
narrow,8.50,1,-4.264,0.593,1.466,우회: Resident_01
narrow,8.75,0,-3.385,-0.604,0.000,경로 이동
narrow,8.75,1,-4.570,0.427,1.336,우회: Resident_01
narrow,9.00,0,-3.385,-0.604,0.000,경로 이동
narrow,9.00,1,-4.751,0.171,1.234,우회: Resident_01
narrow,9.25,0,-3.349,-0.544,0.443,경로 이동
narrow,9.25,1,-4.783,-0.130,1.224,우회: Resident_01
narrow,9.50,0,-3.186,-0.460,0.961,경로 이동
narrow,9.50,1,-4.702,-0.431,1.184,경로 이동
narrow,9.75,0,-2.877,-0.390,1.380,경로 이동
narrow,9.75,1,-4.522,-0.621,0.936,경로 이동
narrow,10.00,0,-2.538,-0.328,1.380,경로 이동
narrow,10.00,1,-4.324,-0.663,0.788,경로 이동
narrow,10.25,0,-2.199,-0.266,1.380,경로 이동
narrow,10.25,1,-4.139,-0.571,0.903,경로 이동
narrow,10.50,0,-1.859,-0.204,1.380,경로 이동
narrow,10.50,1,-4.012,-0.341,1.169,경로 이동
narrow,10.75,0,-1.520,-0.141,1.380,경로 이동
narrow,10.75,1,-3.990,-0.090,0.785,경로 이동
narrow,11.00,0,-1.179,-0.090,1.380,경로 이동
narrow,11.00,1,-3.986,0.012,0.160,경로 이동
narrow,11.25,0,-0.835,-0.066,1.380,경로 이동
narrow,11.25,1,-3.986,0.014,0.000,도착
narrow,11.50,0,-0.490,-0.062,1.380,경로 이동
narrow,11.50,1,-3.986,0.014,0.000,도착
narrow,11.75,0,-0.145,-0.057,1.380,경로 이동
narrow,11.75,1,-3.986,0.014,0.000,도착
narrow,12.00,0,0.200,-0.052,1.380,경로 이동
narrow,12.00,1,-3.986,0.014,0.000,도착
narrow,12.25,0,0.545,-0.047,1.380,경로 이동
narrow,12.25,1,-3.986,0.014,0.000,도착
narrow,12.50,0,0.890,-0.043,1.380,경로 이동
narrow,12.50,1,-3.986,0.014,0.000,도착
narrow,12.75,0,1.235,-0.038,1.380,경로 이동
narrow,12.75,1,-3.986,0.014,0.000,도착
narrow,13.00,0,1.580,-0.033,1.380,경로 이동
narrow,13.00,1,-3.986,0.014,0.000,도착
narrow,13.25,0,1.925,-0.029,1.380,경로 이동
narrow,13.25,1,-3.986,0.014,0.000,도착
narrow,13.50,0,2.270,-0.024,1.380,경로 이동
narrow,13.50,1,-3.986,0.014,0.000,도착
narrow,13.75,0,2.615,-0.019,1.380,경로 이동
narrow,13.75,1,-3.986,0.014,0.000,도착
narrow,14.00,0,2.960,-0.014,1.380,경로 이동
narrow,14.00,1,-3.986,0.014,0.000,도착
narrow,14.25,0,3.305,-0.010,1.380,경로 이동
narrow,14.25,1,-3.986,0.014,0.000,도착
narrow,14.50,0,3.649,-0.005,1.378,경로 이동
narrow,14.50,1,-3.986,0.014,0.000,도착
narrow,14.75,0,3.900,-0.001,0.753,경로 이동
narrow,14.75,1,-3.986,0.014,0.000,도착
narrow,15.00,0,3.994,0.000,0.128,경로 이동
narrow,15.00,1,-3.986,0.014,0.000,도착
close_start,0.00,0,-0.460,0.000,0.000,느긋함: 잠시 양보
close_start,0.00,1,0.460,0.000,0.000,우회: Resident_01
close_start,0.25,0,-0.460,0.000,0.000,느긋함: 잠시 양보
close_start,0.25,1,0.460,0.000,0.000,우회: Resident_01
close_start,0.50,0,-0.460,0.000,0.000,느긋함: 잠시 양보
close_start,0.50,1,0.460,0.000,0.000,우회: Resident_01
close_start,0.75,0,-0.460,0.000,0.000,느긋함: 잠시 양보
close_start,0.75,1,0.477,0.060,0.497,우회: Resident_01
close_start,1.00,0,-0.460,0.000,0.000,느긋함: 잠시 양보
close_start,1.00,1,0.548,0.266,1.122,우회: Resident_01
close_start,1.25,0,-0.460,0.000,0.000,느긋함: 잠시 양보
close_start,1.25,1,0.667,0.597,1.476,우회: Resident_01
close_start,1.50,0,-0.460,0.000,0.000,느긋함: 잠시 양보
close_start,1.50,1,0.730,0.953,1.453,우회: Resident_01
close_start,1.75,0,-0.398,0.000,0.500,경로 이동
close_start,1.75,1,0.643,1.284,1.363,우회: Resident_01
close_start,2.00,0,-0.179,0.000,1.125,경로 이동
close_start,2.00,1,0.419,1.546,1.350,혼잡 재탐색
close_start,2.25,0,0.159,0.000,1.380,경로 이동
close_start,2.25,1,0.137,1.672,1.215,경로 이동
close_start,2.50,0,0.504,0.000,1.380,경로 이동
close_start,2.50,1,-0.206,1.666,1.459,경로 이동
close_start,2.75,0,0.849,0.000,1.380,경로 이동
close_start,2.75,1,-0.549,1.540,1.476,경로 이동
close_start,3.00,0,1.195,0.000,1.380,경로 이동
close_start,3.00,1,-0.886,1.389,1.476,경로 이동
close_start,3.25,0,1.540,0.000,1.380,경로 이동
close_start,3.25,1,-1.223,1.239,1.476,경로 이동
close_start,3.50,0,1.885,0.000,1.380,경로 이동
close_start,3.50,1,-1.560,1.089,1.476,경로 이동
close_start,3.75,0,2.230,0.000,1.380,경로 이동
close_start,3.75,1,-1.897,0.938,1.476,경로 이동
close_start,4.00,0,2.575,0.000,1.380,경로 이동
close_start,4.00,1,-2.234,0.788,1.476,경로 이동
close_start,4.25,0,2.920,0.000,1.380,경로 이동
close_start,4.25,1,-2.571,0.638,1.476,경로 이동
close_start,4.50,0,3.265,0.000,1.380,경로 이동
close_start,4.50,1,-2.908,0.487,1.476,경로 이동
close_start,4.75,0,3.610,0.000,1.380,경로 이동
close_start,4.75,1,-3.245,0.337,1.476,경로 이동
close_start,5.00,0,3.878,0.000,0.824,경로 이동
close_start,5.00,1,-3.582,0.187,1.476,경로 이동
close_start,5.25,0,3.990,0.000,0.199,경로 이동
close_start,5.25,1,-3.860,0.041,1.023,경로 이동
close_start,5.50,0,3.994,0.000,0.000,도착
close_start,5.50,1,-4.006,-0.033,0.407,경로 이동
cautious,0.00,0,-3.994,0.000,0.125,경로 이동
cautious,0.00,1,3.994,0.000,0.125,경로 이동
cautious,0.25,0,-3.869,0.000,0.750,경로 이동
cautious,0.25,1,3.869,0.000,0.750,경로 이동
cautious,0.50,0,-3.588,0.000,1.375,경로 이동
cautious,0.50,1,3.588,0.000,1.375,경로 이동
cautious,0.75,0,-3.243,0.000,1.380,경로 이동
cautious,0.75,1,3.219,0.000,1.476,경로 이동
cautious,1.00,0,-2.898,0.000,1.380,경로 이동
cautious,1.00,1,2.849,0.000,1.476,경로 이동
cautious,1.25,0,-2.553,0.000,1.380,경로 이동
cautious,1.25,1,2.480,0.000,1.476,경로 이동
cautious,1.50,0,-2.208,0.000,1.380,경로 이동
cautious,1.50,1,2.111,0.000,1.476,경로 이동
cautious,1.75,0,-1.863,0.000,1.380,경로 이동
cautious,1.75,1,1.742,0.000,1.476,경로 이동
cautious,2.00,0,-1.580,0.000,0.880,느긋함: 양보 Resident_02
cautious,2.00,1,1.436,0.000,0.976,우회: Resident_01
cautious,2.25,0,-1.454,0.000,0.255,느긋함: 양보 Resident_02
cautious,2.25,1,1.219,0.056,1.036,우회: Resident_01
cautious,2.50,0,-1.447,0.000,0.000,느긋함: 양보 Resident_02
cautious,2.50,1,0.973,0.176,1.039,우회: Resident_01
cautious,2.75,0,-1.447,0.000,0.000,느긋함: 양보 Resident_02
cautious,2.75,1,0.806,0.232,0.605,우회: Resident_01
cautious,3.00,0,-1.447,0.000,0.000,느긋함: 양보 Resident_02
cautious,3.00,1,0.680,0.244,0.454,우회: Resident_01
cautious,3.25,0,-1.447,0.000,0.000,느긋함: 양보 Resident_02
cautious,3.25,1,0.560,0.244,0.328,우회: Resident_01
cautious,3.50,0,-1.447,0.000,0.000,느긋함: 양보 Resident_02
cautious,3.50,1,0.458,0.248,0.358,우회: Resident_01
cautious,3.75,0,-1.447,0.000,0.000,느긋함: 양보 Resident_02
cautious,3.75,1,0.375,0.246,0.232,우회: Resident_01
cautious,4.00,0,-1.447,0.000,0.000,느긋함: 양보 Resident_02
cautious,4.00,1,0.287,0.248,0.300,우회: Resident_01
cautious,4.25,0,-1.447,0.000,0.000,경로 이동
cautious,4.25,1,0.224,0.249,0.368,우회: Resident_01
cautious,4.50,0,-1.447,0.000,0.000,경로 이동
cautious,4.50,1,0.163,0.248,0.243,우회: Resident_01
cautious,4.75,0,-1.447,0.000,0.000,경로 이동
cautious,4.75,1,0.116,0.250,0.080,우회: Resident_01
cautious,5.00,0,-1.447,0.000,0.000,경로 이동
cautious,5.00,1,0.078,0.250,0.072,우회: Resident_01
cautious,5.25,0,-1.499,0.007,0.401,경로 이동
cautious,5.25,1,0.017,0.247,0.446,우회: Resident_01
cautious,5.50,0,-1.665,-0.055,0.931,경로 이동
cautious,5.50,1,-0.185,0.245,1.047,우회: Resident_01
cautious,5.75,0,-1.882,-0.255,1.313,경로 이동
cautious,5.75,1,-0.511,0.239,1.262,경로 이동
cautious,6.00,0,-2.021,-0.566,1.380,경로 이동
cautious,6.00,1,-0.874,0.217,1.476,경로 이동
cautious,6.25,0,-2.116,-0.854,0.987,경로 이동
cautious,6.25,1,-1.242,0.192,1.476,경로 이동
cautious,6.50,0,-2.165,-1.000,0.362,느긋함: 잠시 양보
cautious,6.50,1,-1.610,0.166,1.476,경로 이동
cautious,6.75,0,-2.170,-1.016,0.000,느긋함: 잠시 양보
cautious,6.75,1,-1.952,0.168,1.227,우회: Resident_01
cautious,7.00,0,-2.170,-1.016,0.000,느긋함: 잠시 양보
cautious,7.00,1,-2.217,0.280,1.288,경로 이동
cautious,7.25,0,-2.170,-1.016,0.000,느긋함: 잠시 양보
cautious,7.25,1,-2.540,0.451,1.476,경로 이동
cautious,7.50,0,-2.170,-1.016,0.000,느긋함: 잠시 양보
cautious,7.50,1,-2.888,0.571,1.476,경로 이동
cautious,7.75,0,-2.170,-1.016,0.000,느긋함: 잠시 양보
cautious,7.75,1,-3.243,0.604,1.377,경로 이동
cautious,8.00,0,-2.170,-1.016,0.000,느긋함: 잠시 양보
cautious,8.00,1,-3.577,0.489,1.448,경로 이동
cautious,8.25,0,-2.170,-1.010,0.125,경로 이동
cautious,8.25,1,-3.833,0.249,1.335,경로 이동
cautious,8.50,0,-2.139,-0.890,0.745,경로 이동
cautious,8.50,1,-3.972,0.035,0.772,경로 이동
cautious,8.75,0,-2.075,-0.618,1.363,경로 이동
cautious,8.75,1,-4.026,-0.049,0.147,경로 이동
cautious,9.00,0,-2.026,-0.376,0.738,경로 이동
cautious,9.00,1,-4.026,-0.050,0.000,도착
cautious,9.25,0,-1.995,-0.267,0.426,경로 이동
cautious,9.25,1,-4.026,-0.050,0.000,도착
cautious,9.50,0,-1.883,-0.175,0.732,경로 이동
cautious,9.50,1,-4.026,-0.050,0.000,도착
cautious,9.75,0,-1.631,-0.130,1.243,경로 이동
cautious,9.75,1,-4.026,-0.050,0.000,도착
cautious,10.00,0,-1.287,-0.121,1.380,경로 이동
cautious,10.00,1,-4.026,-0.050,0.000,도착
cautious,10.25,0,-0.942,-0.113,1.380,경로 이동
cautious,10.25,1,-4.026,-0.050,0.000,도착
cautious,10.50,0,-0.597,-0.105,1.380,경로 이동
cautious,10.50,1,-4.026,-0.050,0.000,도착
cautious,10.75,0,-0.252,-0.097,1.380,경로 이동
cautious,10.75,1,-4.026,-0.050,0.000,도착
cautious,11.00,0,0.093,-0.090,1.380,경로 이동
cautious,11.00,1,-4.026,-0.050,0.000,도착
cautious,11.25,0,0.438,-0.082,1.380,경로 이동
cautious,11.25,1,-4.026,-0.050,0.000,도착
cautious,11.50,0,0.782,-0.074,1.380,경로 이동
cautious,11.50,1,-4.026,-0.050,0.000,도착
cautious,11.75,0,1.127,-0.066,1.380,경로 이동
cautious,11.75,1,-4.026,-0.050,0.000,도착
cautious,12.00,0,1.472,-0.058,1.380,경로 이동
cautious,12.00,1,-4.026,-0.050,0.000,도착
cautious,12.25,0,1.817,-0.050,1.380,경로 이동
cautious,12.25,1,-4.026,-0.050,0.000,도착
cautious,12.50,0,2.162,-0.042,1.380,경로 이동
cautious,12.50,1,-4.026,-0.050,0.000,도착
cautious,12.75,0,2.507,-0.034,1.380,경로 이동
cautious,12.75,1,-4.026,-0.050,0.000,도착
cautious,13.00,0,2.852,-0.026,1.380,경로 이동
cautious,13.00,1,-4.026,-0.050,0.000,도착
cautious,13.25,0,3.197,-0.018,1.380,경로 이동
cautious,13.25,1,-4.026,-0.050,0.000,도착
cautious,13.50,0,3.542,-0.010,1.380,경로 이동
cautious,13.50,1,-4.026,-0.050,0.000,도착
cautious,13.75,0,3.837,-0.004,0.947,경로 이동
cautious,13.75,1,-4.026,-0.050,0.000,도착
cautious,14.00,0,3.980,0.000,0.322,경로 이동
cautious,14.00,1,-4.026,-0.050,0.000,도착
eager,0.00,0,-3.994,0.000,0.125,경로 이동
eager,0.00,1,3.994,0.000,0.125,경로 이동
eager,0.25,0,-3.869,0.000,0.750,경로 이동
eager,0.25,1,3.869,0.000,0.750,경로 이동
eager,0.50,0,-3.588,0.000,1.375,경로 이동
eager,0.50,1,3.588,0.000,1.375,경로 이동
eager,0.75,0,-3.243,0.000,1.380,경로 이동
eager,0.75,1,3.219,0.000,1.476,경로 이동
eager,1.00,0,-2.898,0.000,1.380,경로 이동
eager,1.00,1,2.849,0.000,1.476,경로 이동
eager,1.25,0,-2.553,0.000,1.380,경로 이동
eager,1.25,1,2.480,0.000,1.476,경로 이동
eager,1.50,0,-2.208,0.000,1.380,경로 이동
eager,1.50,1,2.111,0.000,1.476,경로 이동
eager,1.75,0,-1.863,0.000,1.380,경로 이동
eager,1.75,1,1.742,0.000,1.476,경로 이동
eager,2.00,0,-1.580,0.000,0.880,느긋함: 양보 Resident_02
eager,2.00,1,1.436,0.000,0.976,우회: Resident_01
eager,2.25,0,-1.454,0.000,0.255,느긋함: 양보 Resident_02
eager,2.25,1,1.219,0.056,1.036,우회: Resident_01
eager,2.50,0,-1.447,0.000,0.000,느긋함: 양보 Resident_02
eager,2.50,1,0.973,0.176,1.039,우회: Resident_01
eager,2.75,0,-1.447,0.000,0.000,느긋함: 양보 Resident_02
eager,2.75,1,0.806,0.232,0.605,우회: Resident_01
eager,3.00,0,-1.447,0.000,0.000,느긋함: 양보 Resident_02
eager,3.00,1,0.680,0.244,0.454,우회: Resident_01
eager,3.25,0,-1.447,0.000,0.000,느긋함: 양보 Resident_02
eager,3.25,1,0.560,0.244,0.328,우회: Resident_01
eager,3.50,0,-1.447,0.000,0.000,느긋함: 양보 Resident_02
eager,3.50,1,0.458,0.248,0.358,우회: Resident_01
eager,3.75,0,-1.447,0.000,0.000,느긋함: 양보 Resident_02
eager,3.75,1,0.375,0.246,0.232,우회: Resident_01
eager,4.00,0,-1.447,0.000,0.000,느긋함: 양보 Resident_02
eager,4.00,1,0.287,0.248,0.300,우회: Resident_01
eager,4.25,0,-1.447,0.000,0.000,경로 이동
eager,4.25,1,0.224,0.249,0.368,우회: Resident_01
eager,4.50,0,-1.447,0.000,0.000,경로 이동
eager,4.50,1,0.163,0.248,0.243,우회: Resident_01
eager,4.75,0,-1.447,0.000,0.000,경로 이동
eager,4.75,1,0.116,0.250,0.080,우회: Resident_01
eager,5.00,0,-1.459,0.010,0.189,경로 이동
eager,5.00,1,0.066,0.250,0.321,우회: Resident_01
eager,5.25,0,-1.552,0.030,0.535,경로 이동
eager,5.25,1,-0.045,0.246,0.695,우회: Resident_01
eager,5.50,0,-1.741,-0.041,0.996,경로 이동
eager,5.50,1,-0.247,0.244,1.046,우회: Resident_01
eager,5.75,0,-1.941,-0.259,1.297,경로 이동
eager,5.75,1,-0.573,0.238,1.261,경로 이동
eager,6.00,0,-2.052,-0.581,1.380,경로 이동
eager,6.00,1,-0.936,0.216,1.476,경로 이동
eager,6.25,0,-2.144,-0.875,1.025,경로 이동
eager,6.25,1,-1.304,0.190,1.476,경로 이동
eager,6.50,0,-2.199,-1.028,0.400,느긋함: 양보 Resident_02
eager,6.50,1,-1.672,0.165,1.476,경로 이동
eager,6.75,0,-2.207,-1.049,0.000,느긋함: 양보 Resident_02
eager,6.75,1,-2.027,0.153,1.303,우회: Resident_01
eager,7.00,0,-2.207,-1.049,0.000,느긋함: 양보 Resident_02
eager,7.00,1,-2.320,0.250,1.354,경로 이동
eager,7.25,0,-2.290,-1.036,0.565,경로 이동
eager,7.25,1,-2.645,0.423,1.476,경로 이동
eager,7.50,0,-2.490,-0.939,1.038,경로 이동
eager,7.50,1,-2.994,0.540,1.476,경로 이동
eager,7.75,0,-2.769,-0.793,1.380,경로 이동
eager,7.75,1,-3.352,0.614,1.461,우회: Resident_01
eager,8.00,0,-3.074,-0.633,1.380,경로 이동
eager,8.00,1,-3.707,0.666,1.476,우회: Resident_01
eager,8.25,0,-3.287,-0.489,0.810,경로 이동
eager,8.25,1,-4.059,0.769,1.473,우회: Resident_01
eager,8.50,0,-3.354,-0.378,0.359,경로 이동
eager,8.50,1,-4.416,0.732,1.391,우회: Resident_01
eager,8.75,0,-3.338,-0.291,0.406,경로 이동
eager,8.75,1,-4.694,0.564,1.273,우회: Resident_01
eager,9.00,0,-3.232,-0.197,0.725,경로 이동
eager,9.00,1,-4.851,0.300,1.197,경로 이동
eager,9.25,0,-2.983,-0.142,1.236,경로 이동
eager,9.25,1,-4.856,0.013,1.156,경로 이동
eager,9.50,0,-2.641,-0.121,1.380,경로 이동
eager,9.50,1,-4.708,-0.261,1.370,경로 이동
eager,9.75,0,-2.296,-0.102,1.380,경로 이동
eager,9.75,1,-4.444,-0.463,1.250,경로 이동
eager,10.00,0,-1.952,-0.082,1.380,경로 이동
eager,10.00,1,-4.179,-0.515,1.002,경로 이동
eager,10.25,0,-1.607,-0.063,1.380,경로 이동
eager,10.25,1,-3.970,-0.423,0.906,경로 이동
eager,10.50,0,-1.263,-0.043,1.380,경로 이동
eager,10.50,1,-3.864,-0.230,0.889,경로 이동
eager,10.75,0,-0.918,-0.027,1.380,경로 이동
eager,10.75,1,-3.892,-0.032,0.729,경로 이동
eager,11.00,0,-0.573,-0.021,1.380,경로 이동
eager,11.00,1,-3.977,0.056,0.323,경로 이동
eager,11.25,0,-0.228,-0.020,1.380,경로 이동
eager,11.25,1,-3.994,0.063,0.000,도착
eager,11.50,0,0.117,-0.018,1.380,경로 이동
eager,11.50,1,-3.994,0.063,0.000,도착
eager,11.75,0,0.462,-0.016,1.380,경로 이동
eager,11.75,1,-3.994,0.063,0.000,도착
eager,12.00,0,0.807,-0.015,1.380,경로 이동
eager,12.00,1,-3.994,0.063,0.000,도착
eager,12.25,0,1.152,-0.013,1.380,경로 이동
eager,12.25,1,-3.994,0.063,0.000,도착
eager,12.50,0,1.497,-0.012,1.380,경로 이동
eager,12.50,1,-3.994,0.063,0.000,도착
eager,12.75,0,1.842,-0.010,1.380,경로 이동
eager,12.75,1,-3.994,0.063,0.000,도착
eager,13.00,0,2.187,-0.008,1.380,경로 이동
eager,13.00,1,-3.994,0.063,0.000,도착
eager,13.25,0,2.532,-0.007,1.380,경로 이동
eager,13.25,1,-3.994,0.063,0.000,도착
eager,13.50,0,2.877,-0.005,1.380,경로 이동
eager,13.50,1,-3.994,0.063,0.000,도착
eager,13.75,0,3.222,-0.004,1.380,경로 이동
eager,13.75,1,-3.994,0.063,0.000,도착
eager,14.00,0,3.567,-0.002,1.380,경로 이동
eager,14.00,1,-3.994,0.063,0.000,도착
eager,14.25,0,3.878,-0.003,1.065,경로 이동
eager,14.25,1,-3.994,0.063,0.000,도착
eager,14.50,0,4.050,-0.014,0.440,경로 이동
eager,14.50,1,-3.994,0.063,0.000,도착
eager,14.75,0,4.079,-0.016,0.000,경로 이동
eager,14.75,1,-3.994,0.063,0.000,도착
eager,15.00,0,4.079,-0.016,0.000,경로 이동
eager,15.00,1,-3.994,0.063,0.000,도착
eager,15.25,0,4.079,-0.010,0.125,경로 이동
eager,15.25,1,-3.994,0.063,0.000,도착
