clip,time,spine_y,head_y,head_speed,head_acceleration,left_knee_y
32,0.000000,0.304529,0.446463,0.000000,0.000000,0.094419
32,0.004167,0.304550,0.446542,0.036060,0.000000,0.094536
32,0.008333,0.304559,0.446600,0.029151,1.729250,0.094627
32,0.012500,0.304559,0.446644,0.026310,0.831986,0.094702
32,0.016667,0.304553,0.446685,0.027050,0.360279,0.094776
32,0.020833,0.304545,0.446731,0.031703,1.121620,0.094858
32,0.025000,0.304537,0.446791,0.039843,1.958532,0.094963
32,0.029167,0.304533,0.446875,0.051785,2.881436,0.095101
32,0.033333,0.304536,0.446991,0.067336,3.753800,0.095285
32,0.037500,0.304546,0.447137,0.081536,3.420529,0.095513
32,0.041667,0.304559,0.447304,0.091520,2.402914,0.095773
32,0.045833,0.304578,0.447492,0.101529,2.407701,0.096063
32,0.050000,0.304602,0.447700,0.111221,2.334194,0.096383
32,0.054167,0.304631,0.447930,0.121026,2.361225,0.096731
32,0.058333,0.304668,0.448182,0.130514,2.288437,0.097105
32,0.062500,0.304711,0.448456,0.140002,2.288332,0.097506
32,0.066667,0.304761,0.448751,0.149268,2.238549,0.097931
32,0.070833,0.304819,0.449070,0.159030,2.357414,0.098384
32,0.075000,0.304886,0.449414,0.169070,2.425805,0.098870
32,0.079167,0.304962,0.449782,0.179079,2.416435,0.099387
32,0.083333,0.305047,0.450175,0.188875,2.372972,0.099932
32,0.087500,0.305142,0.450592,0.198586,2.346814,0.100506
32,0.091667,0.305246,0.451033,0.208017,2.283668,0.101106
32,0.095833,0.305359,0.451498,0.217458,2.284428,0.101729
32,0.100000,0.305482,0.451988,0.226534,2.198680,0.102375
32,0.104167,0.305614,0.452501,0.236103,2.312771,0.103047
32,0.108333,0.305757,0.453041,0.245887,2.368532,0.103748
32,0.112500,0.305909,0.453605,0.255608,2.347025,0.104476
32,0.116667,0.306070,0.454193,0.264932,2.256789,0.105229
32,0.120833,0.306241,0.454805,0.274185,2.233709,0.106006
32,0.125000,0.306419,0.455440,0.283037,2.139648,0.106802
32,0.129167,0.306605,0.456096,0.291794,2.113815,0.107617
32,0.133333,0.306798,0.456774,0.300154,2.019848,0.108447
32,0.137500,0.306998,0.457473,0.308892,2.106192,0.109294
32,0.141667,0.307204,0.458193,0.317771,2.142981,0.110164
32,0.145833,0.307415,0.458933,0.326449,2.093516,0.111051
32,0.150000,0.307630,0.459693,0.334727,1.997066,0.111954
32,0.154167,0.307849,0.460471,0.342835,1.960866,0.112870
32,0.158333,0.308070,0.461264,0.350467,1.847693,0.113796
32,0.162500,0.308292,0.462073,0.357936,1.813714,0.114730
32,0.166667,0.308515,0.462896,0.364948,1.709284,0.115667
32,0.170833,0.308736,0.463733,0.372326,1.801563,0.116610
32,0.175000,0.308956,0.464583,0.379718,1.809025,0.117562
32,0.179167,0.309174,0.465445,0.387002,1.798558,0.118520
32,0.183333,0.309387,0.466318,0.393827,1.691269,0.119481
32,0.187500,0.309597,0.467200,0.400469,1.656671,0.120443
32,0.191667,0.309802,0.468093,0.406896,1.611615,0.121405
32,0.195833,0.310003,0.468995,0.413275,1.590063,0.122365
32,0.200000,0.310203,0.469909,0.419577,1.562520,0.123324
32,0.204167,0.310403,0.470838,0.426682,1.747598,0.124286
32,0.208333,0.310605,0.471783,0.434145,1.834102,0.125256
32,0.212500,0.310809,0.472745,0.441567,1.823988,0.126232
32,0.216667,0.311013,0.473722,0.448482,1.715910,0.127212
32,0.220833,0.311216,0.474710,0.454950,1.613425,0.128191
32,0.225000,0.311414,0.475708,0.460913,1.520618,0.129166
32,0.229167,0.311606,0.476713,0.466605,1.478275,0.130135
32,0.233333,0.311791,0.477724,0.471914,1.400080,0.131094
32,0.237500,0.311970,0.478743,0.477744,1.509908,0.132048
32,0.241667,0.312145,0.479772,0.483940,1.587154,0.132998
32,0.245833,0.312316,0.480812,0.490257,1.611424,0.133946
32,0.250000,0.312486,0.481863,0.496443,1.577860,0.134892
32,0.254167,0.312656,0.482929,0.502859,1.631255,0.135836
32,0.258333,0.312826,0.484009,0.508932,1.562946,0.136779
32,0.262500,0.312996,0.485101,0.514956,1.555020,0.137719
32,0.266667,0.313167,0.486207,0.520715,1.503229,0.138655
32,0.270833,0.313338,0.487326,0.526852,1.589366,0.139587
32,0.275000,0.313510,0.488459,0.533226,1.650269,0.140519
32,0.279167,0.313682,0.489607,0.539608,1.657937,0.141448
32,0.283333,0.313854,0.490768,0.545587,1.579095,0.142374
32,0.287500,0.314026,0.491942,0.551506,1.562029,0.143297
32,0.291667,0.314197,0.493129,0.557113,1.511425,0.144215
32,0.295833,0.314369,0.494328,0.562575,1.478368,0.145127
32,0.300000,0.314540,0.495538,0.567784,1.441130,0.146032
32,0.304167,0.314711,0.496760,0.573452,1.535921,0.146932
32,0.308333,0.314881,0.497996,0.579356,1.600556,0.147827
32,0.312500,0.315051,0.499245,0.585150,1.575725,0.148717
32,0.316667,0.315221,0.500506,0.590636,1.534057,0.149601
32,0.320833,0.315390,0.501778,0.596035,1.505662,0.150478
32,0.325000,0.315558,0.503062,0.601131,1.467327,0.151348
32,0.329167,0.315725,0.504357,0.606120,1.447488,0.152210
32,0.333333,0.315890,0.505661,0.610722,1.375285,0.153064
32,0.337500,0.316055,0.506976,0.615932,1.511108,0.153910
32,0.341667,0.316219,0.508304,0.621348,1.562077,0.154749
32,0.345833,0.316382,0.509642,0.626603,1.524583,0.155580
32,0.350000,0.316544,0.510992,0.631594,1.497219,0.156402
32,0.354167,0.316705,0.512351,0.636493,1.480205,0.157216
32,0.358333,0.316864,0.513721,0.641131,1.455592,0.158021
32,0.362500,0.317022,0.515100,0.645591,1.403800,0.158818
32,0.366667,0.317178,0.516487,0.649805,1.393688,0.159604
32,0.370833,0.317332,0.517884,0.654319,1.442741,0.160377
32,0.375000,0.317486,0.519291,0.659120,1.523208,0.161135
32,0.379167,0.317638,0.520708,0.663821,1.490441,0.161880
32,0.383333,0.317788,0.522134,0.668435,1.511215,0.162616
32,0.387500,0.317937,0.523570,0.672972,1.477615,0.163348
32,0.391667,0.318084,0.525013,0.677286,1.470072,0.164078
32,0.395833,0.318228,0.526465,0.681568,1.448251,0.164810
32,0.400000,0.318371,0.527924,0.685740,1.465655,0.165548
32,0.404167,0.318511,0.529390,0.689158,1.357444,0.166282
32,0.408333,0.318648,0.530862,0.692318,1.365615,0.167006
32,0.412500,0.318783,0.532341,0.696255,1.461640,0.167725
32,0.416667,0.318916,0.533828,0.700843,1.556222,0.168444
32,0.420833,0.319047,0.535325,0.706201,1.680725,0.169169
32,0.425000,0.319175,0.536830,0.712144,1.798096,0.169905
32,0.429167,0.319300,0.538344,0.718826,1.929798,0.170657
32,0.433333,0.319421,0.539868,0.726182,2.079765,0.171431
32,0.437500,0.319540,0.541402,0.733246,2.032593,0.172221
32,0.441667,0.319655,0.542944,0.739488,1.908634,0.173021
32,0.445833,0.319766,0.544494,0.745829,1.941818,0.173831
32,0.450000,0.319874,0.546052,0.751989,1.910174,0.174653
32,0.454167,0.319977,0.547618,0.758242,1.943889,0.175489
32,0.458333,0.320077,0.549190,0.764429,1.954837,0.176340
32,0.462500,0.320172,0.550770,0.770719,1.977548,0.177207
32,0.466667,0.320264,0.552357,0.776893,1.976801,0.178093
32,0.470833,0.320351,0.553952,0.783452,2.055991,0.179004
32,0.475000,0.320434,0.555554,0.790213,2.119807,0.179940
32,0.479167,0.320514,0.557164,0.796731,2.080426,0.180896
32,0.483333,0.320588,0.558780,0.802937,2.051936,0.181865
32,0.487500,0.320659,0.560402,0.809034,2.055890,0.182842
32,0.491667,0.320724,0.562029,0.814712,1.993527,0.183821
32,0.495833,0.320785,0.563660,0.820318,2.017080,0.184796
32,0.500000,0.320840,0.565295,0.825540,1.969141,0.185761
32,0.504167,0.320891,0.566935,0.831379,2.078093,0.186719
32,0.508333,0.320936,0.568580,0.837535,2.141559,0.187678
32,0.512500,0.320977,0.570229,0.843590,2.150820,0.188637
32,0.516667,0.321013,0.571883,0.849300,2.115687,0.189595
32,0.520833,0.321043,0.573540,0.854845,2.112287,0.190552
32,0.525000,0.321068,0.575199,0.860082,2.084459,0.191508
32,0.529167,0.321087,0.576860,0.865067,2.073937,0.192461
32,0.533333,0.321099,0.578521,0.869865,2.062113,0.193412
32,0.537500,0.321107,0.580185,0.875097,2.137084,0.194362
32,0.541667,0.321108,0.581851,0.880849,2.231429,0.195310
32,0.545833,0.321104,0.583518,0.886360,2.213140,0.196258
32,0.550000,0.321094,0.585187,0.891594,2.197341,0.197203
32,0.554167,0.321078,0.586856,0.896656,2.199641,0.198145
32,0.558333,0.321056,0.588524,0.901336,2.160788,0.199084
32,0.562500,0.321028,0.590191,0.905878,2.173030,0.200020
32,0.566667,0.320992,0.591856,0.910158,2.169833,0.200951
32,0.570833,0.320950,0.593519,0.914890,2.217286,0.201879
32,0.575000,0.320903,0.595182,0.920190,2.319679,0.202805
32,0.579167,0.320848,0.596844,0.925230,2.293314,0.203728
32,0.583333,0.320788,0.598503,0.929992,2.293052,0.204647
32,0.587500,0.320720,0.600159,0.934474,2.265156,0.205562
32,0.591667,0.320646,0.601811,0.938799,2.286460,0.206471
32,0.595833,0.320564,0.603459,0.942789,2.267272,0.207376
32,0.600000,0.320476,0.605101,0.946554,2.255111,0.208274
32,0.604167,0.320380,0.606738,0.950899,2.341421,0.209167
32,0.608333,0.320278,0.608372,0.955660,2.375885,0.210056
32,0.612500,0.320169,0.610001,0.960224,2.392884,0.210940
32,0.616667,0.320053,0.611624,0.964556,2.381475,0.211819
32,0.620833,0.319929,0.613241,0.968606,2.373744,0.212693
32,0.625000,0.319799,0.614850,0.972390,2.365293,0.213559
32,0.629167,0.319661,0.616452,0.975996,2.377827,0.214417
32,0.633333,0.319515,0.618044,0.979284,2.362780,0.215268
32,0.637500,0.319361,0.619629,0.983099,2.402416,0.216112
32,0.641667,0.319201,0.621206,0.987509,2.489587,0.216950
32,0.645833,0.319033,0.622774,0.991590,2.461054,0.217781
32,0.650000,0.318858,0.624334,0.995438,2.466965,0.218606
32,0.654167,0.318676,0.625884,0.999047,2.461392,0.219422
32,0.658333,0.318486,0.627423,1.002423,2.463168,0.220230
32,0.662500,0.318288,0.628951,1.005531,2.456028,0.221028
32,0.666667,0.318082,0.630466,1.008349,2.456303,0.221816
32,0.670833,0.317868,0.631970,1.011745,2.495803,0.222595
32,0.675000,0.317647,0.633463,1.015685,2.547547,0.223367
32,0.679167,0.317419,0.634944,1.019337,2.539649,0.224131
32,0.683333,0.317183,0.636413,1.022745,2.542595,0.224886
32,0.687500,0.316939,0.637869,1.025926,2.529639,0.225631
32,0.691667,0.316687,0.639310,1.028825,2.543540,0.226364
32,0.695833,0.316428,0.640737,1.031496,2.527744,0.227085
32,0.700000,0.316161,0.642148,1.033896,2.524347,0.227793
32,0.704167,0.315887,0.643547,1.036970,2.539563,0.228482
32,0.708333,0.315610,0.644934,1.040704,2.542133,0.229152
32,0.712500,0.315332,0.646313,1.044431,2.500213,0.229812
32,0.716667,0.315057,0.647688,1.048215,2.437060,0.230474
32,0.720833,0.314789,0.649060,1.051978,2.425779,0.231149
32,0.725000,0.314529,0.650431,1.055548,2.385073,0.231843
32,0.729167,0.314275,0.651798,1.058738,2.387556,0.232562
32,0.733333,0.314023,0.653156,1.061328,2.411011,0.233310
32,0.737500,0.313769,0.654503,1.064128,2.487254,0.234089
32,0.741667,0.313510,0.655834,1.067240,2.587188,0.234892
32,0.745833,0.313244,0.657148,1.069916,2.624525,0.235708
32,0.750000,0.312970,0.658442,1.072282,2.647242,0.236527
32,0.754167,0.312687,0.659716,1.074325,2.656752,0.237341
32,0.758333,0.312395,0.660968,1.076120,2.653174,0.238141
32,0.762500,0.312095,0.662199,1.077698,2.650908,0.238918
32,0.766667,0.311785,0.663407,1.078939,2.662796,0.239663
32,0.770833,0.311467,0.664593,1.080781,2.656806,0.240381
32,0.775000,0.311140,0.665758,1.083136,2.677401,0.241084
32,0.779167,0.310805,0.666901,1.085288,2.686164,0.241772
32,0.783333,0.310461,0.668021,1.087122,2.670808,0.242442
32,0.787500,0.310109,0.669118,1.088679,2.676610,0.243094
32,0.791667,0.309748,0.670192,1.090007,2.665213,0.243728
32,0.795833,0.309379,0.671241,1.091062,2.682235,0.244343
32,0.800000,0.309001,0.672265,1.091840,2.667697,0.244938
32,0.804167,0.308614,0.673264,1.093167,2.674738,0.245514
32,0.808333,0.308219,0.674241,1.095060,2.670420,0.246074
32,0.812500,0.307817,0.675193,1.096672,2.671561,0.246616
32,0.816667,0.307406,0.676120,1.098025,2.676868,0.247140
32,0.820833,0.306987,0.677022,1.099111,2.664603,0.247645
32,0.825000,0.306559,0.677898,1.099901,2.667112,0.248131
32,0.829167,0.306124,0.678748,1.100443,2.669654,0.248597
32,0.833333,0.305680,0.679572,1.100707,2.670678,0.249042
32,0.837500,0.305229,0.680369,1.101493,2.645482,0.249467
32,0.841667,0.304769,0.681141,1.102884,2.650830,0.249875
32,0.845833,0.304303,0.681887,1.103964,2.639303,0.250265
32,0.850000,0.303828,0.682607,1.104780,2.638960,0.250635
32,0.854167,0.303346,0.683301,1.105313,2.642881,0.250987
32,0.858333,0.302857,0.683967,1.105567,2.637990,0.251319
32,0.862500,0.302360,0.684606,1.105566,2.640016,0.251631
32,0.866667,0.301855,0.685217,1.105255,2.641589,0.251922
32,0.870833,0.301344,0.685802,1.105501,2.602613,0.252193
32,0.875000,0.300825,0.686360,1.106282,2.596224,0.252447
32,0.879167,0.300299,0.686890,1.106813,2.606769,0.252682
32,0.883333,0.299767,0.687395,1.107047,2.579926,0.252898
32,0.887500,0.299228,0.687871,1.106964,2.597767,0.253095
32,0.891667,0.298682,0.688320,1.106669,2.586870,0.253273
32,0.895833,0.298130,0.688742,1.106028,2.593483,0.253431
32,0.900000,0.297570,0.689135,1.105157,2.589673,0.253570
32,0.904167,0.297005,0.689501,1.104782,2.560063,0.253689
32,0.908333,0.296433,0.689840,1.104938,2.519035,0.253791
32,0.912500,0.295856,0.690153,1.104804,2.527702,0.253875
32,0.916667,0.295272,0.690438,1.104455,2.519987,0.253941
32,0.920833,0.294683,0.690696,1.103715,2.526417,0.253988
32,0.925000,0.294089,0.690927,1.102732,2.510439,0.254018
32,0.929167,0.293488,0.691130,1.101470,2.535708,0.254029
32,0.933333,0.292882,0.691306,1.099872,2.523937,0.254022
32,0.937500,0.292271,0.691455,1.098824,2.472577,0.253997
32,0.941667,0.291655,0.691578,1.098299,2.439098,0.253955
32,0.945833,0.291034,0.691675,1.097485,2.429226,0.253897
32,0.950000,0.290409,0.691745,1.096368,2.445329,0.253822
32,0.954167,0.289779,0.691790,1.094966,2.431363,0.253730
32,0.958333,0.289144,0.691808,1.093258,2.435768,0.253621
32,0.962500,0.288505,0.691800,1.091235,2.449088,0.253497
32,0.966667,0.287862,0.691766,1.088956,2.442712,0.253356
32,0.970833,0.287215,0.691707,1.087150,2.396683,0.253199
32,0.975000,0.286565,0.691622,1.085856,2.330603,0.253026
32,0.979167,0.285911,0.691514,1.084282,2.334885,0.252839
32,0.983333,0.285253,0.691380,1.082410,2.336030,0.252637
32,0.987500,0.284593,0.691223,1.080219,2.345762,0.252420
32,0.991667,0.283929,0.691041,1.077708,2.362313,0.252188
32,0.995833,0.283263,0.690835,1.074913,2.359769,0.251943
32,1.000000,0.282594,0.690605,1.071831,2.371826,0.251683
32,1.004167,0.281922,0.690352,1.069190,2.303650,0.251408
32,1.008333,0.281248,0.690077,1.067067,2.226090,0.251116
32,1.012500,0.280572,0.689779,1.064687,2.239815,0.250809
32,1.016667,0.279895,0.689459,1.061930,2.254577,0.250490
32,1.020833,0.279215,0.689118,1.058950,2.255683,0.250162
32,1.025000,0.278534,0.688755,1.055567,2.281064,0.249826
32,1.029167,0.277852,0.688370,1.051946,2.287112,0.249486
32,1.033333,0.277168,0.687965,1.047925,2.313967,0.249144
32,1.037500,0.276484,0.687540,1.044489,2.216816,0.248799
32,1.041667,0.275799,0.687095,1.041453,2.143355,0.248447
32,1.045833,0.275114,0.686630,1.038172,2.155173,0.248091
32,1.050000,0.274428,0.686147,1.034541,2.176025,0.247730
32,1.054167,0.273742,0.685646,1.030640,2.185551,0.247365
32,1.058333,0.273056,0.685126,1.026370,2.222126,0.246998
32,1.062500,0.272371,0.684588,1.021840,2.237940,0.246628
32,1.066667,0.271685,0.684034,1.016969,2.262980,0.246257
32,1.070833,0.271001,0.683463,1.012500,2.175933,0.245888
32,1.075000,0.270317,0.682875,1.008646,2.066593,0.245523
32,1.079167,0.269634,0.682272,1.004368,2.109070,0.245158
32,1.083333,0.268953,0.681654,0.999843,2.119995,0.244790
32,1.087500,0.268273,0.681021,0.994948,2.157540,0.244419
32,1.091667,0.267595,0.680374,0.989803,2.184370,0.244040
32,1.095833,0.266919,0.679713,0.984254,2.226547,0.243651
32,1.100000,0.266244,0.679040,0.978458,2.245356,0.243250
32,1.104167,0.265572,0.678354,0.973062,2.154816,0.242838
32,1.108333,0.264902,0.677656,0.968189,2.045814,0.242418
32,1.112500,0.264235,0.676946,0.962959,2.087745,0.241991
32,1.116667,0.263571,0.676225,0.957477,2.109782,0.241558
32,1.120833,0.262910,0.675494,0.951621,2.162571,0.241118
32,1.125000,0.262252,0.674753,0.945482,2.194267,0.240673
32,1.129167,0.261597,0.674003,0.939020,2.236073,0.240222
32,1.133333,0.260946,0.673245,0.932205,2.286091,0.239767
32,1.137500,0.260298,0.672478,0.925880,2.174165,0.239307
32,1.141667,0.259654,0.671704,0.920005,2.062469,0.238841
32,1.145833,0.259015,0.670923,0.913840,2.107728,0.238371
32,1.150000,0.258380,0.670135,0.907340,2.154492,0.237896
32,1.154167,0.257749,0.669341,0.900511,2.205787,0.237418
32,1.158333,0.257122,0.668543,0.893386,2.247929,0.236937
32,1.162500,0.256500,0.667739,0.885980,2.296016,0.236453
32,1.166667,0.255884,0.666932,0.878165,2.361751,0.235967
32,1.170833,0.255272,0.666127,0.868346,2.970756,0.235478
32,1.175000,0.254665,0.665327,0.857870,3.192030,0.234986
32,1.179167,0.254064,0.664528,0.849324,2.588544,0.234492
32,1.183333,0.253468,0.663725,0.842546,2.031483,0.233995
32,1.187500,0.252878,0.662915,0.837658,1.514506,0.233498
32,1.191667,0.252293,0.662094,0.834595,1.164720,0.232999
32,1.195833,0.251715,0.661256,0.833353,1.090848,0.232500
32,1.200000,0.251142,0.660397,0.834060,1.384464,0.232001
32,1.204167,0.250576,0.659545,0.823563,3.053874,0.231504
32,1.208333,0.250015,0.658717,0.806636,5.147280,0.231007
32,1.212500,0.249461,0.657891,0.798301,2.388957,0.230511
32,1.216667,0.248914,0.657047,0.798553,1.259148,0.230015
32,1.220833,0.248373,0.656163,0.807502,3.768006,0.229517
32,1.225000,0.247839,0.655215,0.825673,6.606366,0.229018
32,1.229167,0.247312,0.654182,0.853559,9.470983,0.228517
32,1.233333,0.246792,0.653038,0.891933,12.342350,0.228013
32,1.237500,0.246281,0.651749,0.947116,16.678060,0.227505
32,1.241667,0.245782,0.650322,1.001188,15.736700,0.226998
32,1.245833,0.245299,0.648796,1.037787,10.613300,0.226497
32,1.250000,0.244840,0.647214,1.056016,5.499378,0.226011
32,1.254167,0.244409,0.645620,1.055262,0.964963,0.225547
32,1.258333,0.244010,0.644059,1.035724,4.961585,0.225111
32,1.262500,0.243640,0.642570,0.998030,9.871809,0.224703
32,1.266667,0.243296,0.641195,0.942821,14.748090,0.224319
32,1.270833,0.242970,0.639893,0.904325,10.189860,0.223951
32,1.275000,0.242657,0.638604,0.889940,3.616718,0.223590
32,1.279167,0.242354,0.637340,0.870286,5.053953,0.223235
32,1.283333,0.242061,0.636116,0.845094,6.612809,0.222885
32,1.287500,0.241775,0.634946,0.814602,8.174353,0.222543
32,1.291667,0.241497,0.633849,0.778862,9.794409,0.222209
32,1.295833,0.241228,0.632840,0.738341,11.398580,0.221886
32,1.300000,0.240967,0.631938,0.693447,13.039750,0.221575
32,1.304167,0.240714,0.631165,0.642521,15.451670,0.221277
32,1.308333,0.240470,0.630521,0.595371,14.934350,0.220993
32,1.312500,0.240234,0.629980,0.558385,12.155300,0.220719
32,1.316667,0.240006,0.629518,0.530363,9.390896,0.220455
32,1.320833,0.239787,0.629112,0.510193,6.636071,0.220197
32,1.325000,0.239577,0.628734,0.496957,3.957419,0.219946
32,1.329167,0.239376,0.628361,0.490145,1.638542,0.219698
32,1.333333,0.239183,0.627966,0.489834,2.311363,0.219452
32,1.337500,0.238999,0.627563,0.485178,1.589407,0.219208
32,1.341667,0.238824,0.627183,0.472362,3.446386,0.218968
32,1.345833,0.238657,0.626825,0.460575,3.235360,0.218733
32,1.350000,0.238500,0.626490,0.449866,3.018648,0.218503
32,1.354167,0.238350,0.626175,0.440241,2.787052,0.218278
32,1.358333,0.238207,0.625880,0.431785,2.537877,0.218056
32,1.362500,0.238070,0.625602,0.424339,2.338139,0.217839
32,1.366667,0.237939,0.625341,0.417972,2.135387,0.217627
32,1.370833,0.237814,0.625092,0.412233,1.647811,0.217418
32,1.375000,0.237696,0.624852,0.405855,1.679840,0.217213
32,1.379167,0.237583,0.624627,0.398614,2.131186,0.217011
32,1.383333,0.237477,0.624423,0.390592,2.627820,0.216812
32,1.387500,0.237376,0.624245,0.381932,3.150173,0.216617
32,1.391667,0.237280,0.624100,0.372810,3.690365,0.216426
32,1.395833,0.237190,0.623992,0.363498,4.221766,0.216240
32,1.400000,0.237105,0.623928,0.354272,4.783240,0.216058
32,1.404167,0.237026,0.623889,0.347604,2.989512,0.215879
32,1.408333,0.236952,0.623863,0.342256,1.788269,0.215704
32,1.412500,0.236882,0.623862,0.335888,2.976039,0.215532
32,1.416667,0.236817,0.623899,0.328957,4.296230,0.215363
32,1.420833,0.236757,0.623988,0.322383,5.568313,0.215199
32,1.425000,0.236702,0.624141,0.317344,6.915591,0.215038
32,1.429167,0.236651,0.624370,0.315434,8.226501,0.214881
32,1.433333,0.236604,0.624690,0.318475,9.564392,0.214728
32,1.437500,0.236561,0.625107,0.327619,10.561330,0.214579
32,1.441667,0.236522,0.625615,0.340399,9.738828,0.214433
32,1.445833,0.236487,0.626198,0.354105,8.294119,0.214290
32,1.450000,0.236456,0.626841,0.366924,6.841527,0.214150
32,1.454167,0.236428,0.627532,0.377624,5.416489,0.214014
32,1.458333,0.236404,0.628254,0.385356,3.983639,0.213881
32,1.462500,0.236383,0.628995,0.389503,2.580640,0.213753
32,1.466667,0.236365,0.629740,0.389757,1.293251,0.213628
32,1.470833,0.236350,0.630521,0.399999,4.430219,0.213506
32,1.475000,0.236337,0.631363,0.419476,7.210850,0.213387
32,1.479167,0.236328,0.632244,0.432708,4.972641,0.213271
32,1.483333,0.236321,0.633143,0.438999,2.781701,0.213158
32,1.487500,0.236316,0.634038,0.437873,1.007159,0.213047
32,1.491667,0.236313,0.634909,0.429308,2.131237,0.212941
32,1.495833,0.236313,0.635736,0.413305,4.294325,0.212837
32,1.500000,0.236315,0.636499,0.390284,6.526522,0.212737
32,1.504167,0.236318,0.637209,0.371223,5.432478,0.212641
32,1.508333,0.236323,0.637890,0.360482,2.866358,0.212546
32,1.512500,0.236330,0.638541,0.349902,2.847026,0.212454
32,1.516667,0.236339,0.639165,0.339460,2.833678,0.212365
32,1.520833,0.236348,0.639760,0.329199,2.814081,0.212279
32,1.525000,0.236359,0.640327,0.319033,2.815712,0.212196
32,1.529167,0.236371,0.640867,0.309123,2.777478,0.212115
32,1.533333,0.236384,0.641380,0.299341,2.776355,0.212038
32,1.537500,0.236398,0.641852,0.285329,4.383501,0.211963
32,1.541667,0.236413,0.642277,0.270023,5.103624,0.211890
32,1.545833,0.236428,0.642667,0.258811,3.713075,0.211820
32,1.550000,0.236444,0.643035,0.251076,2.373807,0.211752
32,1.554167,0.236460,0.643392,0.246583,1.125592,0.211687
32,1.558333,0.236477,0.643752,0.245153,0.947427,0.211624
32,1.562500,0.236493,0.644125,0.247079,2.105264,0.211564
32,1.566667,0.236510,0.644523,0.252800,3.449798,0.211507
32,1.570833,0.236528,0.644941,0.257054,2.713135,0.211451
32,1.575000,0.236545,0.645363,0.257088,1.225697,0.211398
32,1.579167,0.236562,0.645790,0.257407,1.255033,0.211347
32,1.583333,0.236578,0.646222,0.258017,1.284413,0.211298
32,1.587500,0.236595,0.646659,0.258912,1.311490,0.211252
32,1.591667,0.236611,0.647102,0.260137,1.348083,0.211207
32,1.595833,0.236627,0.647552,0.261661,1.382671,0.211165
32,1.600000,0.236642,0.648007,0.263456,1.403023,0.211124
32,1.604167,0.236656,0.648470,0.265453,1.462638,0.211086
32,1.608333,0.236670,0.648938,0.267258,1.417919,0.211050
32,1.612500,0.236683,0.649412,0.269151,1.389645,0.211016
32,1.616667,0.236696,0.649891,0.271020,1.330528,0.210983
32,1.620833,0.236707,0.650375,0.272847,1.285683,0.210953
32,1.625000,0.236718,0.650862,0.274680,1.240875,0.210924
32,1.629167,0.236728,0.651354,0.276494,1.198892,0.210897
32,1.633333,0.236736,0.651849,0.278202,1.141926,0.210872
32,1.637500,0.236744,0.652347,0.280227,1.227303,0.210849
32,1.641667,0.236751,0.652850,0.282511,1.301103,0.210827
32,1.645833,0.236756,0.653356,0.284728,1.248342,0.210807
32,1.650000,0.236760,0.653865,0.286871,1.201466,0.210789
32,1.654167,0.236763,0.654378,0.289038,1.167930,0.210773
32,1.658333,0.236765,0.654892,0.291064,1.112856,0.210758
32,1.662500,0.236765,0.655409,0.293060,1.071252,0.210744
32,1.666667,0.236764,0.655927,0.294940,1.026636,0.210732
32,1.670833,0.236762,0.656448,0.297111,1.101544,0.210722
32,1.675000,0.236759,0.656970,0.299550,1.174081,0.210713
32,1.679167,0.236754,0.657495,0.301887,1.125306,0.210705
32,1.683333,0.236747,0.658021,0.304181,1.090605,0.210699
32,1.687500,0.236739,0.658548,0.306324,1.036252,0.210695
32,1.691667,0.236730,0.659076,0.308419,0.998922,0.210692
32,1.695833,0.236719,0.659604,0.310361,0.950166,0.210690
32,1.700000,0.236706,0.660133,0.312226,0.911407,0.210689
32,1.704167,0.236692,0.660661,0.314366,0.986934,0.210689
32,1.708333,0.236677,0.661191,0.316791,1.053095,0.210691
32,1.712500,0.236660,0.661721,0.319071,1.008823,0.210695
32,1.716667,0.236641,0.662251,0.321279,0.972068,0.210699
32,1.720833,0.236621,0.662780,0.323339,0.922397,0.210705
32,1.725000,0.236599,0.663309,0.325298,0.884681,0.210711
32,1.729167,0.236576,0.663837,0.327118,0.839675,0.210719
32,1.733333,0.236551,0.664363,0.328799,0.804496,0.210728
32,1.737500,0.236524,0.664888,0.330809,0.871845,0.210738
32,1.741667,0.236496,0.665413,0.333051,0.938428,0.210749
32,1.745833,0.236467,0.665936,0.335202,0.896281,0.210761
32,1.750000,0.236435,0.666459,0.337192,0.856332,0.210774
32,1.754167,0.236403,0.666979,0.339094,0.820244,0.210788
32,1.758333,0.236368,0.667497,0.340768,0.770829,0.210803
32,1.762500,0.236332,0.668014,0.342414,0.738349,0.210819
32,1.766667,0.236295,0.668527,0.343853,0.705294,0.210836
32,1.770833,0.236256,0.669038,0.345575,0.759321,0.210853
32,1.775000,0.236215,0.669547,0.347620,0.826831,0.210872
32,1.779167,0.236173,0.670054,0.349511,0.796513,0.210891
32,1.783333,0.236130,0.670558,0.351260,0.745631,0.210912
32,1.787500,0.236085,0.671060,0.352845,0.709263,0.210933
32,1.791667,0.236038,0.671558,0.354320,0.679772,0.210955
32,1.795833,0.235991,0.672053,0.355607,0.640104,0.210978
32,1.800000,0.235941,0.672545,0.356739,0.600348,0.211001
32,1.804167,0.235891,0.673032,0.358176,0.660085,0.211025
32,1.808333,0.235839,0.673517,0.359910,0.722725,0.211050
32,1.812500,0.235785,0.673999,0.361515,0.689411,0.211076
32,1.816667,0.235731,0.674477,0.362922,0.645811,0.211103
32,1.820833,0.235674,0.674951,0.364179,0.616250,0.211130
32,1.825000,0.235617,0.675422,0.365311,0.579266,0.211160
32,1.829167,0.235559,0.675888,0.366257,0.544012,0.211190
32,1.833333,0.235499,0.676349,0.367073,0.525958,0.211223
32,1.837500,0.235438,0.676806,0.368140,0.561648,0.211258
32,1.841667,0.235376,0.677259,0.369544,0.623412,0.211293
32,1.845833,0.235312,0.677708,0.370786,0.590722,0.211330
32,1.850000,0.235248,0.678153,0.371830,0.557872,0.211369
32,1.854167,0.235182,0.678593,0.372761,0.517240,0.211409
32,1.858333,0.235116,0.679029,0.373477,0.496990,0.211452
32,1.862500,0.235048,0.679459,0.374058,0.468053,0.211497
32,1.866667,0.234980,0.679885,0.374513,0.445060,0.211545
32,1.870833,0.234910,0.680305,0.375186,0.486829,0.211595
32,1.875000,0.234840,0.680721,0.376204,0.524715,0.211648
32,1.879167,0.234768,0.681132,0.377074,0.497770,0.211703
32,1.883333,0.234696,0.681538,0.377708,0.473984,0.211761
32,1.887500,0.234623,0.681940,0.378239,0.446677,0.211821
32,1.891667,0.234549,0.682335,0.378583,0.420737,0.211883
32,1.895833,0.234475,0.682726,0.378769,0.413907,0.211948
32,1.900000,0.234399,0.683110,0.378758,0.392787,0.212017
32,1.904167,0.234323,0.683490,0.379083,0.415353,0.212088
32,1.908333,0.234246,0.683864,0.379678,0.442017,0.212162
32,1.912500,0.234169,0.684233,0.380109,0.421174,0.212239
32,1.916667,0.234091,0.684597,0.380376,0.403364,0.212319
32,1.920833,0.234013,0.684956,0.380470,0.385678,0.212401
32,1.925000,0.233934,0.685309,0.380400,0.377464,0.212486
32,1.929167,0.233855,0.685656,0.380147,0.379135,0.212573
32,1.933333,0.233775,0.685997,0.379726,0.370052,0.212663
32,1.937500,0.233695,0.686333,0.379632,0.362663,0.212755
32,1.941667,0.233614,0.686664,0.379780,0.379630,0.212851
32,1.945833,0.233533,0.686989,0.379807,0.357779,0.212949
32,1.950000,0.233452,0.687309,0.379634,0.372242,0.213050
32,1.954167,0.233371,0.687623,0.379307,0.345948,0.213153
32,1.958333,0.233290,0.687932,0.378783,0.356226,0.213258
32,1.962500,0.233208,0.688235,0.378101,0.374833,0.213365
32,1.966667,0.233127,0.688532,0.377265,0.376266,0.213473
32,1.970833,0.233046,0.688823,0.376690,0.355073,0.213582
32,1.975000,0.232964,0.689110,0.376440,0.335865,0.213695
32,1.979167,0.232883,0.689391,0.375980,0.342020,0.213809
32,1.983333,0.232802,0.689667,0.375389,0.343298,0.213926
32,1.987500,0.232721,0.689937,0.374610,0.352522,0.214044
32,1.991667,0.232640,0.690202,0.373641,0.384621,0.214162
32,1.995833,0.232560,0.690461,0.372504,0.395050,0.214281
32,2.000000,0.232480,0.690715,0.371215,0.419781,0.214399
32,2.004167,0.232400,0.690963,0.370184,0.382089,0.214518
32,2.008333,0.232321,0.691207,0.369490,0.319164,0.214639
32,2.012500,0.232242,0.691446,0.368560,0.360869,0.214761
32,2.016667,0.232164,0.691679,0.367497,0.372845,0.214884
32,2.020833,0.232086,0.691907,0.366270,0.396421,0.215006
32,2.025000,0.232009,0.692131,0.364882,0.418799,0.215128
32,2.029167,0.231933,0.692349,0.363252,0.465844,0.215249
32,2.033333,0.231858,0.692562,0.361494,0.484107,0.215367
32,2.037500,0.231783,0.692770,0.360005,0.433900,0.215485
32,2.041667,0.231709,0.692973,0.358875,0.355786,0.215604
32,2.045833,0.231636,0.693172,0.357480,0.414105,0.215722
32,2.050000,0.231565,0.693367,0.355972,0.424099,0.215839
32,2.054167,0.231494,0.693557,0.354236,0.473588,0.215956
32,2.058333,0.231424,0.693742,0.352414,0.482503,0.216070
32,2.062500,0.231355,0.693923,0.350300,0.552124,0.216181
32,2.066667,0.231287,0.694099,0.348072,0.570031,0.216290
32,2.070833,0.231221,0.694270,0.345278,0.702776,0.216397
32,2.075000,0.231155,0.694436,0.342379,0.721299,0.216502
32,2.079167,0.231091,0.694598,0.340060,0.586565,0.216607
32,2.083333,0.231029,0.694756,0.338300,0.464624,0.216709
32,2.087500,0.230967,0.694911,0.337121,0.324643,0.216808
32,2.091667,0.230907,0.695063,0.336501,0.226248,0.216905
32,2.095833,0.230849,0.695213,0.336453,0.152739,0.216997
32,2.100000,0.230792,0.695360,0.336963,0.202785,0.217085
32,2.104167,0.230736,0.695505,0.335484,0.382501,0.217171
32,2.108333,0.230682,0.695645,0.332585,0.712489,0.217254
32,2.112500,0.230630,0.695783,0.331202,0.349080,0.217336
32,2.116667,0.230581,0.695920,0.331292,0.094533,0.217414
32,2.120833,0.230534,0.696056,0.332877,0.384905,0.217489
32,2.125000,0.230489,0.696193,0.335888,0.724932,0.217560
32,2.129167,0.230448,0.696331,0.340430,1.091713,0.217625
32,2.133333,0.230410,0.696472,0.346454,1.447850,0.217685
32,2.137500,0.230374,0.696615,0.353479,1.688786,0.217739
32,2.141667,0.230343,0.696760,0.359586,1.467770,0.217790
32,2.145833,0.230314,0.696906,0.364135,1.093431,0.217836
32,2.150000,0.230289,0.697053,0.367176,0.731953,0.217878
32,2.154167,0.230267,0.697198,0.368603,0.351182,0.217916
32,2.158333,0.230247,0.697342,0.368517,0.106232,0.217949
32,2.162500,0.230230,0.697484,0.366900,0.411711,0.217977
32,2.166667,0.230216,0.697621,0.363729,0.777431,0.217998
32,2.170833,0.230204,0.697757,0.364293,0.188961,0.218014
32,2.175000,0.230193,0.697892,0.367934,0.889206,0.218021
32,2.179167,0.230185,0.698025,0.369018,0.305285,0.218023
32,2.183333,0.230178,0.698154,0.367513,0.389302,0.218019
32,2.187500,0.230174,0.698280,0.363427,0.992691,0.218010
32,2.191667,0.230171,0.698400,0.356751,1.610962,0.217998
32,2.195833,0.230170,0.698516,0.347549,2.214543,0.217982
32,2.200000,0.230171,0.698625,0.335712,2.847168,0.217965
32,2.204167,0.230173,0.698729,0.327102,2.070133,0.217944
32,2.208333,0.230177,0.698831,0.322286,1.162253,0.217915
32,2.212500,0.230182,0.698928,0.315852,1.548341,0.217882
32,2.216667,0.230189,0.699021,0.307759,1.945198,0.217846
32,2.220833,0.230197,0.699110,0.298081,2.324734,0.217807
32,2.225000,0.230205,0.699193,0.286786,2.713135,0.217768
32,2.229167,0.230214,0.699271,0.273881,3.098996,0.217730
32,2.233333,0.230224,0.699344,0.259316,3.498083,0.217693
32,2.237500,0.230233,0.699411,0.245602,3.292818,0.217656
32,2.241667,0.230242,0.699473,0.233767,2.842311,0.217615
32,2.245833,0.230251,0.699530,0.221963,2.835151,0.217572
32,2.250000,0.230258,0.699583,0.210100,2.849764,0.217528
32,2.254167,0.230265,0.699630,0.198272,2.841045,0.217483
32,2.258333,0.230270,0.699672,0.186433,2.844252,0.217440
32,2.262500,0.230273,0.699709,0.174565,2.852228,0.217399
32,2.266667,0.230274,0.699742,0.162707,2.849844,0.217361
32,2.270833,0.230274,0.699768,0.149400,3.198133,0.217326
32,2.275000,0.230271,0.699790,0.135434,3.356695,0.217291
32,2.279167,0.230265,0.699806,0.122748,3.050298,0.217256
32,2.283333,0.230258,0.699817,0.111384,2.735686,0.217222
32,2.287500,0.230247,0.699824,0.101274,2.435649,0.217189
32,2.291667,0.230234,0.699826,0.092476,2.123084,0.217158
32,2.295833,0.230219,0.699824,0.084963,1.820099,0.217129
32,2.300000,0.230201,0.699819,0.078735,1.510560,0.217103
32,2.304167,0.230181,0.699810,0.069953,2.126882,0.217081
32,2.308333,0.230158,0.699796,0.058882,2.680568,0.217062
32,2.312500,0.230133,0.699779,0.049513,2.277462,0.217046
32,2.316667,0.230107,0.699758,0.041831,1.884270,0.217032
32,2.320833,0.230078,0.699735,0.035846,1.480207,0.217020
32,2.325000,0.230047,0.699709,0.031549,1.083346,0.217009
32,2.329167,0.230015,0.699682,0.028867,0.691088,0.216998
32,2.333333,0.229982,0.699652,0.027842,0.295128,0.216988
32,2.337500,0.229948,0.699621,0.024782,0.796246,0.216979
32,2.341667,0.229912,0.699588,0.019498,1.398633,0.216974
32,2.345833,0.229876,0.699554,0.015515,1.126083,0.216970
32,2.350000,0.229839,0.699519,0.012854,0.851463,0.216968
32,2.354167,0.229802,0.699482,0.011312,0.578945,0.216967
32,2.358333,0.229689,0.699371,0.027858,5.633249,0.216893
32,2.362500,0.229665,0.699347,0.010027,6.368224,0.216905
32,2.366667,0.229639,0.699322,0.010839,0.198978,0.216916
32,2.370833,0.229612,0.699296,0.010832,0.089011,0.216925
32,2.375000,0.229584,0.699269,0.009728,0.412746,0.216934
32,2.379167,0.229554,0.699240,0.009035,0.348096,0.216942
32,2.383333,0.229523,0.699209,0.008706,0.260564,0.216949
32,2.387500,0.229491,0.699177,0.008606,0.193849,0.216955
32,2.391667,0.229457,0.699144,0.008735,0.129237,0.216959
32,2.395833,0.229422,0.699110,0.008977,0.074993,0.216962
32,2.400000,0.229385,0.699074,0.009362,0.095486,0.216963
33,0.000000,0.304529,0.446463,0.000000,0.000000,0.094419
33,0.004167,0.304544,0.446528,0.031957,0.000000,0.094521
33,0.008333,0.304551,0.446575,0.025865,1.501813,0.094602
33,0.012500,0.304552,0.446613,0.023506,0.641926,0.094672
33,0.016667,0.304550,0.446651,0.024588,0.308682,0.094742
33,0.020833,0.304549,0.446695,0.029294,1.129666,0.094823
33,0.025000,0.304550,0.446755,0.037421,1.958754,0.094927
33,0.029167,0.304558,0.446839,0.049210,2.841054,0.095064
33,0.033333,0.304573,0.446955,0.064419,3.665378,0.095246
33,0.037500,0.304598,0.447100,0.078113,3.297740,0.095471
33,0.041667,0.304630,0.447266,0.087625,2.294733,0.095728
33,0.045833,0.304670,0.447455,0.097574,2.400433,0.096017
33,0.050000,0.304720,0.447668,0.107561,2.415288,0.096338
33,0.054167,0.304781,0.447907,0.118006,2.526249,0.096690
33,0.058333,0.304854,0.448172,0.128497,2.539017,0.097074
33,0.062500,0.304939,0.448465,0.139393,2.638580,0.097488
33,0.066667,0.305038,0.448788,0.150397,2.669251,0.097933
33,0.070833,0.305152,0.449140,0.161433,2.675201,0.098411
33,0.075000,0.305280,0.449521,0.172297,2.641381,0.098927
33,0.079167,0.305425,0.449934,0.183577,2.738167,0.099479
33,0.083333,0.305586,0.450379,0.194862,2.741041,0.100066
33,0.087500,0.305765,0.450856,0.206462,2.815425,0.100688
33,0.091667,0.305961,0.451367,0.218191,2.850202,0.101344
33,0.095833,0.306175,0.451912,0.230161,2.900486,0.102032
33,0.100000,0.306407,0.452491,0.242198,2.921090,0.102751
33,0.104167,0.306658,0.453104,0.254178,2.901475,0.103505
33,0.108333,0.306926,0.453751,0.265875,2.836228,0.104295
33,0.112500,0.307213,0.454433,0.277785,2.881466,0.105120
33,0.116667,0.307517,0.455147,0.289606,2.859398,0.105979
33,0.120833,0.307838,0.455896,0.301671,2.912657,0.106868
33,0.125000,0.308176,0.456678,0.313611,2.882771,0.107786
33,0.129167,0.308530,0.457493,0.325690,2.909101,0.108730
33,0.133333,0.308899,0.458340,0.337579,2.864623,0.109697
33,0.137500,0.309282,0.459218,0.349390,2.843592,0.110690
33,0.141667,0.309677,0.460125,0.360646,2.709217,0.111710
33,0.145833,0.310084,0.461061,0.371888,2.705795,0.112755
33,0.150000,0.310500,0.462024,0.383006,2.679884,0.113820
33,0.154167,0.310925,0.463013,0.394162,2.692346,0.114903
33,0.158333,0.311357,0.464027,0.405027,2.627413,0.116001
33,0.162500,0.311794,0.465064,0.415925,2.646084,0.117109
33,0.166667,0.312234,0.466122,0.426542,2.586339,0.118224
33,0.170833,0.312676,0.467201,0.436852,2.525659,0.119347
33,0.175000,0.313117,0.468297,0.446627,2.412257,0.120479
33,0.179167,0.313556,0.469409,0.456343,2.426790,0.121616
33,0.183333,0.313990,0.470536,0.465820,2.381800,0.122756
33,0.187500,0.314419,0.471675,0.475341,2.424344,0.123894
33,0.191667,0.314840,0.472826,0.484663,2.383190,0.125029
33,0.195833,0.315253,0.473989,0.494052,2.426202,0.126156
33,0.200000,0.315658,0.475162,0.503534,2.431210,0.127276
33,0.204167,0.316057,0.476350,0.513286,2.467124,0.128392
33,0.208333,0.316453,0.477555,0.523281,2.477905,0.129511
33,0.212500,0.316853,0.478782,0.534221,2.680149,0.130636
33,0.216667,0.317260,0.480037,0.545536,2.765354,0.131770
33,0.220833,0.317674,0.481318,0.557275,2.873105,0.132913
33,0.225000,0.318092,0.482626,0.568679,2.799128,0.134060
33,0.229167,0.318512,0.483954,0.579697,2.724158,0.135207
33,0.233333,0.318928,0.485301,0.590300,2.659964,0.136349
33,0.237500,0.319339,0.486663,0.600453,2.575671,0.137483
33,0.241667,0.319744,0.488040,0.610352,2.526688,0.138613
33,0.245833,0.320145,0.489434,0.620712,2.622405,0.139739
33,0.250000,0.320545,0.490848,0.631543,2.718161,0.140863
33,0.254167,0.320947,0.492286,0.642923,2.836063,0.141987
33,0.258333,0.321352,0.493749,0.654408,2.870220,0.143111
33,0.262500,0.321760,0.495237,0.666158,2.936345,0.144234
33,0.266667,0.322171,0.496750,0.677892,2.954712,0.145356
33,0.270833,0.322584,0.498288,0.689503,2.922605,0.146476
33,0.275000,0.322999,0.499850,0.700854,2.876806,0.147596
33,0.279167,0.323416,0.501436,0.712404,2.934781,0.148714
33,0.283333,0.323836,0.503047,0.723944,2.944514,0.149831
33,0.287500,0.324256,0.504681,0.735621,2.976682,0.150944
33,0.291667,0.324678,0.506341,0.747348,3.018496,0.152055
33,0.295833,0.325102,0.508025,0.759291,3.071722,0.153162
33,0.300000,0.325526,0.509733,0.771146,3.064709,0.154265
33,0.304167,0.325951,0.511466,0.783023,3.084777,0.155363
33,0.308333,0.326377,0.513222,0.794517,3.012185,0.156456
33,0.312500,0.326803,0.515002,0.806235,3.082855,0.157545
33,0.316667,0.327229,0.516806,0.817988,3.106262,0.158628
33,0.320833,0.327655,0.518633,0.829917,3.158497,0.159705
33,0.325000,0.328081,0.520484,0.841827,3.169123,0.160777
33,0.329167,0.328507,0.522360,0.854039,3.268779,0.161843
33,0.333333,0.328934,0.524261,0.866336,3.292223,0.162903
33,0.337500,0.329363,0.526187,0.878634,3.304649,0.163959
33,0.341667,0.329793,0.528140,0.890856,3.321236,0.165009
33,0.345833,0.330227,0.530119,0.903364,3.390955,0.166056
33,0.350000,0.330664,0.532127,0.916004,3.451811,0.167100
33,0.354167,0.331106,0.534163,0.928888,3.513322,0.168141
33,0.358333,0.331552,0.536228,0.941772,3.558053,0.169181
33,0.362500,0.332001,0.538320,0.954870,3.598288,0.170217
33,0.366667,0.332454,0.540441,0.967882,3.627835,0.171251
33,0.370833,0.332909,0.542588,0.980600,3.581148,0.172273
33,0.375000,0.333367,0.544761,0.992960,3.552886,0.173281
33,0.379167,0.333826,0.546960,1.005648,3.616879,0.174279
33,0.383333,0.334287,0.549184,1.018495,3.707980,0.175273
33,0.387500,0.334748,0.551434,1.031685,3.793007,0.176267
33,0.391667,0.335211,0.553709,1.045017,3.858359,0.177268
33,0.395833,0.335673,0.556009,1.058639,3.928476,0.178279
33,0.400000,0.336136,0.558335,1.072489,4.039734,0.179306
33,0.404167,0.336598,0.560682,1.084600,3.728916,0.180330
33,0.408333,0.337057,0.563048,1.095546,3.575948,0.181335
33,0.412500,0.337515,0.565435,1.107949,3.856937,0.182336
33,0.416667,0.337971,0.567844,1.121711,4.145622,0.183344
33,0.420833,0.338425,0.570278,1.137019,4.484079,0.184374
33,0.425000,0.338871,0.572731,1.153349,4.763739,0.185433
33,0.429167,0.339307,0.575202,1.171176,5.149962,0.186532
33,0.433333,0.339733,0.577695,1.190333,5.470533,0.187684
33,0.437500,0.340148,0.580207,1.209381,5.474617,0.188885
33,0.441667,0.340553,0.582736,1.226949,5.273432,0.190121
33,0.445833,0.340946,0.585282,1.244170,5.230495,0.191388
33,0.450000,0.341328,0.587841,1.260987,5.234108,0.192683
33,0.454167,0.341697,0.590411,1.277349,5.203653,0.194002
33,0.458333,0.342054,0.592993,1.293500,5.212391,0.195341
33,0.462500,0.342398,0.595583,1.309198,5.198196,0.196698
33,0.466667,0.342729,0.598181,1.324489,5.182838,0.198069
33,0.470833,0.343047,0.600788,1.341222,5.497901,0.199464
33,0.475000,0.343352,0.603404,1.358790,5.721090,0.200889
33,0.479167,0.343645,0.606029,1.375623,5.636657,0.202338
33,0.483333,0.343924,0.608658,1.391510,5.577183,0.203802
33,0.487500,0.344188,0.611289,1.406641,5.514157,0.205274
33,0.491667,0.344438,0.613919,1.420883,5.452724,0.206746
33,0.495833,0.344673,0.616546,1.434242,5.380364,0.208211
33,0.500000,0.344891,0.619166,1.446829,5.379295,0.209661
33,0.504167,0.345095,0.621782,1.461023,5.628018,0.211104
33,0.508333,0.345283,0.624396,1.476772,5.957790,0.212547
33,0.512500,0.345456,0.627004,1.491603,5.882278,0.213989
33,0.516667,0.345614,0.629604,1.505681,5.859909,0.215425
33,0.520833,0.345754,0.632193,1.518867,5.812111,0.216854
33,0.525000,0.345878,0.634768,1.531200,5.793120,0.218272
33,0.529167,0.345985,0.637325,1.542743,5.772758,0.219675
33,0.533333,0.346073,0.639863,1.553416,5.733951,0.221061
33,0.537500,0.346144,0.642382,1.565726,5.995893,0.222436
33,0.541667,0.346198,0.644884,1.579695,6.257337,0.223803
33,0.545833,0.346235,0.647367,1.592748,6.216915,0.225158
33,0.550000,0.346254,0.649827,1.604999,6.209039,0.226500
33,0.554167,0.346254,0.652262,1.616446,6.228418,0.227823
33,0.558333,0.346236,0.654666,1.626914,6.169511,0.229124
33,0.562500,0.346198,0.657040,1.636699,6.178841,0.230399
33,0.566667,0.346140,0.659378,1.645533,6.170907,0.231647
33,0.570833,0.346063,0.661683,1.656198,6.389673,0.232873
33,0.575000,0.345968,0.663957,1.668387,6.583546,0.234085
33,0.579167,0.345854,0.666195,1.679853,6.595987,0.235276
33,0.583333,0.345720,0.668396,1.690361,6.569703,0.236443
33,0.587500,0.345567,0.670555,1.700113,6.595334,0.237579
33,0.591667,0.345393,0.672671,1.708923,6.576430,0.238680
33,0.595833,0.345199,0.674740,1.717088,6.594558,0.239741
33,0.600000,0.344983,0.676759,1.724218,6.569395,0.240757
33,0.604167,0.344749,0.678731,1.733291,6.696277,0.241727
33,0.608333,0.344499,0.680661,1.744194,6.837624,0.242656
33,0.612500,0.344239,0.682550,1.754575,6.697425,0.243554
33,0.616667,0.343976,0.684404,1.764623,6.545218,0.244435
33,0.620833,0.343719,0.686230,1.774241,6.332475,0.245313
33,0.625000,0.343476,0.688031,1.783329,6.207661,0.246199
33,0.629167,0.343247,0.689807,1.791633,6.155005,0.247100
33,0.633333,0.343027,0.691550,1.798637,6.172016,0.248017
33,0.637500,0.342808,0.693254,1.806824,6.462130,0.248946
33,0.641667,0.342582,0.694908,1.816168,6.866659,0.249876
33,0.645833,0.342339,0.696504,1.824264,7.001609,0.250793
33,0.650000,0.342077,0.698034,1.831176,7.151131,0.251685
33,0.654167,0.341791,0.699493,1.837258,7.238317,0.252545
33,0.658333,0.341483,0.700880,1.842370,7.216245,0.253366
33,0.662500,0.341150,0.702190,1.846612,7.269145,0.254140
33,0.666667,0.340792,0.703423,1.850031,7.270956,0.254863
33,0.670833,0.340411,0.704579,1.855274,7.310473,0.255546
33,0.675000,0.340007,0.705659,1.862219,7.400269,0.256200
33,0.679167,0.339580,0.706660,1.868345,7.395934,0.256820
33,0.683333,0.339130,0.707583,1.873642,7.393111,0.257400
33,0.687500,0.338656,0.708423,1.878047,7.425634,0.257932
33,0.691667,0.338157,0.709178,1.881564,7.401660,0.258412
33,0.695833,0.337635,0.709849,1.884306,7.417052,0.258833
33,0.700000,0.337089,0.710433,1.886081,7.395194,0.259189
33,0.704167,0.336519,0.710931,1.889723,7.435509,0.259486
33,0.708333,0.335927,0.711344,1.895084,7.425589,0.259733
33,0.712500,0.335312,0.711671,1.899624,7.440947,0.259929
33,0.716667,0.334675,0.711911,1.903272,7.421463,0.260075
33,0.720833,0.334014,0.712061,1.906061,7.441907,0.260169
33,0.725000,0.333331,0.712121,1.907966,7.411327,0.260211
33,0.729167,0.332625,0.712091,1.909001,7.429413,0.260202
33,0.733333,0.331896,0.711969,1.909104,7.419428,0.260140
33,0.737500,0.331144,0.711758,1.911036,7.347187,0.260028
33,0.741667,0.330372,0.711457,1.914685,7.332182,0.259866
33,0.745833,0.329579,0.711065,1.917422,7.350274,0.259658
33,0.750000,0.328764,0.710584,1.919379,7.284486,0.259402
33,0.754167,0.327929,0.710011,1.920342,7.336538,0.259101
33,0.758333,0.327073,0.709347,1.920435,7.279135,0.258755
33,0.762500,0.326196,0.708592,1.919573,7.296393,0.258365
33,0.766667,0.325298,0.707747,1.917865,7.266263,0.257932
33,0.770833,0.324381,0.706811,1.917821,7.178483,0.257457
33,0.775000,0.323444,0.705787,1.919521,7.086613,0.256938
33,0.779167,0.322490,0.704675,1.920345,7.074187,0.256379
33,0.783333,0.321517,0.703474,1.920222,7.074529,0.255780
33,0.787500,0.320527,0.702185,1.919136,7.043973,0.255145
33,0.791667,0.319518,0.700809,1.917150,7.054311,0.254475
33,0.795833,0.318492,0.699348,1.914194,7.017127,0.253772
33,0.800000,0.317448,0.697801,1.910307,7.017076,0.253038
33,0.804167,0.316388,0.696171,1.908042,6.882535,0.252271
33,0.808333,0.315314,0.694457,1.907477,6.717144,0.251471
33,0.812500,0.314224,0.692662,1.905980,6.718576,0.250639
33,0.816667,0.313119,0.690786,1.903547,6.711389,0.249779
33,0.820833,0.312001,0.688830,1.900118,6.712543,0.248893
33,0.825000,0.310868,0.686797,1.895726,6.670620,0.247984
33,0.829167,0.309722,0.684687,1.890330,6.700969,0.247055
33,0.833333,0.308563,0.682504,1.883983,6.686935,0.246107
33,0.837500,0.307393,0.680248,1.879210,6.481029,0.245131
33,0.841667,0.306211,0.677920,1.876015,6.278669,0.244120
33,0.845833,0.305019,0.675521,1.871958,6.308969,0.243084
33,0.850000,0.303817,0.673054,1.866818,6.302438,0.242034
33,0.854167,0.302606,0.670521,1.860712,6.278165,0.240981
33,0.858333,0.301385,0.667924,1.853597,6.305595,0.239934
33,0.862500,0.300156,0.665266,1.845417,6.332544,0.238906
33,0.866667,0.298920,0.662549,1.836268,6.338729,0.237906
33,0.870833,0.297677,0.659775,1.828638,6.086017,0.236938
33,0.875000,0.296427,0.656944,1.822536,5.848825,0.235995
33,0.879167,0.295173,0.654058,1.815536,5.869996,0.235072
33,0.883333,0.293915,0.651120,1.807399,5.860830,0.234163
33,0.887500,0.292652,0.648134,1.798272,5.958246,0.233263
33,0.891667,0.291386,0.645102,1.788123,5.915944,0.232366
33,0.895833,0.290118,0.642027,1.776955,6.012619,0.231466
33,0.900000,0.288847,0.638913,1.764696,6.087960,0.230557
33,0.904167,0.287576,0.635760,1.753996,5.727654,0.229641
33,0.908333,0.286304,0.632569,1.744674,5.483398,0.228724
33,0.912500,0.285034,0.629342,1.734390,5.503716,0.227811
33,0.916667,0.283765,0.626085,1.723015,5.577523,0.226904
33,0.920833,0.282498,0.622798,1.710679,5.642900,0.226008
33,0.925000,0.281235,0.619487,1.697209,5.729058,0.225126
33,0.929167,0.279975,0.616155,1.682698,5.801668,0.224261
33,0.933333,0.278720,0.612806,1.667151,5.893840,0.223419
33,0.937500,0.277470,0.609458,1.647878,6.622719,0.222593
33,0.941667,0.276227,0.606121,1.627845,6.750334,0.221782
33,0.945833,0.274991,0.602782,1.611221,5.875937,0.220988
33,0.950000,0.273763,0.599430,1.597856,5.137442,0.220214
33,0.954167,0.272544,0.596050,1.588002,4.525220,0.219466
33,0.958333,0.271335,0.592630,1.581199,4.249197,0.218745
33,0.962500,0.270136,0.589156,1.577817,4.298809,0.218056
33,0.966667,0.268948,0.585615,1.577788,4.640475,0.217401
33,0.970833,0.267773,0.582043,1.569061,4.312251,0.216779
33,0.975000,0.266611,0.578473,1.553011,5.327129,0.216186
33,0.979167,0.265463,0.574882,1.542813,4.305846,0.215624
33,0.983333,0.264329,0.571248,1.538390,3.997036,0.215097
33,0.987500,0.263212,0.567545,1.539880,4.609457,0.214607
33,0.991667,0.262111,0.563747,1.547446,5.822638,0.214157
33,0.995833,0.261027,0.559830,1.561084,7.306963,0.213750
33,1.000000,0.259961,0.555767,1.581159,9.012010,0.213389
33,1.004167,0.258914,0.551474,1.623772,14.705040,0.213070
33,1.008333,0.257887,0.546935,1.670646,15.512970,0.212792
33,1.012500,0.256881,0.542233,1.695995,9.889710,0.212556
33,1.016667,0.255896,0.537451,1.698998,5.634961,0.212366
33,1.020833,0.254934,0.532675,1.679551,6.380649,0.212225
33,1.025000,0.253995,0.527995,1.637376,11.264680,0.212136
33,1.029167,0.253080,0.523503,1.573087,16.941260,0.212101
33,1.033333,0.252189,0.519293,1.487061,22.942680,0.212124
33,1.037500,0.251324,0.515332,1.412287,20.120040,0.212188
33,1.041667,0.250486,0.511525,1.362821,13.187010,0.212284
33,1.045833,0.249675,0.507872,1.314016,12.989000,0.212426
33,1.050000,0.248891,0.504373,1.265933,12.756010,0.212629
33,1.054167,0.248136,0.501027,1.218504,12.557880,0.212907
33,1.058333,0.247412,0.497836,1.171220,12.490800,0.213275
33,1.062500,0.246719,0.494798,1.124303,12.375770,0.213749
33,1.066667,0.246059,0.491915,1.077648,12.278540,0.214342
33,1.070833,0.245434,0.489227,1.023322,14.813300,0.215042
33,1.075000,0.244846,0.486760,0.966170,16.153470,0.215828
33,1.079167,0.244294,0.484485,0.915919,14.217950,0.216710
33,1.083333,0.243782,0.482374,0.872312,12.266860,0.217694
33,1.087500,0.243311,0.480399,0.834677,10.406300,0.218791
33,1.091667,0.242881,0.478531,0.802752,8.564714,0.220006
33,1.095833,0.242494,0.476740,0.776141,6.833606,0.221349
33,1.100000,0.242151,0.474996,0.754719,5.289820,0.222826
33,1.104167,0.241854,0.473314,0.730383,6.134722,0.224439
33,1.108333,0.241605,0.471732,0.699929,8.249616,0.226182
33,1.112500,0.241404,0.470254,0.669676,8.395244,0.228050
33,1.116667,0.241252,0.468885,0.639768,8.560874,0.230038
33,1.120833,0.241148,0.467628,0.610413,8.708900,0.232143
33,1.125000,0.241094,0.466489,0.581882,8.857149,0.234359
33,1.129167,0.241089,0.465472,0.554368,9.025286,0.236683
33,1.133333,0.241134,0.464581,0.528226,9.188815,0.239110
33,1.137500,0.241229,0.463788,0.505762,7.568444,0.241661
33,1.141667,0.241374,0.463081,0.484757,6.821432,0.244348
33,1.145833,0.241569,0.462481,0.463151,8.046962,0.247150
33,1.150000,0.241814,0.462011,0.441985,9.369695,0.250046
33,1.154167,0.242108,0.461693,0.422946,10.664310,0.253017
33,1.158333,0.242453,0.461550,0.408138,12.037180,0.256042
33,1.162500,0.242846,0.461605,0.400175,13.342980,0.259104
33,1.166667,0.243289,0.461879,0.401868,14.742250,0.262183
33,1.170833,0.243780,0.462379,0.413075,15.167960,0.265308
33,1.175000,0.244319,0.463087,0.430157,13.999630,0.268507
33,1.179167,0.244906,0.463987,0.451767,12.938310,0.271758
33,1.183333,0.245540,0.465064,0.475771,11.888400,0.275043
33,1.187500,0.246220,0.466299,0.500266,10.754670,0.278341
33,1.191667,0.246945,0.467678,0.524292,9.716850,0.281632
33,1.195833,0.247714,0.469183,0.546797,8.643716,0.284900
33,1.200000,0.248527,0.470799,0.567015,7.540148,0.288126
33,1.204167,0.249382,0.472574,0.599797,10.768580,0.291341
33,1.208333,0.250279,0.474546,0.642541,13.078730,0.294572
33,1.212500,0.251216,0.476674,0.677420,10.543470,0.297799
33,1.216667,0.252192,0.478919,0.703744,8.056153,0.301002
33,1.220833,0.253205,0.481243,0.720754,5.557359,0.304159
33,1.225000,0.254255,0.483608,0.728376,3.262505,0.307253
33,1.229167,0.255339,0.485974,0.726019,1.794916,0.310264
33,1.233333,0.256456,0.488303,0.713855,3.021739,0.313175
33,1.237500,0.257604,0.490625,0.709024,1.956411,0.316022
33,1.241667,0.258782,0.492987,0.716288,3.222447,0.318838
33,1.245833,0.259989,0.495377,0.720595,2.547104,0.321596
33,1.250000,0.261221,0.497782,0.721800,1.986953,0.324273
33,1.254167,0.262478,0.500190,0.719929,1.691451,0.326845
33,1.258333,0.263758,0.502590,0.714708,1.812211,0.329290
33,1.262500,0.265059,0.504968,0.706494,2.219455,0.331586
33,1.266667,0.266378,0.507313,0.694851,2.886543,0.333710
33,1.270833,0.267714,0.509604,0.677193,4.278734,0.335706
33,1.275000,0.269065,0.511839,0.659097,4.409031,0.337612
33,1.279167,0.270428,0.514039,0.646466,3.194140,0.339395
33,1.283333,0.271803,0.516224,0.639224,2.134346,0.341028
33,1.287500,0.273186,0.518413,0.637580,1.504921,0.342481
33,1.291667,0.274576,0.520625,0.641253,1.847391,0.343727
33,1.295833,0.275972,0.522880,0.650565,2.859062,0.344736
33,1.300000,0.277369,0.525197,0.665361,4.024784,0.345480
33,1.304167,0.278768,0.527562,0.676139,3.181274,0.345994
33,1.308333,0.280166,0.529947,0.679336,1.862908,0.346309
33,1.312500,0.281562,0.532352,0.682476,1.769291,0.346399
33,1.316667,0.282954,0.534776,0.685763,1.700752,0.346238
33,1.320833,0.284340,0.537220,0.689206,1.649630,0.345801
33,1.325000,0.285719,0.539683,0.692698,1.576466,0.345064
33,1.329167,0.287090,0.542166,0.696375,1.530792,0.344003
33,1.333333,0.288451,0.544669,0.700205,1.485010,0.342590
33,1.337500,0.289802,0.547192,0.703979,1.611603,0.340856
33,1.341667,0.291140,0.549731,0.707170,1.664531,0.338827
33,1.345833,0.292464,0.552286,0.709618,1.502806,0.336458
33,1.350000,0.293775,0.554851,0.711072,1.325750,0.333701
33,1.354167,0.295069,0.557424,0.711844,1.193252,0.330496
33,1.358333,0.296347,0.560001,0.711783,1.095196,0.326775
33,1.362500,0.297607,0.562579,0.710880,1.032461,0.322460
33,1.366667,0.298849,0.565156,0.709206,1.006148,0.317457
33,1.370833,0.300070,0.567733,0.708287,1.126907,0.311608
33,1.375000,0.301272,0.570312,0.707935,1.287433,0.304840
33,1.379167,0.302452,0.572892,0.707003,1.231129,0.297197
33,1.383333,0.303611,0.575468,0.705272,1.196526,0.288749
33,1.387500,0.304747,0.578038,0.702854,1.195791,0.279594
33,1.391667,0.305860,0.580599,0.699805,1.212318,0.269860
33,1.395833,0.306949,0.583150,0.696002,1.279607,0.259692
33,1.400000,0.308014,0.585686,0.691523,1.353570,0.249251
33,1.404167,0.309055,0.588211,0.688007,1.314959,0.238133
33,1.408333,0.310071,0.590728,0.685387,1.352301,0.226032
33,1.412500,0.311061,0.593233,0.682012,1.388328,0.213278
33,1.416667,0.312027,0.595725,0.678269,1.384059,0.200230
33,1.420833,0.312966,0.598202,0.673839,1.448172,0.187263
33,1.425000,0.313880,0.600661,0.668881,1.498882,0.174752
33,1.429167,0.314769,0.603101,0.663420,1.560339,0.163056
33,1.433333,0.315631,0.605519,0.657418,1.633637,0.152510
33,1.437500,0.316468,0.607918,0.652455,1.533149,0.142954
33,1.441667,0.317280,0.610302,0.648632,1.475856,0.134006
33,1.445833,0.318067,0.612668,0.644219,1.516998,0.125651
33,1.450000,0.318829,0.615016,0.639469,1.531439,0.117870
33,1.454167,0.319566,0.617342,0.634288,1.563190,0.110651
33,1.458333,0.320279,0.619646,0.628564,1.632640,0.103982
33,1.462500,0.320967,0.621927,0.622571,1.650684,0.097856
33,1.466667,0.321633,0.624182,0.615995,1.744318,0.092264
33,1.470833,0.322276,0.626415,0.610787,1.553653,0.087264
33,1.475000,0.322896,0.628629,0.606706,1.488440,0.082854
33,1.479167,0.323495,0.630824,0.602384,1.465130,0.078948
33,1.483333,0.324073,0.632998,0.597558,1.519054,0.075462
33,1.487500,0.324630,0.635149,0.592540,1.505649,0.072323
33,1.491667,0.325168,0.637277,0.587066,1.552259,0.069458
33,1.495833,0.325687,0.639381,0.581266,1.590350,0.066803
33,1.500000,0.326187,0.641459,0.575230,1.596843,0.064297
33,1.504167,0.326671,0.643515,0.570411,1.445296,0.062007
33,1.508333,0.327137,0.645554,0.566962,1.319393,0.060006
33,1.512500,0.327589,0.647573,0.563198,1.318110,0.058250
33,1.516667,0.328025,0.649571,0.559034,1.339053,0.056695
33,1.520833,0.328447,0.651549,0.554731,1.306422,0.055303
33,1.525000,0.328857,0.653506,0.550013,1.349627,0.054036
33,1.529167,0.329254,0.655439,0.544924,1.391708,0.052860
33,1.533333,0.329640,0.657350,0.539604,1.396523,0.051740
33,1.537500,0.330015,0.659240,0.535654,1.208151,0.050719
33,1.541667,0.330381,0.661115,0.532911,1.099116,0.049843
33,1.545833,0.330738,0.662973,0.530003,1.078563,0.049090
33,1.550000,0.331088,0.664813,0.526699,1.073672,0.048437
33,1.554167,0.331431,0.666635,0.522996,1.097721,0.047863
33,1.558333,0.331767,0.668438,0.519010,1.120541,0.047347
33,1.562500,0.332098,0.670220,0.514620,1.179095,0.046869
33,1.566667,0.332425,0.671983,0.509861,1.216179,0.046410
33,1.570833,0.332748,0.673728,0.506398,0.995287,0.045994
33,1.575000,0.333067,0.675459,0.504243,0.868311,0.045651
33,1.579167,0.333384,0.677176,0.501658,0.860399,0.045368
33,1.583333,0.333700,0.678878,0.498685,0.895248,0.045135
33,1.587500,0.334014,0.680563,0.495179,0.952876,0.044939
33,1.591667,0.334327,0.682231,0.491285,1.018255,0.044770
33,1.595833,0.334640,0.683880,0.486851,1.119481,0.044616
33,1.600000,0.334954,0.685511,0.482025,1.190884,0.044466
33,1.604167,0.335267,0.687125,0.478198,0.985361,0.044334
33,1.608333,0.335582,0.688726,0.475682,0.759340,0.044235
33,1.612500,0.335897,0.690312,0.472528,0.838974,0.044164
33,1.616667,0.336214,0.691884,0.468858,0.939774,0.044115
33,1.620833,0.336531,0.693438,0.464476,1.085281,0.044082
33,1.625000,0.336850,0.694973,0.459490,1.221795,0.044059
33,1.629167,0.337170,0.696490,0.453896,1.369115,0.044039
33,1.633333,0.337490,0.697985,0.447582,1.543472,0.044016
33,1.637500,0.337811,0.699461,0.442233,1.304996,0.043996
33,1.641667,0.338132,0.700921,0.437853,1.066836,0.043985
33,1.645833,0.338453,0.702362,0.432735,1.243360,0.043982
33,1.650000,0.338773,0.703783,0.426789,1.440013,0.043984
33,1.654167,0.339091,0.705183,0.420094,1.624632,0.043989
33,1.658333,0.339408,0.706559,0.412735,1.794508,0.043995
33,1.662500,0.339723,0.707911,0.404754,1.958602,0.043999
33,1.666667,0.340036,0.709238,0.396195,2.115453,0.044000
33,1.670833,0.340348,0.710541,0.388715,1.834082,0.043999
33,1.675000,0.340658,0.711824,0.382252,1.569499,0.043999
33,1.679167,0.340967,0.713086,0.375285,1.706411,0.043999
33,1.683333,0.341274,0.714324,0.367635,1.887502,0.044000
33,1.687500,0.341579,0.715539,0.359389,2.053289,0.044000
33,1.691667,0.341882,0.716729,0.350624,2.205517,0.044000
33,1.695833,0.342184,0.717892,0.341249,2.381141,0.044000
33,1.700000,0.342484,0.719029,0.331421,2.532812,0.044000
33,1.704167,0.342782,0.720139,0.321894,2.448544,0.043999
33,1.708333,0.343079,0.721224,0.313189,2.235553,0.043998
33,1.712500,0.343374,0.722286,0.304455,2.254797,0.043996
33,1.716667,0.343667,0.723323,0.295832,2.246568,0.043994
33,1.720833,0.343958,0.724336,0.287224,2.267104,0.043994
33,1.725000,0.344248,0.725326,0.278656,2.276433,0.043994
33,1.729167,0.344536,0.726292,0.270156,2.282945,0.043996
33,1.733333,0.344822,0.727235,0.261702,2.300103,0.044000
33,1.737500,0.345106,0.728147,0.250243,3.262923,0.044000
33,1.741667,0.345388,0.729025,0.237597,3.681951,0.043993
33,1.745833,0.345669,0.729875,0.228029,2.818934,0.043983
33,1.750000,0.345947,0.730706,0.221077,2.001756,0.043977
33,1.754167,0.346237,0.731535,0.220232,0.677407,0.043992
33,1.758333,0.346592,0.732426,0.237769,4.258701,0.044088
33,1.762500,0.347072,0.733442,0.274778,9.037832,0.044329
33,1.766667,0.347724,0.734640,0.329097,13.242020,0.044768
33,1.770833,0.348590,0.736054,0.393562,15.589170,0.045460
33,1.775000,0.349704,0.737712,0.464361,17.040340,0.046440
33,1.779167,0.351088,0.739636,0.542609,18.816500,0.047717
33,1.783333,0.352761,0.741848,0.626146,20.075430,0.049295
33,1.787500,0.354732,0.744355,0.712558,20.757450,0.051167
33,1.791667,0.357004,0.747163,0.799751,20.938700,0.053322
33,1.795833,0.359571,0.750267,0.885700,20.635790,0.055741
33,1.800000,0.362423,0.753659,0.968576,19.895630,0.058400
33,1.804167,0.365543,0.757320,1.045907,18.561150,0.061290
33,1.808333,0.368909,0.761226,1.115761,16.765400,0.064408
33,1.812500,0.372493,0.765351,1.177277,14.767710,0.067724
33,1.816667,0.376263,0.769663,1.229232,12.478680,0.071205
33,1.820833,0.380185,0.774125,1.270458,9.913902,0.074813
33,1.825000,0.384218,0.778699,1.300228,7.190554,0.078509
33,1.829167,0.388322,0.783344,1.317811,4.323421,0.082249
33,1.833333,0.392455,0.788017,1.322866,1.605690,0.085990
33,1.837500,0.396571,0.792673,1.315121,2.222365,0.089665
33,1.841667,0.400627,0.797269,1.294791,5.050024,0.093223
33,1.845833,0.404580,0.801762,1.262088,7.984156,0.096642
33,1.850000,0.408389,0.806110,1.217614,10.786570,0.099901
33,1.854167,0.412015,0.810275,1.162111,13.428520,0.102981
33,1.858333,0.415424,0.814222,1.096936,15.744330,0.105868
33,1.862500,0.418584,0.817921,1.023452,17.743820,0.108551
33,1.866667,0.421473,0.821347,0.943421,19.316880,0.111025
33,1.870833,0.424074,0.824485,0.859218,20.326460,0.113267
33,1.875000,0.426379,0.827327,0.773152,20.780500,0.115247
33,1.879167,0.428390,0.829873,0.687897,20.598480,0.116963
33,1.883333,0.430119,0.832138,0.606960,19.577750,0.118424
33,1.887500,0.431592,0.834146,0.533659,17.755780,0.119652
33,1.891667,0.432849,0.835937,0.471976,14.966980,0.120683
33,1.895833,0.433946,0.837568,0.426361,11.100050,0.121568
33,1.900000,0.434956,0.839110,0.401364,6.097248,0.122376
33,1.904167,0.435951,0.840636,0.397027,1.071551,0.123189
33,1.908333,0.436948,0.842165,0.397376,0.126525,0.124028
33,1.912500,0.437948,0.843695,0.397655,0.114001,0.124889
33,1.916667,0.438950,0.845226,0.397894,0.105802,0.125767
33,1.920833,0.439953,0.846758,0.398132,0.115206,0.126657
33,1.925000,0.440959,0.848291,0.398284,0.098526,0.127556
33,1.929167,0.441967,0.849825,0.398421,0.092529,0.128459
33,1.933333,0.442977,0.851360,0.398634,0.109212,0.129361
33,1.937500,0.443989,0.852896,0.398664,0.090512,0.130265
33,1.941667,0.445002,0.854433,0.398983,0.109487,0.131175
33,1.945833,0.446017,0.855970,0.399039,0.088139,0.132093
33,1.950000,0.447035,0.857508,0.399169,0.088422,0.133017
33,1.954167,0.448054,0.859047,0.399294,0.088515,0.133946
33,1.958333,0.449075,0.860587,0.399329,0.083301,0.134882
33,1.962500,0.450097,0.862126,0.399378,0.083457,0.135822
33,1.966667,0.451121,0.863666,0.399416,0.086373,0.136768
33,1.970833,0.452147,0.865206,0.399405,0.077707,0.137719
33,1.975000,0.453174,0.866747,0.399523,0.084694,0.138676
33,1.979167,0.454203,0.868288,0.399518,0.071196,0.139638
33,1.983333,0.455234,0.869829,0.399531,0.075738,0.140605
33,1.987500,0.456266,0.871370,0.399518,0.080535,0.141578
33,1.991667,0.457299,0.872911,0.399441,0.077241,0.142555
33,1.995833,0.458334,0.874453,0.399420,0.077506,0.143536
33,2.000000,0.459370,0.875993,0.399269,0.084355,0.144521
33,2.004167,0.460407,0.877533,0.399132,0.078853,0.145510
33,2.008333,0.461446,0.879074,0.399152,0.070391,0.146504
33,2.012500,0.462486,0.880614,0.399108,0.072577,0.147503
33,2.016667,0.463528,0.882154,0.398905,0.084488,0.148505
33,2.020833,0.464570,0.883693,0.398814,0.071720,0.149512
33,2.025000,0.465614,0.885232,0.398635,0.082441,0.150522
33,2.029167,0.466659,0.886770,0.398448,0.086719,0.151535
33,2.033333,0.467705,0.888307,0.398214,0.087371,0.152552
33,2.037500,0.468752,0.889844,0.398022,0.082151,0.153572
33,2.041667,0.469800,0.891380,0.397903,0.071032,0.154596
33,2.045833,0.470849,0.892915,0.397642,0.090451,0.155623
33,2.050000,0.471899,0.894449,0.397430,0.083552,0.156653
33,2.054167,0.472950,0.895983,0.397181,0.087312,0.157686
33,2.058333,0.474002,0.897515,0.396974,0.085972,0.158722
33,2.062500,0.475054,0.899046,0.396563,0.118693,0.159761
33,2.066667,0.476108,0.900577,0.396279,0.096699,0.160802
33,2.070833,0.477162,0.902105,0.395964,0.099080,0.161845
33,2.075000,0.478217,0.903633,0.395710,0.089977,0.162891
33,2.079167,0.479273,0.905159,0.395382,0.103972,0.163940
33,2.083333,0.480329,0.906685,0.395046,0.102218,0.164991
33,2.087500,0.481386,0.908208,0.394744,0.095560,0.166044
33,2.091667,0.482444,0.909730,0.394275,0.129201,0.167100
33,2.095833,0.483502,0.911251,0.393899,0.110261,0.168157
33,2.100000,0.484561,0.912770,0.393447,0.125000,0.169215
33,2.104167,0.485620,0.914287,0.393066,0.109444,0.170276
33,2.108333,0.486680,0.915803,0.392654,0.117279,0.171338
33,2.112500,0.487740,0.917317,0.392239,0.116328,0.172402
33,2.116667,0.488800,0.918829,0.391773,0.128369,0.173468
33,2.120833,0.489861,0.920340,0.391427,0.101532,0.174535
33,2.125000,0.490923,0.921848,0.390850,0.151162,0.175604
33,2.129167,0.491984,0.923354,0.390287,0.147606,0.176673
33,2.133333,0.493046,0.924858,0.389803,0.129497,0.177743
33,2.137500,0.494108,0.926360,0.389276,0.139068,0.178815
33,2.141667,0.495170,0.927860,0.388779,0.133382,0.179887
33,2.145833,0.496233,0.929358,0.388275,0.135793,0.180961
33,2.150000,0.497295,0.930854,0.387725,0.143907,0.182036
33,2.154167,0.498358,0.932348,0.387212,0.135419,0.183111
33,2.158333,0.499421,0.933838,0.386508,0.178818,0.184187
33,2.162500,0.500483,0.935327,0.385972,0.142071,0.185263
33,2.166667,0.501546,0.936813,0.385308,0.170206,0.186339
33,2.170833,0.502609,0.938297,0.384689,0.159751,0.187416
33,2.175000,0.503671,0.939778,0.384143,0.143086,0.188493
33,2.179167,0.504734,0.941256,0.383490,0.168476,0.189571
33,2.183333,0.505796,0.942732,0.382832,0.167634,0.190649
33,2.187500,0.506858,0.944205,0.382205,0.161455,0.191727
33,2.191667,0.507920,0.945676,0.381475,0.183811,0.192805
33,2.195833,0.508982,0.947144,0.380881,0.152268,0.193883
33,2.200000,0.510043,0.948608,0.379989,0.221654,0.194959
33,2.204167,0.511105,0.950070,0.379365,0.158664,0.196036
33,2.208333,0.512165,0.951529,0.378652,0.182906,0.197113
33,2.212500,0.513226,0.952985,0.377965,0.176502,0.198190
33,2.216667,0.514286,0.954438,0.377206,0.189644,0.199266
33,2.220833,0.515345,0.955888,0.376498,0.179108,0.200341
33,2.225000,0.516404,0.957335,0.375662,0.208190,0.201416
33,2.229167,0.517463,0.958778,0.374940,0.180601,0.202490
33,2.233333,0.518521,0.960218,0.374022,0.227346,0.203563
33,2.237500,0.519578,0.961656,0.373250,0.192133,0.204635
33,2.241667,0.520635,0.963089,0.372491,0.192516,0.205707
33,2.245833,0.521691,0.964520,0.371709,0.197102,0.206777
33,2.250000,0.522747,0.965947,0.370810,0.222560,0.207847
33,2.254167,0.523801,0.967371,0.370054,0.188390,0.208915
33,2.258333,0.524855,0.968791,0.369147,0.224826,0.209982
33,2.262500,0.525909,0.970208,0.368274,0.215954,0.211048
33,2.266667,0.526961,0.971620,0.367311,0.237227,0.212112
33,2.270833,0.528013,0.973030,0.366462,0.209766,0.213175
33,2.275000,0.529063,0.974436,0.365553,0.228942,0.214236
33,2.279167,0.530113,0.975838,0.364794,0.188250,0.215296
33,2.283333,0.531162,0.977236,0.363766,0.255500,0.216355
33,2.287500,0.532210,0.978631,0.362874,0.219624,0.217411
33,2.291667,0.533257,0.980022,0.361907,0.239661,0.218466
33,2.295833,0.534303,0.981409,0.361028,0.215973,0.219519
33,2.300000,0.535348,0.982792,0.359967,0.260376,0.220570
33,2.304167,0.536391,0.984172,0.358996,0.238814,0.221619
33,2.308333,0.537434,0.985547,0.358036,0.236985,0.222666
33,2.312500,0.538475,0.986918,0.357102,0.230079,0.223711
33,2.316667,0.539515,0.988285,0.356097,0.247478,0.224754
33,2.320833,0.540554,0.989649,0.355142,0.234242,0.225795
33,2.325000,0.541592,0.991008,0.354044,0.268556,0.226833
33,2.329167,0.542628,0.992363,0.353002,0.255686,0.227869
33,2.333333,0.543663,0.993714,0.351987,0.247622,0.228903
33,2.337500,0.544697,0.995060,0.350886,0.269660,0.229934
33,2.341667,0.545729,0.996402,0.349868,0.250383,0.230963
33,2.345833,0.546760,0.997741,0.348902,0.237177,0.231989
33,2.350000,0.547789,0.999074,0.347745,0.282298,0.233013
33,2.354167,0.548817,1.000404,0.346695,0.257838,0.234034
33,2.358333,0.549843,1.001728,0.345541,0.281108,0.235052
33,2.362500,0.550868,1.003049,0.344505,0.252452,0.236067
33,2.366667,0.551891,1.004365,0.343385,0.273524,0.237079
33,2.370833,0.552912,1.005677,0.342186,0.291975,0.238089
33,2.375000,0.553932,1.006984,0.341189,0.244399,0.239095
33,2.379167,0.554950,1.008286,0.339954,0.303914,0.240099
33,2.383333,0.555967,1.009584,0.338856,0.267939,0.241099
33,2.387500,0.556981,1.010878,0.337761,0.265982,0.242097
33,2.391667,0.557994,1.012166,0.336566,0.290582,0.243091
33,2.395833,0.559005,1.013451,0.335404,0.282901,0.244082
33,2.400000,0.560014,1.014729,0.334120,0.312214,0.245069
33,2.404167,0.561021,1.016004,0.332981,0.275974,0.246054
33,2.408333,0.562027,1.017274,0.331888,0.266668,0.247034
33,2.412500,0.563030,1.018539,0.330600,0.316938,0.248012
33,2.416667,0.564031,1.019799,0.329374,0.297987,0.248986
33,2.420833,0.565031,1.021055,0.328273,0.266989,0.249957
33,2.425000,0.566028,1.022305,0.326973,0.316391,0.250924
33,2.429167,0.567023,1.023551,0.325771,0.291210,0.251887
33,2.433333,0.568016,1.024791,0.324460,0.318416,0.252846
33,2.437500,0.569007,1.026027,0.323216,0.301317,0.253802
33,2.441667,0.569996,1.027257,0.321933,0.313459,0.254754
33,2.445833,0.570983,1.028483,0.320810,0.271941,0.255702
33,2.450000,0.571967,1.029704,0.319489,0.321864,0.256646
33,2.454167,0.572949,1.030919,0.318167,0.320581,0.257587
33,2.458333,0.573929,1.032130,0.316964,0.290952,0.258523
33,2.462500,0.574906,1.033335,0.315573,0.337897,0.259456
33,2.466667,0.575881,1.034535,0.314269,0.315293,0.260384
33,2.470833,0.576853,1.035730,0.312983,0.311742,0.261308
33,2.475000,0.577824,1.036920,0.311692,0.312831,0.262228
33,2.479167,0.578791,1.038104,0.310350,0.327422,0.263144
33,2.483333,0.579756,1.039284,0.309129,0.295064,0.264056
33,2.487500,0.580719,1.040457,0.307613,0.369836,0.264963
33,2.491667,0.581679,1.041626,0.306429,0.285924,0.265867
33,2.495833,0.582636,1.042790,0.305031,0.338006,0.266766
33,2.500000,0.583591,1.043948,0.303626,0.339223,0.267660
33,2.504167,0.584543,1.045100,0.302259,0.330341,0.268550
33,2.508333,0.585492,1.046247,0.300885,0.334884,0.269435
33,2.512500,0.586439,1.047390,0.299704,0.285622,0.270316
33,2.516667,0.587383,1.048526,0.298173,0.374726,0.271193
33,2.520833,0.588324,1.049657,0.296794,0.332811,0.272065
33,2.525000,0.589262,1.050783,0.295389,0.339183,0.272932
33,2.529167,0.590197,1.051903,0.293999,0.335417,0.273795
33,2.533333,0.591130,1.053017,0.292541,0.352006,0.274653
33,2.537500,0.592059,1.054126,0.291161,0.332793,0.275506
33,2.541667,0.592986,1.055230,0.289741,0.343187,0.276355
33,2.545833,0.593909,1.056328,0.288410,0.321480,0.277199
33,2.550000,0.594829,1.057420,0.286832,0.382188,0.278037
33,2.554167,0.595747,1.058506,0.285531,0.313760,0.278872
33,2.558333,0.596661,1.059588,0.284087,0.348103,0.279701
33,2.562500,0.597572,1.060663,0.282513,0.380152,0.280525
33,2.566667,0.598480,1.061732,0.281046,0.353483,0.281344
33,2.570833,0.599385,1.062796,0.279655,0.335422,0.282158
33,2.575000,0.600287,1.063854,0.278192,0.353965,0.282968
33,2.579167,0.601185,1.064906,0.276654,0.371385,0.283772
33,2.583333,0.602080,1.065953,0.275303,0.325669,0.284571
33,2.587500,0.602972,1.066995,0.273814,0.360517,0.285365
33,2.591667,0.603860,1.068030,0.272271,0.371721,0.286154
33,2.595833,0.604745,1.069059,0.270800,0.354547,0.286938
33,2.600000,0.605626,1.070083,0.269280,0.366120,0.287717
33,2.604167,0.606504,1.071100,0.267704,0.380222,0.288490
33,2.608333,0.607379,1.072112,0.266273,0.344518,0.289258
33,2.612500,0.608250,1.073118,0.264772,0.362731,0.290021
33,2.616667,0.609117,1.074118,0.263237,0.369878,0.290778
33,2.620833,0.609981,1.075113,0.261764,0.354620,0.291531
33,2.625000,0.610841,1.076101,0.260179,0.381523,0.292277
33,2.629167,0.611697,1.077083,0.258606,0.378892,0.293019
33,2.633333,0.612550,1.078060,0.257099,0.362722,0.293755
33,2.637500,0.613399,1.079030,0.255577,0.366271,0.294485
33,2.641667,0.614245,1.079994,0.253962,0.389160,0.295210
33,2.645833,0.615086,1.080953,0.252552,0.339444,0.295930
33,2.650000,0.615924,1.081905,0.250848,0.410891,0.296644
33,2.654167,0.616757,1.082852,0.249362,0.357364,0.297353
33,2.658333,0.617587,1.083792,0.247791,0.378169,0.298056
33,2.662500,0.618413,1.084726,0.246126,0.400691,0.298754
33,2.666667,0.619235,1.085654,0.244607,0.365807,0.299446
33,2.670833,0.620053,1.086577,0.243019,0.381777,0.300132
33,2.675000,0.620867,1.087493,0.241444,0.379085,0.300813
33,2.679167,0.621677,1.088402,0.239760,0.406423,0.301488
33,2.683333,0.622483,1.089306,0.238303,0.350566,0.302157
33,2.687500,0.623285,1.090204,0.236649,0.398276,0.302821
33,2.691667,0.624082,1.091095,0.235064,0.381317,0.303479
33,2.695833,0.624875,1.091981,0.233465,0.384639,0.304131
33,2.700000,0.625664,1.092860,0.231735,0.416180,0.304778
33,2.704167,0.626449,1.093732,0.230150,0.381392,0.305418
33,2.708333,0.627230,1.094599,0.228558,0.383151,0.306053
33,2.712500,0.628006,1.095459,0.226928,0.392020,0.306682
33,2.716667,0.628777,1.096314,0.225328,0.384778,0.307306
33,2.720833,0.629545,1.097162,0.223661,0.401028,0.307923
33,2.725000,0.630307,1.098003,0.222022,0.393991,0.308535
33,2.729167,0.631066,1.098838,0.220357,0.400213,0.309141
33,2.733333,0.631820,1.099668,0.218759,0.384688,0.309741
33,2.737500,0.632569,1.100490,0.216923,0.441923,0.310335
33,2.741667,0.633314,1.101306,0.215358,0.375961,0.310923
33,2.745833,0.634054,1.102116,0.213779,0.379671,0.311505
33,2.750000,0.634790,1.102920,0.212009,0.425470,0.312081
33,2.754167,0.635520,1.103717,0.210462,0.372598,0.312651
33,2.758333,0.636246,1.104508,0.208714,0.420457,0.313216
33,2.762500,0.636968,1.105293,0.207051,0.400181,0.313774
33,2.766667,0.637684,1.106071,0.205335,0.412561,0.314327
33,2.770833,0.638396,1.106843,0.203617,0.413039,0.314873
33,2.775000,0.639103,1.107608,0.201998,0.388836,0.315414
33,2.779167,0.639805,1.108367,0.200290,0.410467,0.315948
33,2.783333,0.640502,1.109119,0.198518,0.425813,0.316476
33,2.787500,0.641194,1.109865,0.196877,0.394450,0.316999
33,2.791667,0.641881,1.110605,0.195212,0.400477,0.317515
33,2.795833,0.642563,1.111337,0.193349,0.447634,0.318025
33,2.800000,0.643240,1.112064,0.191673,0.403634,0.318529
33,2.804167,0.643912,1.112784,0.190045,0.391404,0.319028
33,2.808333,0.644578,1.113497,0.188268,0.427375,0.319520
33,2.812500,0.645240,1.114204,0.186494,0.426074,0.320005
33,2.816667,0.645896,1.114904,0.184865,0.391587,0.320485
33,2.820833,0.646547,1.115598,0.183028,0.441427,0.320959
33,2.825000,0.647193,1.116285,0.181309,0.413198,0.321427
33,2.829167,0.647833,1.116965,0.179590,0.413138,0.321888
33,2.833333,0.648468,1.117639,0.177769,0.437721,0.322344
33,2.837500,0.649098,1.118306,0.175994,0.426371,0.322794
33,2.841667,0.649722,1.118967,0.174364,0.391845,0.323237
33,2.845833,0.650341,1.119621,0.172510,0.445501,0.323674
33,2.850000,0.650955,1.120268,0.170853,0.398166,0.324106
33,2.854167,0.651562,1.120909,0.169003,0.444454,0.324531
33,2.858333,0.652165,1.121542,0.167229,0.425976,0.324951
33,2.862500,0.652761,1.122169,0.165381,0.444139,0.325365
33,2.866667,0.653352,1.122790,0.163663,0.413741,0.325774
33,2.870833,0.653937,1.123403,0.161647,0.488171,0.326179
33,2.875000,0.654517,1.124010,0.159784,0.462106,0.326580
33,2.879167,0.655091,1.124610,0.157887,0.456583,0.326976
33,2.883333,0.655659,1.125203,0.156109,0.426939,0.327366
33,2.887500,0.656221,1.125790,0.154401,0.417153,0.327749
33,2.891667,0.656777,1.126369,0.152940,0.368220,0.328123
33,2.895833,0.657328,1.126943,0.151544,0.374130,0.328488
33,2.900000,0.657872,1.127509,0.150022,0.442724,0.328841
33,2.904167,0.658412,1.128069,0.148624,0.336868,0.329189
33,2.908333,0.658948,1.128625,0.147153,0.408438,0.329536
33,2.912500,0.659483,1.129180,0.146366,0.299932,0.329882
33,2.916667,0.660020,1.129736,0.146261,0.207486,0.330226
33,2.920833,0.660560,1.130294,0.146587,0.177711,0.330566
33,2.925000,0.661104,1.130855,0.147130,0.159986,0.330902
33,2.929167,0.661652,1.131420,0.148255,0.270969,0.331231
33,2.933333,0.662205,1.131989,0.149526,0.320344,0.331551
33,2.937500,0.662762,1.132562,0.150978,0.393311,0.331865
33,2.941667,0.663324,1.133140,0.152157,0.304463,0.332174
33,2.945833,0.663890,1.133721,0.153193,0.248996,0.332479
33,2.950000,0.664459,1.134303,0.153592,0.108584,0.332782
33,2.954167,0.665030,1.134888,0.153815,0.138218,0.333080
33,2.958333,0.665602,1.135472,0.153506,0.199772,0.333376
33,2.962500,0.666174,1.136057,0.152975,0.289164,0.333669
33,2.966667,0.666745,1.136638,0.151809,0.406795,0.333958
33,2.970833,0.667313,1.137216,0.151094,0.179923,0.334239
33,2.975000,0.667877,1.137790,0.150497,0.375003,0.334510
33,2.979167,0.668435,1.138358,0.149340,0.362893,0.334774
33,2.983333,0.668987,1.138918,0.147546,0.451610,0.335030
33,2.987500,0.669531,1.139470,0.145233,0.555072,0.335281
33,2.991667,0.670065,1.140011,0.142294,0.713465,0.335529
33,2.995833,0.670589,1.140540,0.138895,0.853392,0.335774
33,3.000000,0.671100,1.141057,0.135033,1.005639,0.336017
33,3.004167,0.671599,1.141560,0.131122,0.943629,0.336254
33,3.008333,0.672083,1.142049,0.127820,0.823649,0.336479
33,3.012500,0.672553,1.142522,0.123986,0.938684,0.336694
33,3.016667,0.673006,1.142978,0.119843,1.001283,0.336902
33,3.020833,0.673443,1.143417,0.115446,1.057174,0.337102
33,3.025000,0.673862,1.143838,0.110635,1.154768,0.337297
33,3.029167,0.674263,1.144241,0.105732,1.181118,0.337487
33,3.033333,0.674646,1.144625,0.100384,1.297882,0.337672
33,3.037500,0.675010,1.144990,0.095225,1.246762,0.337850
33,3.041667,0.675355,1.145335,0.090090,1.232286,0.338018
33,3.045833,0.675681,1.145661,0.085070,1.204752,0.338175
33,3.050000,0.675987,1.145968,0.080102,1.192592,0.338323
33,3.054167,0.676275,1.146255,0.075104,1.200515,0.338462
33,3.058333,0.676543,1.146523,0.070116,1.198285,0.338593
33,3.062500,0.676793,1.146773,0.065399,1.133501,0.338717
33,3.066667,0.677025,1.147004,0.060637,1.143943,0.338833
33,3.070833,0.677239,1.147217,0.055751,1.175471,0.338941
33,3.075000,0.677435,1.147413,0.050912,1.185777,0.339040
33,3.079167,0.677615,1.147592,0.046315,1.114030,0.339130
33,3.083333,0.677779,1.147756,0.042131,1.009127,0.339211
33,3.087500,0.677927,1.147904,0.038033,0.983558,0.339284
33,3.091667,0.678061,1.148037,0.034490,0.851151,0.339349
33,3.095833,0.678182,1.148157,0.031108,0.822141,0.339406
33,3.100000,0.678289,1.148264,0.028049,0.767193,0.339456
33,3.104167,0.678385,1.148359,0.024961,0.742535,0.339500
33,3.108333,0.678469,1.148443,0.021542,0.868909,0.339539
33,3.112500,0.678543,1.148517,0.018638,0.737002,0.339572
33,3.116667,0.678608,1.148582,0.016090,0.638690,0.339600
33,3.120833,0.678665,1.148638,0.014080,0.494730,0.339623
33,3.125000,0.678714,1.148687,0.012054,0.486763,0.339641
33,3.129167,0.678757,1.148729,0.010476,0.389757,0.339655
33,3.133333,0.678793,1.148766,0.009290,0.345647,0.339665
33,3.137500,0.678825,1.148797,0.008062,0.295620,0.339672
33,3.141667,0.678852,1.148825,0.006701,0.414272,0.339678
33,3.145833,0.678876,1.148848,0.005663,0.337935,0.339683
33,3.150000,0.678896,1.148869,0.005055,0.235791,0.339687
33,3.154167,0.678915,1.148887,0.004485,0.198018,0.339690
33,3.158333,0.678931,1.148904,0.004132,0.104072,0.339691
33,3.162500,0.678946,1.148919,0.003799,0.085189,0.339692
33,3.166667,0.678960,1.148933,0.003388,0.139517,0.339691
33,3.170833,0.678974,1.148946,0.003262,0.035389,0.339689
33,3.175000,0.678987,1.148960,0.003331,0.089466,0.339689
33,3.179167,0.679000,1.148973,0.003322,0.086977,0.339689
33,3.183333,0.678942,1.148914,0.014151,4.128339,0.339617
33,3.187500,0.678986,1.148959,0.010788,5.941157,0.339649
33,3.191667,0.679022,1.148995,0.008817,0.480875,0.339672
33,3.195833,0.679049,1.149022,0.006738,0.508304,0.339687
33,3.200000,0.679068,1.149041,0.004678,0.503066,0.339691
