clip,time,pelvis,head,shoeMin,handMin,coatMin,packMin
5,0.000000,0.532000,1.161927,0.001019,0.533867,0.388831,0.515303
5,0.004167,0.532000,1.161927,0.001023,0.533841,0.388849,0.515304
5,0.008333,0.532000,1.161927,0.001028,0.533810,0.388860,0.515292
5,0.012500,0.532000,1.161927,0.001032,0.533779,0.388868,0.515277
5,0.016667,0.532000,1.161927,0.001037,0.533748,0.388877,0.515263
5,0.020833,0.531999,1.161927,0.001040,0.533719,0.388892,0.515259
5,0.025000,0.531999,1.161927,0.001045,0.533695,0.388918,0.515271
5,0.029167,0.531996,1.161925,0.001047,0.533677,0.388957,0.515305
5,0.033333,0.531993,1.161924,0.001050,0.533667,0.389017,0.515370
5,0.037500,0.531985,1.161917,0.001051,0.533638,0.389090,0.515433
5,0.041667,0.531977,1.161911,0.001057,0.533581,0.389175,0.515479
5,0.045833,0.531959,1.161894,0.001056,0.533507,0.389263,0.515519
5,0.050000,0.531940,1.161878,0.001056,0.533447,0.389363,0.515586
5,0.054167,0.531904,1.161844,0.001041,0.533405,0.389459,0.515683
5,0.058333,0.531868,1.161810,0.001028,0.533421,0.389567,0.515849
5,0.062500,0.531806,1.161750,0.000991,0.533491,0.389662,0.516079
5,0.066667,0.531744,1.161690,0.000958,0.533667,0.389770,0.516421
5,0.070833,0.531647,1.161594,0.000899,0.533900,0.389860,0.516772
5,0.075000,0.531550,1.161497,0.000855,0.534201,0.389969,0.517161
5,0.079167,0.531410,1.161355,0.000786,0.534541,0.390050,0.517509
5,0.083333,0.531269,1.161211,0.000738,0.534979,0.390145,0.517922
5,0.087500,0.531079,1.161013,0.000663,0.535480,0.390198,0.518358
5,0.091667,0.530888,1.160812,0.000614,0.536109,0.390220,0.518851
5,0.095833,0.530643,1.160551,0.000540,0.536828,0.390092,0.519362
5,0.100000,0.530397,1.160284,0.000496,0.537709,0.389960,0.519970
5,0.104167,0.530097,1.159953,0.000436,0.538745,0.389773,0.520645
5,0.108333,0.529797,1.159610,0.000428,0.540019,0.389588,0.521424
5,0.112500,0.529446,1.159204,0.000422,0.541460,0.389354,0.522222
5,0.116667,0.529095,1.158785,0.000469,0.543095,0.389121,0.523096
5,0.120833,0.528700,1.158309,0.000523,0.544847,0.388845,0.523979
5,0.125000,0.528305,1.157820,0.000621,0.546722,0.388566,0.524895
5,0.129167,0.527879,1.157288,0.000719,0.548639,0.388137,0.525788
5,0.133333,0.527453,1.156746,0.000838,0.550577,0.387638,0.526668
5,0.137500,0.527011,1.156173,0.000971,0.552608,0.387122,0.527574
5,0.141667,0.526569,1.155579,0.001154,0.554843,0.386603,0.528565
5,0.145833,0.526128,1.154967,0.001378,0.557229,0.386084,0.529609
5,0.150000,0.525687,1.154341,0.001631,0.559701,0.385567,0.530636
5,0.154167,0.525266,1.153723,0.001915,0.562206,0.385073,0.531651
5,0.158333,0.524845,1.153102,0.002195,0.564645,0.384583,0.532607
5,0.162500,0.524461,1.152522,0.002488,0.566968,0.384138,0.533502
5,0.166667,0.524077,1.151953,0.002733,0.569046,0.383701,0.534263
5,0.170833,0.523745,1.151448,0.002979,0.570949,0.383322,0.534962
5,0.175000,0.523413,1.150949,0.003186,0.572699,0.382865,0.535593
5,0.179167,0.523144,1.150521,0.003413,0.574355,0.382484,0.536213
5,0.183333,0.522874,1.150102,0.003597,0.575847,0.382115,0.536758
5,0.187500,0.522674,1.149763,0.003805,0.577238,0.381826,0.537292
5,0.191667,0.522473,1.149436,0.003970,0.578456,0.381548,0.537744
5,0.195833,0.522340,1.149193,0.004159,0.579563,0.381349,0.538177
5,0.200000,0.522207,1.148965,0.004306,0.580488,0.381159,0.538521
5,0.204167,0.522134,1.148822,0.004433,0.581213,0.381047,0.538798
5,0.208333,0.522061,1.148708,0.004459,0.581641,0.380956,0.538934
5,0.212500,0.522034,1.148660,0.004455,0.581863,0.380925,0.539008
5,0.216667,0.522007,1.148628,0.004409,0.581908,0.380903,0.539007
5,0.220833,0.522003,1.148628,0.004381,0.581889,0.380906,0.538990
5,0.225000,0.522000,1.148630,0.004372,0.581830,0.380904,0.538964
5,0.229167,0.521986,1.148615,0.004398,0.581764,0.380879,0.538953
5,0.233333,0.521971,1.148589,0.004500,0.581768,0.380836,0.539001
5,0.237500,0.521892,1.148492,0.004575,0.581729,0.380718,0.539010
5,0.241667,0.521813,1.148399,0.004651,0.581660,0.380601,0.538998
5,0.245833,0.521618,1.148192,0.004632,0.581450,0.380365,0.538865
5,0.250000,0.521424,1.147984,0.004649,0.581219,0.380120,0.538740
5,0.254167,0.521074,1.147615,0.004568,0.580813,0.379706,0.538481
5,0.258333,0.520724,1.147238,0.004564,0.580394,0.379274,0.538259
5,0.262500,0.520184,1.146661,0.004470,0.579774,0.378631,0.537897
5,0.266667,0.519643,1.146070,0.004500,0.579149,0.377962,0.537599
5,0.270833,0.518887,1.145251,0.004449,0.578299,0.377052,0.537139
5,0.275000,0.518130,1.144423,0.004524,0.577436,0.376120,0.536714
5,0.279167,0.517137,1.143350,0.004486,0.576325,0.374935,0.536092
5,0.283333,0.516144,1.142267,0.004569,0.575200,0.373734,0.535513
5,0.287500,0.514902,1.140924,0.004520,0.573811,0.372271,0.534729
5,0.291667,0.513659,1.139568,0.004582,0.572408,0.370798,0.533995
5,0.295833,0.512160,1.137943,0.004493,0.570734,0.369061,0.533056
5,0.300000,0.510661,1.136302,0.004500,0.569044,0.367318,0.532174
5,0.304167,0.508904,1.134387,0.004380,0.567076,0.365309,0.531091
5,0.308333,0.507146,1.132457,0.004426,0.565090,0.363288,0.530063
5,0.312500,0.505134,1.130255,0.004374,0.562830,0.361004,0.528833
5,0.316667,0.503122,1.128038,0.004468,0.560554,0.358716,0.527653
5,0.320833,0.500863,1.125558,0.004446,0.558017,0.356179,0.526273
5,0.325000,0.498604,1.123062,0.004536,0.555467,0.353644,0.524939
5,0.329167,0.496110,1.120316,0.004484,0.552673,0.350879,0.523411
5,0.333333,0.493617,1.117554,0.004500,0.549869,0.348121,0.521924
5,0.337500,0.490906,1.114555,0.004396,0.546833,0.345149,0.520267
5,0.341667,0.488195,1.111534,0.004431,0.543777,0.342178,0.518667
5,0.345833,0.485286,1.108293,0.004394,0.540506,0.339011,0.516918
5,0.350000,0.482376,1.105033,0.004468,0.537222,0.335850,0.515211
5,0.354167,0.479291,1.101578,0.004460,0.533751,0.332520,0.513364
5,0.358333,0.476207,1.098106,0.004528,0.530272,0.329199,0.511547
5,0.362500,0.472972,1.094469,0.004498,0.526638,0.325736,0.509601
5,0.366667,0.469737,1.090817,0.004500,0.523004,0.322285,0.507670
5,0.370833,0.466379,1.087025,0.004432,0.519239,0.318719,0.505646
5,0.375000,0.463022,1.083208,0.004446,0.515461,0.315161,0.503665
5,0.379167,0.459571,1.079277,0.004436,0.511579,0.311518,0.501624
5,0.383333,0.456120,1.075327,0.004478,0.507689,0.307884,0.499607
5,0.387500,0.452606,1.071297,0.004493,0.503731,0.304196,0.497543
5,0.391667,0.449092,1.067255,0.004525,0.499772,0.300519,0.495484
5,0.395833,0.445546,1.063171,0.004524,0.495783,0.296822,0.493391
5,0.400000,0.442000,1.059081,0.004500,0.491800,0.293135,0.491286
5,0.404167,0.438454,1.054980,0.004469,0.487818,0.289458,0.489184
5,0.408333,0.434908,1.050861,0.004455,0.483833,0.285790,0.487101
5,0.412500,0.431394,1.046760,0.004474,0.479877,0.282163,0.485059
5,0.416667,0.427880,1.042648,0.004480,0.475922,0.278545,0.483018
5,0.420833,0.424429,1.038593,0.004521,0.472033,0.274999,0.481031
5,0.425000,0.420978,1.034535,0.004518,0.468149,0.271463,0.479025
5,0.429167,0.417620,1.030573,0.004548,0.464367,0.268030,0.477084
5,0.433333,0.414263,1.026619,0.004500,0.460596,0.264606,0.475106
5,0.437500,0.411028,1.022789,0.004507,0.456957,0.261312,0.473226
5,0.441667,0.407793,1.018956,0.004462,0.453324,0.258026,0.471336
5,0.445833,0.404708,1.015273,0.004504,0.449849,0.254896,0.469580
5,0.450000,0.401624,1.011593,0.004475,0.446383,0.251773,0.467799
5,0.454167,0.398714,1.008097,0.004536,0.443102,0.248833,0.466161
5,0.458333,0.395805,1.004613,0.004502,0.439833,0.245898,0.464483
5,0.462500,0.393094,1.001343,0.004560,0.436774,0.243167,0.462956
5,0.466667,0.390383,0.998094,0.004500,0.433730,0.240442,0.461374
5,0.470833,0.387889,0.995081,0.004541,0.430919,0.237939,0.459962
5,0.475000,0.385396,0.992083,0.004472,0.428123,0.235439,0.458513
5,0.479167,0.383137,0.989334,0.004525,0.425576,0.233177,0.457257
5,0.483333,0.380878,0.986605,0.004462,0.423043,0.230918,0.455957
5,0.487500,0.378866,0.984143,0.004528,0.420772,0.228909,0.454856
5,0.491667,0.376854,0.981703,0.004474,0.418515,0.226901,0.453704
5,0.495833,0.375096,0.979544,0.004550,0.416528,0.225151,0.452752
5,0.500000,0.373339,0.977412,0.004500,0.414556,0.223401,0.451743
5,0.504167,0.371840,0.975568,0.004568,0.412860,0.221911,0.450931
5,0.508333,0.370341,0.973753,0.004488,0.411182,0.220421,0.450062
5,0.512500,0.369098,0.972222,0.004529,0.409780,0.219188,0.449394
5,0.516667,0.367856,0.970718,0.004442,0.408394,0.217954,0.448675
5,0.520833,0.366863,0.969488,0.004487,0.407272,0.216970,0.448156
5,0.525000,0.365870,0.968282,0.004426,0.406163,0.215986,0.447591
5,0.529167,0.365113,0.967333,0.004506,0.405302,0.215237,0.447220
5,0.533333,0.364356,0.966405,0.004500,0.404451,0.214488,0.446809
5,0.537500,0.363816,0.965722,0.004585,0.403833,0.213954,0.446560
5,0.541667,0.363276,0.965074,0.004516,0.403235,0.213419,0.446246
5,0.545833,0.362926,0.964644,0.004512,0.402844,0.213073,0.446068
5,0.550000,0.362575,0.964236,0.004412,0.402465,0.212725,0.445850
5,0.554167,0.362381,0.963999,0.004402,0.402250,0.212533,0.445758
5,0.558333,0.362187,0.963770,0.004355,0.402037,0.212341,0.445650
5,0.562500,0.362108,0.963658,0.004416,0.401938,0.212263,0.445651
5,0.566667,0.362029,0.963540,0.004500,0.401832,0.212186,0.445660
5,0.570833,0.362014,0.963498,0.004607,0.401801,0.212173,0.445713
5,0.575000,0.362000,0.963479,0.004616,0.401792,0.212159,0.445722
5,0.579167,0.361991,0.963478,0.004575,0.401796,0.212149,0.445711
5,0.583333,0.361982,0.963479,0.004521,0.401799,0.212140,0.445693
5,0.587500,0.361906,0.963407,0.004430,0.401720,0.212064,0.445620
5,0.591667,0.361830,0.963316,0.004413,0.401615,0.211988,0.445578
5,0.595833,0.361621,0.963065,0.004377,0.401340,0.211781,0.445452
5,0.600000,0.361412,0.962775,0.004500,0.401016,0.211576,0.445394
5,0.604167,0.361015,0.962270,0.004547,0.400471,0.211184,0.445195
5,0.608333,0.360619,0.961754,0.004646,0.399912,0.210792,0.445014
5,0.612500,0.359989,0.960987,0.004587,0.399097,0.210169,0.444630
5,0.616667,0.359360,0.960196,0.004623,0.398250,0.209547,0.444287
5,0.620833,0.358464,0.959109,0.004508,0.397096,0.208660,0.443728
5,0.625000,0.357567,0.957987,0.004532,0.395892,0.207775,0.443231
5,0.629167,0.356378,0.956530,0.004424,0.394339,0.206599,0.442515
5,0.633333,0.355190,0.955025,0.004500,0.392720,0.205427,0.441882
5,0.637500,0.353692,0.953166,0.004447,0.390733,0.203948,0.441018
5,0.641667,0.352194,0.951267,0.004552,0.388701,0.202473,0.440219
5,0.645833,0.350379,0.949009,0.004494,0.386304,0.200684,0.439168
5,0.650000,0.348564,0.946711,0.004588,0.383859,0.198899,0.438183
5,0.654167,0.346430,0.944052,0.004511,0.381046,0.197204,0.436945
5,0.658333,0.344296,0.941351,0.004577,0.378182,0.195586,0.435773
5,0.662500,0.341850,0.938294,0.004470,0.374953,0.193694,0.434355
5,0.666667,0.339403,0.935193,0.004500,0.371671,0.191840,0.433004
5,0.670833,0.336656,0.931741,0.004395,0.368031,0.189729,0.431427
5,0.675000,0.333908,0.928235,0.004474,0.364336,0.187662,0.429930
5,0.679167,0.330878,0.924394,0.004435,0.360308,0.185355,0.428222
5,0.683333,0.327847,0.920506,0.004542,0.356236,0.183088,0.426577
5,0.687500,0.324556,0.916313,0.004512,0.351864,0.180599,0.424729
5,0.691667,0.321265,0.912081,0.004587,0.347457,0.178146,0.422930
5,0.695833,0.317741,0.907580,0.004512,0.342786,0.175494,0.420939
5,0.700000,0.314217,0.903047,0.004500,0.338089,0.172875,0.418982
5,0.704167,0.310490,0.898268,0.004392,0.333150,0.170093,0.416876
5,0.708333,0.306764,0.893433,0.004431,0.328162,0.167357,0.414837
5,0.712500,0.302869,0.888381,0.004422,0.322969,0.164496,0.412685
5,0.716667,0.298975,0.883288,0.004507,0.317747,0.161675,0.410576
5,0.720833,0.294949,0.878028,0.004525,0.312375,0.158759,0.408367
5,0.725000,0.290923,0.872743,0.004580,0.306993,0.171743,0.406178
5,0.729167,0.286804,0.867347,0.004550,0.301517,0.169624,0.403902
5,0.733333,0.282685,0.861941,0.004500,0.296047,0.167524,0.399390
5,0.737500,0.278514,0.856458,0.004422,0.290513,0.165401,0.394804
5,0.741667,0.274343,0.850935,0.004417,0.284951,0.163315,0.390212
5,0.745833,0.270161,0.845369,0.004444,0.279361,0.161248,0.385606
5,0.750000,0.265978,0.839781,0.004488,0.273766,0.159203,0.381001
5,0.754167,0.261825,0.834211,0.004548,0.268207,0.157203,0.376428
5,0.758333,0.257672,0.828639,0.004566,0.262663,0.193523,0.371850
5,0.762500,0.253590,0.823147,0.004583,0.257217,0.191505,0.367315
5,0.766667,0.249507,0.817676,0.004500,0.251809,0.189479,0.362792
5,0.770833,0.245534,0.812321,0.004467,0.246529,0.187580,0.358387
5,0.775000,0.241561,0.806956,0.004417,0.241250,0.185715,0.353985
5,0.779167,0.237736,0.801739,0.004476,0.236128,0.184018,0.349737
5,0.783333,0.233911,0.796530,0.004471,0.231025,0.182324,0.345497
5,0.787500,0.230270,0.791524,0.004562,0.226136,0.180802,0.341452
5,0.791667,0.226628,0.786546,0.004541,0.221285,0.179255,0.337421
5,0.795833,0.223203,0.781825,0.004600,0.216699,0.177884,0.333621
5,0.800000,0.219778,0.777153,0.004500,0.212170,0.176458,0.329841
5,0.804167,0.216598,0.772768,0.004511,0.207932,0.175260,0.326321
5,0.808333,0.213419,0.768413,0.004423,0.203724,0.174075,0.322814
5,0.812500,0.210510,0.764362,0.004494,0.199822,0.173152,0.319590
5,0.816667,0.207602,0.760352,0.004441,0.195960,0.172197,0.316380
5,0.820833,0.204985,0.756680,0.004542,0.192434,0.171481,0.313478
5,0.825000,0.202368,0.753060,0.004491,0.188960,0.170691,0.310591
5,0.829167,0.200058,0.749805,0.004584,0.185848,0.170111,0.308030
5,0.833333,0.197748,0.746614,0.004500,0.182797,0.169413,0.305487
5,0.837500,0.195754,0.743805,0.004554,0.180122,0.168936,0.303279
5,0.841667,0.193760,0.741059,0.004445,0.177501,0.168395,0.301089
5,0.845833,0.192085,0.738693,0.004499,0.175249,0.168100,0.299235
5,0.850000,0.190410,0.736385,0.004402,0.173048,0.167723,0.297397
5,0.854167,0.189050,0.734447,0.004477,0.171208,0.167569,0.295889
5,0.858333,0.187689,0.732564,0.004413,0.169415,0.167313,0.294395
5,0.862500,0.186632,0.731035,0.004520,0.167969,0.167248,0.293218
5,0.866667,0.185574,0.729556,0.004500,0.166566,0.167063,0.292054
5,0.870833,0.184799,0.728427,0.004593,0.165502,0.167010,0.291189
5,0.875000,0.184024,0.727378,0.004496,0.164502,0.166803,0.290345
5,0.879167,0.183502,0.726646,0.004495,0.163807,0.166724,0.289770
5,0.883333,0.182980,0.725964,0.004371,0.163153,0.166549,0.289208
5,0.887500,0.182672,0.725533,0.004371,0.162743,0.166521,0.288869
5,0.891667,0.182364,0.725122,0.004315,0.162351,0.166456,0.288535
5,0.895833,0.182221,0.724881,0.004402,0.162129,0.166547,0.288368
5,0.900000,0.182078,0.724632,0.004499,0.161903,0.166658,0.288198
5,0.904167,0.182040,0.724524,0.004643,0.161808,0.166778,0.288143
5,0.908333,0.182002,0.724485,0.004666,0.161764,0.166722,0.288105
5,0.912500,0.181998,0.724516,0.004647,0.161782,0.166612,0.288110
5,0.916667,0.181994,0.724553,0.004599,0.161807,0.166503,0.288115
5,0.920833,0.181931,0.724504,0.004508,0.161757,0.166426,0.288056
5,0.925000,0.181868,0.724397,0.004478,0.161671,0.166527,0.287983
5,0.929167,0.181658,0.724051,0.004409,0.161376,0.166746,0.287739
5,0.933333,0.181448,0.723581,0.004499,0.161001,0.167321,0.287464
5,0.937500,0.181020,0.722804,0.004559,0.160351,0.167985,0.286949
5,0.941667,0.180591,0.721983,0.004775,0.159678,0.168851,0.286423
5,0.945833,0.179893,0.720830,0.004849,0.158698,0.169656,0.285612
5,0.950000,0.179195,0.719602,0.005023,0.157671,0.170679,0.284783
5,0.954167,0.178191,0.717975,0.004971,0.156280,0.171624,0.283627
5,0.958333,0.177187,0.716238,0.004981,0.154818,0.172805,0.282445
5,0.962500,0.175859,0.714050,0.004716,0.152950,0.173908,0.280908
5,0.966667,0.174530,0.711717,0.004499,0.150991,0.175272,0.279338
5,0.970833,0.172870,0.708903,0.004172,0.148611,0.176709,0.277403
5,0.975000,0.171211,0.705948,0.004200,0.146155,0.178617,0.275437
5,0.979167,0.169227,0.702538,0.004205,0.143306,0.180569,0.273120
5,0.983333,0.167244,0.699006,0.004450,0.140391,0.182782,0.270778
5,0.987500,0.164954,0.695054,0.004560,0.137109,0.184839,0.268109
5,0.991667,0.162664,0.690997,0.004761,0.133772,0.186928,0.265421
5,0.995833,0.160096,0.686568,0.004683,0.130105,0.188644,0.262438
5,1.000000,0.157528,0.682054,0.004499,0.126389,0.190128,0.259443
5,1.004167,0.154717,0.677172,0.004077,0.122364,0.191266,0.256184
5,1.008333,0.151907,0.672135,0.003863,0.118263,0.192488,0.252899
5,1.012500,0.148896,0.666768,0.003672,0.113903,0.193538,0.249394
5,1.016667,0.145886,0.661296,0.003702,0.109500,0.194551,0.245876
5,1.020833,0.142724,0.655593,0.003779,0.104918,0.195308,0.242199
5,1.025000,0.139561,0.649840,0.004015,0.100323,0.195885,0.238520
5,1.029167,0.136300,0.643965,0.004248,0.095630,0.196102,0.234747
5,1.033333,0.133038,0.638098,0.004499,0.090952,0.195972,0.230984
5,1.037500,0.129732,0.632141,0.004712,0.086213,0.195449,0.227176
5,1.041667,0.126426,0.626088,0.004718,0.081431,0.194637,0.223360
5,1.045833,0.123131,0.619981,0.004484,0.076638,0.193549,0.219551
5,1.050000,0.119835,0.613842,0.004320,0.071843,0.192180,0.215746
5,1.054167,0.116607,0.607771,0.004282,0.067130,0.190602,0.212018
5,1.058333,0.113379,0.601736,0.004282,0.062451,0.188320,0.208304
5,1.062500,0.110271,0.595894,0.004408,0.057946,0.185826,0.204732
5,1.066667,0.107164,0.590162,0.004499,0.053511,0.183178,0.201185
5,1.070833,0.104228,0.584670,0.004631,0.049290,0.180468,0.197829
5,1.075000,0.101292,0.579196,0.004581,0.045081,0.177471,0.194482
5,1.079167,0.098573,0.573982,0.004589,0.041115,0.174459,0.191365
5,1.083333,0.095855,0.568834,0.004456,0.037188,0.171273,0.188265
5,1.087500,0.093394,0.564035,0.004458,0.033571,0.168228,0.185443
5,1.091667,0.090933,0.559352,0.004357,0.030019,0.165128,0.182643
5,1.095833,0.088763,0.555102,0.004461,0.026837,0.162326,0.180159
5,1.100000,0.086593,0.551021,0.004500,0.023746,0.159594,0.177704
5,1.104167,0.084738,0.547419,0.004693,0.021054,0.157184,0.175592
5,1.108333,0.082882,0.543958,0.004634,0.018430,0.154697,0.173502
5,1.112500,0.081355,0.540965,0.004677,0.016200,0.152491,0.171763
5,1.116667,0.079828,0.538105,0.004520,0.014034,0.150268,0.170045
5,1.120833,0.078630,0.535707,0.004524,0.012261,0.148389,0.168677
5,1.125000,0.077433,0.533436,0.004393,0.010551,0.146554,0.167328
5,1.129167,0.076555,0.531607,0.004479,0.009220,0.145113,0.166316
5,1.133333,0.075677,0.529897,0.004499,0.007949,0.143779,0.165321
5,1.137500,0.075091,0.528644,0.004669,0.007051,0.142872,0.164643
5,1.141667,0.074506,0.527581,0.004615,0.006242,0.142086,0.163992
5,1.145833,0.074172,0.526922,0.004629,0.005755,0.141634,0.163613
5,1.150000,0.073838,0.526381,0.004503,0.005323,0.141231,0.163251
5,1.154167,0.073697,0.526113,0.004474,0.005121,0.141032,0.163091
5,1.158333,0.073555,0.525889,0.004395,0.004939,0.140807,0.162938
5,1.162500,0.073528,0.525787,0.004426,0.004876,0.140636,0.162901
5,1.166667,0.073500,0.525657,0.004499,0.004800,0.140366,0.162859
5,1.170833,0.073500,0.525558,0.004608,0.004753,0.140115,0.162845
5,1.175000,0.073500,0.525511,0.004664,0.004732,0.139928,0.162839
5,1.179167,0.073500,0.525505,0.004680,0.004729,0.139745,0.162838
5,1.183333,0.073500,0.525527,0.004663,0.004739,0.139504,0.162841
5,1.187500,0.073500,0.525566,0.004626,0.004757,0.139145,0.162846
5,1.191667,0.073500,0.525608,0.004578,0.004777,0.138489,0.162852
5,1.195833,0.073500,0.525643,0.004532,0.004793,0.137504,0.162857
5,1.200000,0.073500,0.525657,0.004500,0.004800,0.136147,0.162859
5,1.204167,0.073500,0.525657,0.004474,0.004800,0.134384,0.162859
5,1.208333,0.073500,0.525657,0.004445,0.004800,0.132276,0.162859
5,1.212500,0.073500,0.525657,0.004417,0.004800,0.129895,0.162859
5,1.216667,0.073500,0.525657,0.004396,0.004800,0.127308,0.162859
5,1.220833,0.073500,0.525657,0.004388,0.004800,0.124582,0.162859
5,1.225000,0.073500,0.525657,0.004398,0.004800,0.121784,0.162859
5,1.229167,0.073500,0.525657,0.004433,0.004800,0.118976,0.162859
5,1.233333,0.073500,0.525657,0.004500,0.004800,0.116220,0.162859
5,1.237500,0.073500,0.525657,0.004602,0.004800,0.113365,0.162859
5,1.241667,0.073500,0.525657,0.004742,0.004800,0.110290,0.162859
5,1.245833,0.073500,0.525657,0.004924,0.004800,0.107100,0.162859
5,1.250000,0.073500,0.525657,0.005145,0.004800,0.103898,0.162859
5,1.254167,0.073500,0.525657,0.005401,0.004800,0.100780,0.162859
5,1.258333,0.073500,0.525657,0.005252,0.004800,0.097843,0.162859
5,1.262500,0.073500,0.525657,0.004823,0.004800,0.095182,0.162859
5,1.266667,0.073500,0.525657,0.004500,0.004800,0.092890,0.162859
5,1.270833,0.073500,0.525632,0.004294,0.004783,0.090929,0.162856
5,1.275000,0.073500,0.525573,0.004194,0.004744,0.089189,0.162847
5,1.279167,0.073500,0.525500,0.004176,0.004694,0.087655,0.162837
5,1.283333,0.073500,0.525434,0.004217,0.004650,0.086312,0.162828
5,1.287500,0.073500,0.525395,0.004295,0.004624,0.085145,0.162823
5,1.291667,0.073500,0.525406,0.004385,0.004631,0.084139,0.162824
5,1.295833,0.073500,0.525486,0.004462,0.004685,0.083282,0.162835
5,1.300000,0.073500,0.525657,0.004500,0.004800,0.082557,0.162859
5,1.304167,0.073500,0.525677,0.004508,0.004807,0.082039,0.162862
5,1.308333,0.073500,0.525425,0.004512,0.004622,0.081772,0.162827
5,1.312500,0.073500,0.525098,0.004513,0.004382,0.081697,0.162782
5,1.316667,0.073500,0.524891,0.004511,0.004225,0.081760,0.162754
5,1.320833,0.073500,0.525003,0.004508,0.004290,0.081903,0.162769
5,1.325000,0.073500,0.525632,0.004504,0.004715,0.082069,0.162855
5,1.329167,0.073500,0.526971,0.004501,0.005635,0.082203,0.163040
5,1.333333,0.073500,0.529209,0.004500,0.007187,0.082248,0.163353
5,1.337500,0.073500,0.532187,0.004500,0.009222,0.082233,0.163775
5,1.341667,0.073500,0.535640,0.004500,0.011542,0.082226,0.164275
5,1.345833,0.073500,0.539599,0.004500,0.014202,0.082225,0.164860
5,1.350000,0.073500,0.544093,0.004500,0.017257,0.082228,0.165541
5,1.354167,0.073500,0.549143,0.004500,0.020760,0.082234,0.166329
5,1.358333,0.073500,0.554770,0.004500,0.024766,0.082240,0.167237
5,1.362500,0.073500,0.560986,0.004500,0.029328,0.082245,0.168276
5,1.366667,0.073500,0.567798,0.004500,0.034497,0.082248,0.169463
5,1.370833,0.073500,0.575358,0.004500,0.040373,0.082248,0.170841
5,1.375000,0.073500,0.583640,0.004500,0.046911,0.082248,0.172432
5,1.379167,0.073500,0.592387,0.004500,0.053956,0.082248,0.174210
5,1.383333,0.073500,0.601356,0.004500,0.061363,0.082248,0.176150
5,1.387500,0.073500,0.610320,0.004500,0.068999,0.082248,0.178220
5,1.391667,0.073500,0.619081,0.004500,0.076747,0.082248,0.180386
5,1.395833,0.073500,0.627466,0.004500,0.084508,0.082248,0.182611
5,1.400000,0.073500,0.635331,0.004500,0.092203,0.082248,0.184853
5,1.404167,0.073500,0.642944,0.004500,0.100149,0.082248,0.187189
5,1.408333,0.073500,0.650491,0.004500,0.108558,0.082248,0.189493
5,1.412500,0.073500,0.657757,0.004500,0.117214,0.082248,0.191849
5,1.416667,0.073500,0.664561,0.004500,0.125905,0.082248,0.180893
5,1.420833,0.073500,0.670764,0.004500,0.134432,0.082248,0.169990
5,1.425000,0.073500,0.676266,0.004500,0.142604,0.082248,0.159465
5,1.429167,0.073500,0.681012,0.004500,0.150243,0.082248,0.149549
5,1.433333,0.073500,0.684983,0.004500,0.157183,0.082248,0.140467
5,1.437500,0.073500,0.688354,0.004500,0.163686,0.082248,0.132011
5,1.441667,0.073500,0.691294,0.004500,0.170064,0.082248,0.123890
5,1.445833,0.073500,0.693811,0.004500,0.176236,0.082248,0.116193
5,1.450000,0.073500,0.695921,0.004500,0.182112,0.082248,0.109002
5,1.454167,0.073500,0.697650,0.004500,0.187596,0.082248,0.102397
5,1.458333,0.073500,0.699030,0.004500,0.192588,0.082248,0.096451
5,1.462500,0.073500,0.700102,0.004500,0.196984,0.082248,0.091232
5,1.466667,0.073500,0.700904,0.004500,0.200675,0.082248,0.086806
5,1.470833,0.073500,0.701471,0.004500,0.203599,0.082248,0.083287
5,1.475000,0.073500,0.701855,0.004500,0.205849,0.082248,0.080637
5,1.479167,0.073500,0.702114,0.004500,0.207548,0.082248,0.078693
5,1.483333,0.073500,0.702288,0.004500,0.208814,0.082248,0.077296
5,1.487500,0.073500,0.702408,0.004500,0.209760,0.082248,0.076290
5,1.491667,0.073500,0.702497,0.004500,0.210496,0.082248,0.075525
5,1.495833,0.073500,0.702573,0.004500,0.211134,0.082248,0.074850
5,1.500000,0.073500,0.702652,0.004500,0.211782,0.082248,0.074120
5,1.504167,0.073500,0.702718,0.004500,0.212310,0.082248,0.073498
5,1.508333,0.073500,0.702751,0.004500,0.212560,0.082248,0.073186
5,1.512500,0.073500,0.702761,0.004500,0.212595,0.082248,0.073102
5,1.516667,0.073500,0.702756,0.004500,0.212480,0.082248,0.073165
5,1.520833,0.073500,0.702745,0.004500,0.212279,0.082248,0.073296
5,1.525000,0.073500,0.702734,0.004500,0.212055,0.082248,0.073415
5,1.529167,0.073500,0.702733,0.004500,0.211874,0.082248,0.073445
5,1.533333,0.073500,0.702748,0.004500,0.211800,0.082248,0.073307
5,1.537500,0.073500,0.702778,0.004500,0.211800,0.082248,0.073011
5,1.541667,0.073500,0.702814,0.004500,0.211799,0.082248,0.072635
5,1.545833,0.073500,0.702855,0.004500,0.211799,0.082248,0.072205
5,1.550000,0.073500,0.702897,0.004500,0.211798,0.082248,0.071747
5,1.554167,0.073500,0.702937,0.004500,0.211798,0.082248,0.071284
5,1.558333,0.073500,0.702974,0.004500,0.211799,0.082248,0.070844
5,1.562500,0.073500,0.703007,0.004500,0.211799,0.082248,0.070452
5,1.566667,0.073500,0.703032,0.004500,0.211800,0.082248,0.070133
5,1.570833,0.073500,0.703051,0.004500,0.211800,0.082248,0.069888
5,1.575000,0.073500,0.703067,0.004500,0.211801,0.082248,0.069692
5,1.579167,0.073500,0.703078,0.004500,0.211801,0.082248,0.069535
5,1.583333,0.073500,0.703088,0.004500,0.211801,0.082248,0.069403
5,1.587500,0.073500,0.703097,0.004500,0.211800,0.082248,0.069288
5,1.591667,0.073500,0.703105,0.004500,0.211800,0.082248,0.069175
5,1.595833,0.073500,0.703114,0.004500,0.211800,0.082248,0.069056
5,1.600000,0.073500,0.703124,0.004500,0.211800,0.082248,0.068917
6,0.000000,0.073500,0.703124,0.004500,0.211800,0.082248,0.068917
6,0.004167,0.073500,0.703104,0.004500,0.211548,0.082248,0.069195
6,0.008333,0.073500,0.703094,0.004500,0.211413,0.082248,0.069341
6,0.012500,0.073500,0.703087,0.004500,0.211325,0.082248,0.069434
6,0.016667,0.073500,0.703078,0.004500,0.211213,0.082248,0.069553
6,0.020833,0.073500,0.703061,0.004500,0.211008,0.082248,0.069779
6,0.025000,0.073500,0.703029,0.004500,0.210638,0.082248,0.070189
6,0.029167,0.073500,0.702974,0.004500,0.210033,0.082248,0.070864
6,0.033333,0.073500,0.702886,0.004500,0.209122,0.082248,0.071884
6,0.037500,0.073500,0.702763,0.004500,0.207949,0.082248,0.073188
6,0.041667,0.073500,0.702610,0.004500,0.206602,0.082248,0.074673
6,0.045833,0.073500,0.702419,0.004500,0.205071,0.082248,0.076360
6,0.050000,0.073500,0.702180,0.004500,0.203343,0.082248,0.078270
6,0.054167,0.073500,0.701884,0.004500,0.201407,0.082248,0.080422
6,0.058333,0.073500,0.701515,0.004500,0.199250,0.082248,0.082838
6,0.062500,0.073500,0.701060,0.004500,0.196857,0.082248,0.085542
6,0.066667,0.073500,0.700499,0.004500,0.194214,0.082248,0.088554
6,0.070833,0.073500,0.699810,0.004500,0.191270,0.082248,0.091902
6,0.075000,0.073500,0.698974,0.004500,0.188014,0.082248,0.095578
6,0.079167,0.073500,0.697978,0.004500,0.184484,0.082248,0.099557
6,0.083333,0.073500,0.696807,0.004500,0.180718,0.082248,0.103811
6,0.087500,0.073500,0.695452,0.004500,0.176754,0.082248,0.108316
6,0.091667,0.073500,0.693901,0.004500,0.172625,0.082248,0.113045
6,0.095833,0.073500,0.692149,0.004500,0.168366,0.082248,0.117976
6,0.100000,0.073500,0.690190,0.004500,0.164009,0.082248,0.123084
6,0.104167,0.073500,0.687977,0.004500,0.159447,0.082248,0.128454
6,0.108333,0.073500,0.685458,0.004500,0.154591,0.082248,0.134149
6,0.112500,0.073500,0.682634,0.004500,0.149498,0.082248,0.140113
6,0.116667,0.073500,0.679511,0.004500,0.144230,0.082248,0.146290
6,0.120833,0.073500,0.676106,0.004500,0.138847,0.082248,0.152623
6,0.125000,0.073500,0.672440,0.004500,0.133409,0.082248,0.159056
6,0.129167,0.073500,0.668543,0.004500,0.127980,0.082248,0.165531
6,0.133333,0.073500,0.664454,0.004500,0.122623,0.082248,0.171992
6,0.137500,0.073500,0.660104,0.004500,0.117231,0.082248,0.178546
6,0.141667,0.073500,0.655416,0.004500,0.111688,0.082248,0.185295
6,0.145833,0.073500,0.650425,0.004500,0.106043,0.082248,0.189472
6,0.150000,0.073500,0.645174,0.004500,0.100348,0.082248,0.187894
6,0.154167,0.073500,0.639717,0.004500,0.094659,0.082248,0.186177
6,0.158333,0.073500,0.634116,0.004500,0.089038,0.082248,0.184496
6,0.162500,0.073500,0.628442,0.004500,0.083547,0.082248,0.182881
6,0.166667,0.073500,0.622775,0.004500,0.078254,0.082248,0.181347
6,0.170833,0.073500,0.617048,0.004500,0.073099,0.082248,0.179870
6,0.175000,0.073500,0.611175,0.004500,0.067994,0.082248,0.178425
6,0.179167,0.073500,0.605211,0.004500,0.062964,0.082248,0.177023
6,0.183333,0.073500,0.599216,0.004500,0.058037,0.082248,0.175676
6,0.187500,0.073500,0.593256,0.004500,0.053249,0.082248,0.174392
6,0.191667,0.073500,0.587401,0.004500,0.048635,0.082248,0.173183
6,0.195833,0.073500,0.581728,0.004500,0.044237,0.082248,0.172056
6,0.200000,0.073500,0.576314,0.004500,0.040095,0.082248,0.171020
6,0.204167,0.073500,0.571134,0.004500,0.036207,0.082248,0.170063
6,0.208333,0.073500,0.566129,0.004500,0.032541,0.082248,0.169167
6,0.212500,0.073500,0.561325,0.004500,0.029096,0.082248,0.168334
6,0.216667,0.073500,0.556752,0.004500,0.025872,0.082248,0.167564
6,0.220833,0.073500,0.552437,0.004500,0.022871,0.082248,0.166857
6,0.225000,0.073500,0.548411,0.004500,0.020096,0.082248,0.166213
6,0.229167,0.073500,0.544700,0.004500,0.017548,0.082248,0.165635
6,0.233333,0.073500,0.541334,0.004500,0.015232,0.082248,0.165121
6,0.237500,0.073500,0.538376,0.004500,0.013202,0.082247,0.164678
6,0.241667,0.073500,0.535844,0.004500,0.011488,0.082246,0.164304
6,0.245833,0.073500,0.533689,0.004500,0.010049,0.082244,0.163991
6,0.250000,0.073500,0.531863,0.004500,0.008844,0.082242,0.163729
6,0.254167,0.073500,0.530314,0.004500,0.007834,0.082242,0.163509
6,0.258333,0.073500,0.528991,0.004500,0.006977,0.082242,0.163322
6,0.262500,0.073500,0.527838,0.004500,0.006229,0.082244,0.163161
6,0.266667,0.073500,0.526803,0.004500,0.005550,0.082248,0.163017
6,0.270833,0.073500,0.526000,0.004500,0.005018,0.082230,0.162906
6,0.275000,0.073500,0.525530,0.004500,0.004709,0.082182,0.162842
6,0.279167,0.073500,0.525323,0.004500,0.004573,0.082121,0.162813
6,0.283333,0.073500,0.525305,0.004501,0.004562,0.082069,0.162811
6,0.287500,0.073500,0.525403,0.004501,0.004629,0.082043,0.162824
6,0.291667,0.073500,0.525543,0.004501,0.004723,0.082065,0.162843
6,0.295833,0.073500,0.525652,0.004501,0.004796,0.082153,0.162858
6,0.300000,0.073500,0.525657,0.004500,0.004800,0.082327,0.162859
6,0.304167,0.073500,0.525602,0.004500,0.004764,0.082548,0.162851
6,0.308333,0.073500,0.525576,0.004503,0.004748,0.082780,0.162848
6,0.312500,0.073500,0.525573,0.004506,0.004747,0.083048,0.162847
6,0.316667,0.073500,0.525585,0.004509,0.004757,0.083378,0.162849
6,0.320833,0.073500,0.525606,0.004511,0.004771,0.083796,0.162852
6,0.325000,0.073500,0.525630,0.004510,0.004786,0.084327,0.162855
6,0.329167,0.073500,0.525649,0.004507,0.004797,0.084997,0.162858
6,0.333333,0.073500,0.525657,0.004500,0.004800,0.085833,0.162859
6,0.337500,0.073500,0.525657,0.004473,0.004798,0.086818,0.162859
6,0.341667,0.073500,0.525657,0.004423,0.004800,0.087922,0.162859
6,0.345833,0.073500,0.525657,0.004364,0.004802,0.089148,0.162859
6,0.350000,0.073500,0.525657,0.004314,0.004806,0.090499,0.162859
6,0.354167,0.073500,0.525657,0.004289,0.004808,0.091978,0.162859
6,0.358333,0.073500,0.525657,0.004302,0.004809,0.093589,0.162859
6,0.362500,0.073500,0.525657,0.004368,0.004806,0.095334,0.162859
6,0.366667,0.073500,0.525657,0.004500,0.004800,0.097218,0.162859
6,0.370833,0.073500,0.525657,0.004689,0.004794,0.099258,0.162859
6,0.375000,0.073500,0.525657,0.004922,0.004793,0.101460,0.162859
6,0.379167,0.073500,0.525657,0.005201,0.004796,0.103812,0.162859
6,0.383333,0.073500,0.525657,0.005079,0.004800,0.106302,0.162859
6,0.387500,0.073500,0.525657,0.004892,0.004805,0.108919,0.162859
6,0.391667,0.073500,0.525657,0.004732,0.004807,0.111651,0.162859
6,0.395833,0.073500,0.525657,0.004601,0.004806,0.114485,0.162859
6,0.400000,0.073500,0.525657,0.004499,0.004800,0.117409,0.162859
6,0.404167,0.073500,0.525657,0.004433,0.004792,0.120459,0.162859
6,0.408333,0.073500,0.525657,0.004401,0.004789,0.123668,0.162859
6,0.412500,0.073500,0.525657,0.004396,0.004789,0.127019,0.162859
6,0.416667,0.073500,0.525657,0.004411,0.004792,0.130493,0.162859
6,0.420833,0.073500,0.525657,0.004437,0.004796,0.134069,0.162859
6,0.425000,0.073500,0.525657,0.004466,0.004800,0.137725,0.162859
6,0.429167,0.073500,0.525657,0.004489,0.004802,0.140972,0.162859
6,0.433333,0.073500,0.525657,0.004499,0.004800,0.143860,0.162859
6,0.437500,0.073500,0.525657,0.004488,0.004795,0.146736,0.162859
6,0.441667,0.073500,0.525657,0.004462,0.004790,0.149626,0.162859
6,0.445833,0.073500,0.525657,0.004430,0.004787,0.152547,0.162859
6,0.450000,0.073500,0.525657,0.004402,0.004787,0.155474,0.162859
6,0.454167,0.073500,0.525657,0.004388,0.004788,0.158398,0.162859
6,0.458333,0.073500,0.525657,0.004395,0.004792,0.161308,0.162859
6,0.462500,0.073500,0.525657,0.004430,0.004796,0.164193,0.162859
6,0.466667,0.073500,0.525657,0.004499,0.004800,0.167043,0.162859
6,0.470833,0.073500,0.525657,0.004565,0.004801,0.169851,0.162859
6,0.475000,0.073500,0.525657,0.004604,0.004798,0.171427,0.162859
6,0.479167,0.073500,0.525657,0.004643,0.004793,0.165132,0.162859
6,0.483333,0.073500,0.525657,0.004708,0.004789,0.158593,0.162859
6,0.487500,0.073500,0.525657,0.004821,0.004787,0.152718,0.162859
6,0.491667,0.073500,0.525657,0.005002,0.004788,0.147195,0.162859
6,0.495833,0.073500,0.525657,0.004868,0.004792,0.141697,0.162859
6,0.500000,0.073500,0.525657,0.004499,0.004800,0.136310,0.162859
6,0.504167,0.073500,0.525657,0.004285,0.004806,0.131061,0.162859
6,0.508333,0.073500,0.525657,0.004194,0.004806,0.121931,0.162859
6,0.512500,0.073500,0.525657,0.004193,0.004803,0.112626,0.162859
6,0.516667,0.073500,0.525657,0.004249,0.004798,0.103246,0.162859
6,0.520833,0.073500,0.525657,0.004332,0.004794,0.098337,0.162859
6,0.525000,0.073500,0.525657,0.004418,0.004792,0.098319,0.162859
6,0.529167,0.073500,0.525657,0.004481,0.004793,0.098306,0.162859
6,0.533333,0.073500,0.525657,0.004499,0.004800,0.098299,0.162859
6,0.537500,0.073500,0.525657,0.004492,0.004807,0.098294,0.162859
6,0.541667,0.073500,0.525657,0.004490,0.004810,0.096144,0.162859
6,0.545833,0.073500,0.525657,0.004491,0.004809,0.089874,0.162859
6,0.550000,0.073500,0.525657,0.004494,0.004806,0.086236,0.162859
6,0.554167,0.073500,0.525657,0.004498,0.004802,0.086220,0.162859
6,0.558333,0.073500,0.525657,0.004502,0.004799,0.086205,0.162859
6,0.562500,0.073500,0.525657,0.004502,0.004798,0.086194,0.162859
6,0.566667,0.073500,0.525657,0.004499,0.004800,0.086187,0.162859
6,0.570833,0.073500,0.525654,0.004500,0.004803,0.086181,0.162859
6,0.575000,0.073500,0.525646,0.004509,0.004803,0.086175,0.162857
6,0.579167,0.073500,0.525637,0.004523,0.004802,0.086168,0.162856
6,0.583333,0.073500,0.525629,0.004537,0.004800,0.086161,0.162855
6,0.587500,0.073500,0.525624,0.004546,0.004797,0.086156,0.162854
6,0.591667,0.073500,0.525625,0.004546,0.004796,0.086153,0.162855
6,0.595833,0.073500,0.525635,0.004532,0.004796,0.086154,0.162856
6,0.600000,0.073500,0.525657,0.004499,0.004800,0.086159,0.162859
6,0.604167,0.073500,0.525655,0.004503,0.004800,0.086157,0.162859
6,0.608333,0.073500,0.525614,0.004570,0.004793,0.086144,0.162853
6,0.612500,0.073504,0.525565,0.004661,0.004788,0.086131,0.162850
6,0.616667,0.073508,0.525532,0.004726,0.004786,0.086124,0.162849
6,0.620833,0.073586,0.525619,0.004794,0.004865,0.086205,0.162928
6,0.625000,0.073664,0.525778,0.004748,0.004958,0.086309,0.163017
6,0.629167,0.073928,0.526224,0.004726,0.005254,0.086631,0.163306
6,0.633333,0.074192,0.526799,0.004500,0.005573,0.086993,0.163613
6,0.637500,0.074732,0.527741,0.004415,0.006185,0.087661,0.164208
6,0.641667,0.075271,0.528733,0.004271,0.006808,0.088347,0.164811
6,0.645833,0.076155,0.530137,0.004373,0.007788,0.089399,0.165766
6,0.650000,0.077038,0.531629,0.004339,0.008784,0.090480,0.166735
6,0.654167,0.078314,0.533620,0.004523,0.010190,0.091988,0.168110
6,0.658333,0.079589,0.535737,0.004495,0.011618,0.093535,0.169504
6,0.662500,0.081287,0.538420,0.004640,0.013490,0.095550,0.171341
6,0.666667,0.082984,0.541267,0.004499,0.015391,0.097617,0.173201
6,0.670833,0.085115,0.544711,0.004528,0.017757,0.100177,0.175521
6,0.675000,0.087246,0.548300,0.004345,0.020157,0.102792,0.177862
6,0.679167,0.089808,0.552453,0.004400,0.023017,0.105890,0.180656
6,0.683333,0.092370,0.556728,0.004272,0.025902,0.109034,0.183471
6,0.687500,0.095346,0.561528,0.004388,0.029220,0.112634,0.186718
6,0.691667,0.098322,0.566428,0.004337,0.032555,0.116271,0.189984
6,0.695833,0.101684,0.571802,0.004505,0.036287,0.120328,0.193652
6,0.700000,0.105046,0.577255,0.004499,0.040028,0.124413,0.197336
6,0.704167,0.108753,0.583165,0.004596,0.044139,0.128895,0.201388
6,0.708333,0.112460,0.589208,0.004438,0.048289,0.133444,0.205465
6,0.712500,0.116465,0.595654,0.004388,0.052768,0.138347,0.209862
6,0.716667,0.120469,0.602176,0.004211,0.057267,0.143296,0.214277
6,0.720833,0.124715,0.608989,0.004202,0.062019,0.148518,0.218949
6,0.725000,0.128960,0.615824,0.004164,0.066775,0.153763,0.223630
6,0.729167,0.133385,0.622836,0.004315,0.071703,0.159198,0.228498
6,0.733333,0.137810,0.629819,0.004499,0.076616,0.164631,0.233368
6,0.737500,0.142348,0.636933,0.004698,0.081647,0.170204,0.238362
6,0.741667,0.146886,0.644108,0.004698,0.086709,0.175833,0.243374
6,0.745833,0.151468,0.651355,0.004617,0.091835,0.186970,0.248444
6,0.750000,0.156051,0.658602,0.004481,0.096972,0.190108,0.253522
6,0.754167,0.160609,0.665794,0.004337,0.102085,0.193607,0.258578
6,0.758333,0.165166,0.672929,0.004279,0.107189,0.193508,0.263632
6,0.762500,0.169629,0.679884,0.004281,0.112178,0.192426,0.268583
6,0.766667,0.174093,0.686728,0.004499,0.117133,0.191756,0.273521
6,0.770833,0.178395,0.693342,0.004658,0.121908,0.191257,0.278291
6,0.775000,0.182697,0.699927,0.004787,0.126685,0.190983,0.283062
6,0.779167,0.186775,0.706241,0.004704,0.131237,0.190715,0.287606
6,0.783333,0.190853,0.712488,0.004682,0.135787,0.190684,0.292144
6,0.787500,0.194648,0.718365,0.004491,0.140049,0.190613,0.296387
6,0.791667,0.198444,0.724137,0.004470,0.144299,0.190793,0.300615
6,0.795833,0.201907,0.729452,0.004342,0.148195,0.190899,0.304487
6,0.800000,0.205370,0.734627,0.004500,0.152061,0.191273,0.308334
6,0.804167,0.208457,0.739303,0.004519,0.155509,0.191543,0.311782
6,0.808333,0.211545,0.743883,0.004691,0.158918,0.192067,0.315212
6,0.812500,0.214225,0.747957,0.004615,0.161893,0.192417,0.318216
6,0.816667,0.216905,0.751931,0.004710,0.164851,0.192984,0.321200
6,0.820833,0.219158,0.755373,0.004561,0.167372,0.193322,0.323734
6,0.825000,0.221411,0.758710,0.004610,0.169887,0.193843,0.326245
6,0.829167,0.223229,0.761504,0.004439,0.171963,0.194097,0.328298
6,0.833333,0.225047,0.764186,0.004500,0.174035,0.194502,0.330326
6,0.837500,0.226438,0.766312,0.004401,0.175645,0.194683,0.331896
6,0.841667,0.227830,0.768304,0.004568,0.177197,0.195103,0.333435
6,0.845833,0.228819,0.769780,0.004558,0.178301,0.195321,0.334544
6,0.850000,0.229808,0.771163,0.004734,0.179369,0.195702,0.335631
6,0.854167,0.230438,0.772114,0.004698,0.180054,0.195848,0.336340
6,0.858333,0.231068,0.773011,0.004772,0.180728,0.196081,0.337036
6,0.862500,0.231401,0.773577,0.004619,0.181108,0.196065,0.337427
6,0.866667,0.231734,0.774128,0.004500,0.181503,0.196061,0.337814
6,0.870833,0.231854,0.774407,0.004289,0.181675,0.195926,0.337974
6,0.875000,0.231973,0.774590,0.004274,0.181811,0.195943,0.338110
6,0.879167,0.231987,0.774600,0.004289,0.181816,0.195957,0.338122
6,0.883333,0.232000,0.774573,0.004381,0.181809,0.196031,0.338125
6,0.887500,0.232019,0.774547,0.004494,0.181809,0.196123,0.338133
6,0.891667,0.232039,0.774544,0.004565,0.181823,0.196182,0.338147
6,0.895833,0.232140,0.774677,0.004614,0.181946,0.196244,0.338257
6,0.900000,0.232242,0.774894,0.004500,0.182109,0.196180,0.338387
6,0.904167,0.232486,0.775304,0.004428,0.182438,0.196178,0.338673
6,0.908333,0.232730,0.775724,0.004341,0.182772,0.196158,0.338960
6,0.912500,0.233165,0.776359,0.004401,0.183311,0.196294,0.339446
6,0.916667,0.233601,0.777032,0.004390,0.183870,0.196375,0.339942
6,0.920833,0.234269,0.777991,0.004508,0.184691,0.196614,0.340683
6,0.925000,0.234937,0.779017,0.004498,0.185548,0.196762,0.341441
6,0.929167,0.235868,0.780387,0.004592,0.186714,0.197062,0.342483
6,0.933333,0.236799,0.781853,0.004500,0.187931,0.197234,0.343550
6,0.937500,0.238015,0.783690,0.004527,0.189479,0.197564,0.344925
6,0.941667,0.239232,0.785593,0.004426,0.191061,0.197785,0.346318
6,0.945833,0.240748,0.787864,0.004491,0.192978,0.198203,0.348030
6,0.950000,0.242265,0.790204,0.004419,0.194933,0.198524,0.349761
6,0.954167,0.244088,0.792920,0.004512,0.197235,0.199059,0.351818
6,0.958333,0.245912,0.795707,0.004458,0.199580,0.199508,0.353896
6,0.962500,0.248042,0.798870,0.004558,0.202277,0.200181,0.356302
6,0.966667,0.250173,0.802105,0.004500,0.205021,0.200778,0.358730
6,0.970833,0.252605,0.805718,0.004575,0.208112,0.201572,0.361482
6,0.975000,0.255037,0.809407,0.004484,0.211245,0.202245,0.364259
6,0.979167,0.257758,0.813453,0.004531,0.214706,0.203102,0.367348
6,0.983333,0.260479,0.817557,0.004438,0.218205,0.203872,0.370457
6,0.987500,0.263471,0.821984,0.004491,0.222012,0.204843,0.373859
6,0.991667,0.266464,0.826452,0.004429,0.225852,0.205760,0.377277
6,0.995833,0.269707,0.831205,0.004511,0.229974,0.168288,0.380962
6,1.000000,0.272950,0.835983,0.004500,0.234125,0.169337,0.384660
6,1.004167,0.276418,0.841026,0.004587,0.238537,0.170555,0.388602
6,1.008333,0.279885,0.846121,0.004528,0.242986,0.171682,0.392568
6,1.012500,0.283547,0.851450,0.004542,0.247662,0.172928,0.396748
6,1.016667,0.287209,0.856803,0.004458,0.252363,0.174113,0.400946
6,1.020833,0.291034,0.862332,0.004462,0.257246,0.175413,0.405318
6,1.025000,0.294858,0.867860,0.004414,0.262144,0.176685,0.409642
6,1.029167,0.298810,0.873504,0.004462,0.267179,0.164186,0.414100
6,1.033333,0.302763,0.879127,0.004500,0.272219,0.166218,0.418561
6,1.037500,0.306806,0.884836,0.004574,0.277366,0.168848,0.423122
6,1.041667,0.310848,0.890559,0.004558,0.282539,0.171481,0.427698
6,1.045833,0.314944,0.896334,0.004533,0.287781,0.174178,0.432338
6,1.050000,0.319040,0.902096,0.004476,0.293031,0.176894,0.435067
6,1.054167,0.323150,0.907848,0.004430,0.298295,0.179650,0.436684
6,1.058333,0.327260,0.913563,0.004410,0.303551,0.182438,0.438313
6,1.062500,0.331345,0.919207,0.004416,0.308766,0.185239,0.439945
6,1.066667,0.335429,0.924794,0.004500,0.313960,0.188086,0.441624
6,1.070833,0.339451,0.930279,0.004548,0.319083,0.190902,0.443259
6,1.075000,0.343472,0.935743,0.004578,0.324213,0.193739,0.444885
6,1.079167,0.347392,0.941074,0.004518,0.329239,0.197575,0.446419
6,1.083333,0.351312,0.946367,0.004498,0.334255,0.201441,0.447977
6,1.087500,0.355095,0.951473,0.004411,0.339114,0.205182,0.449437
6,1.091667,0.358877,0.956525,0.004421,0.343945,0.208935,0.450953
6,1.095833,0.362488,0.961343,0.004385,0.348568,0.212527,0.452368
6,1.100000,0.366099,0.966093,0.004500,0.353148,0.216129,0.453869
6,1.104167,0.369506,0.970585,0.004517,0.357495,0.219536,0.455234
6,1.108333,0.372913,0.975034,0.004591,0.361826,0.222951,0.456643
6,1.112500,0.376089,0.979206,0.004514,0.365905,0.226142,0.457873
6,1.116667,0.379264,0.983329,0.004538,0.369957,0.229339,0.459167
6,1.120833,0.382183,0.987143,0.004429,0.373717,0.232285,0.460278
6,1.125000,0.385101,0.990902,0.004465,0.377438,0.235236,0.461473
6,1.129167,0.387743,0.994326,0.004389,0.380835,0.237913,0.462483
6,1.133333,0.390384,0.997689,0.004500,0.384180,0.240593,0.463595
6,1.137500,0.392733,1.000704,0.004479,0.387186,0.242982,0.464511
6,1.141667,0.395081,1.003670,0.004585,0.390157,0.245373,0.465511
6,1.145833,0.397126,1.006285,0.004520,0.392788,0.247460,0.466292
6,1.150000,0.399172,1.008855,0.004591,0.395381,0.249547,0.467158
6,1.154167,0.400909,1.011073,0.004495,0.397628,0.251325,0.467802
6,1.158333,0.402646,1.013248,0.004546,0.399833,0.253102,0.468530
6,1.162500,0.404078,1.015076,0.004444,0.401691,0.254572,0.469038
6,1.166667,0.405509,1.016863,0.004500,0.403506,0.256040,0.469632
6,1.170833,0.406644,1.018307,0.004433,0.404975,0.257208,0.470029
6,1.175000,0.407779,1.019703,0.004539,0.406396,0.258372,0.470530
6,1.179167,0.408633,1.020777,0.004517,0.407495,0.259252,0.470843
6,1.183333,0.409488,1.021816,0.004625,0.408557,0.260128,0.471236
6,1.187500,0.410087,1.022571,0.004589,0.409332,0.260746,0.471440
6,1.191667,0.410686,1.023303,0.004642,0.410083,0.261362,0.471698
6,1.195833,0.411064,1.023796,0.004545,0.410592,0.261753,0.471775
6,1.200000,0.411442,1.024277,0.004500,0.411086,0.262144,0.471882
6,1.204167,0.411640,1.024553,0.004386,0.411377,0.262353,0.471871
6,1.208333,0.411839,1.024792,0.004426,0.411632,0.262556,0.471949
6,1.212500,0.411911,1.024877,0.004450,0.411733,0.262631,0.471964
6,1.216667,0.411983,1.024945,0.004542,0.411813,0.262702,0.472022
6,1.220833,0.411991,1.024943,0.004595,0.411816,0.262710,0.472033
6,1.225000,0.412000,1.024944,0.004632,0.411813,0.262717,0.472039
6,1.229167,0.412016,1.024966,0.004617,0.411818,0.262734,0.472025
6,1.233333,0.412032,1.025012,0.004500,0.411831,0.262753,0.471959
6,1.237500,0.412122,1.025141,0.004411,0.411921,0.262847,0.471944
6,1.241667,0.412211,1.025266,0.004343,0.412008,0.262940,0.471942
6,1.245833,0.412428,1.025521,0.004391,0.412218,0.263161,0.472065
6,1.250000,0.412645,1.025784,0.004399,0.412424,0.263383,0.472169
6,1.254167,0.413034,1.026235,0.004505,0.412798,0.263778,0.472412
6,1.258333,0.413422,1.026706,0.004509,0.413166,0.264175,0.472606
6,1.262500,0.414017,1.027411,0.004586,0.413736,0.264781,0.472940
6,1.266667,0.414611,1.028151,0.004500,0.414302,0.265391,0.473195
6,1.270833,0.415435,1.029149,0.004509,0.415092,0.266235,0.473610
6,1.275000,0.416259,1.030169,0.004425,0.415878,0.267081,0.473976
6,1.279167,0.417330,1.031457,0.004486,0.416906,0.268177,0.474537
6,1.283333,0.418401,1.032767,0.004436,0.417930,0.269276,0.475042
6,1.287500,0.419727,1.034354,0.004522,0.419203,0.270634,0.475744
6,1.291667,0.421053,1.035964,0.004481,0.420472,0.271996,0.476386
6,1.295833,0.422634,1.037853,0.004561,0.421992,0.273618,0.477220
6,1.300000,0.424216,1.039764,0.004500,0.423507,0.275246,0.477988
6,1.304167,0.426048,1.041951,0.004552,0.425266,0.277129,0.478934
6,1.308333,0.427880,1.044162,0.004479,0.427019,0.279017,0.479808
6,1.312500,0.429951,1.046632,0.004527,0.429005,0.281150,0.480855
6,1.316667,0.432022,1.049118,0.004463,0.430985,0.283289,0.481844
6,1.320833,0.434314,1.051839,0.004515,0.433184,0.285656,0.483002
6,1.325000,0.436607,1.054570,0.004468,0.435378,0.288028,0.484115
6,1.329167,0.439100,1.057507,0.004527,0.437770,0.290608,0.485390
6,1.333333,0.441593,1.060447,0.004500,0.440160,0.293195,0.486633
6,1.337500,0.444261,1.063570,0.004552,0.442721,0.295964,0.488002
6,1.341667,0.446928,1.066705,0.004507,0.445276,0.298742,0.489309
6,1.345833,0.449742,1.069992,0.004526,0.447972,0.301674,0.490712
6,1.350000,0.452555,1.073281,0.004478,0.450666,0.304614,0.492077
6,1.354167,0.455483,1.076680,0.004490,0.453470,0.307677,0.493530
6,1.358333,0.458410,1.080072,0.004462,0.456274,0.310749,0.494970
6,1.362500,0.461417,1.083532,0.004488,0.459157,0.313910,0.496489
6,1.366667,0.464425,1.086977,0.004500,0.462041,0.317079,0.498018
6,1.370833,0.467477,1.090458,0.004528,0.464968,0.320303,0.499581
6,1.375000,0.470530,1.093936,0.004520,0.467894,0.323538,0.501114
6,1.379167,0.473591,1.097414,0.004502,0.470826,0.326793,0.502638
6,1.383333,0.476651,1.100880,0.004484,0.473759,0.330058,0.504158
6,1.387500,0.479685,1.104304,0.004456,0.476664,0.333307,0.505661
6,1.391667,0.482718,1.107709,0.004461,0.479570,0.336565,0.507185
6,1.395833,0.485689,1.111030,0.004450,0.482415,0.339770,0.508681
6,1.400000,0.488659,1.114328,0.004500,0.485265,0.342983,0.510226
6,1.404167,0.491531,1.117511,0.004495,0.488018,0.346109,0.511702
6,1.408333,0.494403,1.120681,0.004522,0.490772,0.349248,0.513187
6,1.412500,0.497145,1.123705,0.004468,0.493397,0.352268,0.514561
6,1.416667,0.499886,1.126713,0.004484,0.496025,0.355299,0.515966
6,1.420833,0.502466,1.129542,0.004423,0.498495,0.358178,0.517249
6,1.425000,0.505047,1.132352,0.004461,0.500969,0.361066,0.518583
6,1.429167,0.507438,1.134955,0.004420,0.503259,0.363773,0.519787
6,1.433333,0.509830,1.137538,0.004500,0.505554,0.366485,0.521062
6,1.437500,0.512010,1.139892,0.004464,0.507642,0.368994,0.522184
6,1.441667,0.514190,1.142232,0.004512,0.509734,0.371515,0.523353
6,1.445833,0.516138,1.144328,0.004431,0.511599,0.373815,0.524340
6,1.450000,0.518087,1.146411,0.004467,0.513468,0.376122,0.525380
6,1.454167,0.519790,1.148235,0.004389,0.515097,0.378188,0.526231
6,1.458333,0.521492,1.150047,0.004449,0.516731,0.380256,0.527142
6,1.462500,0.522941,1.151593,0.004401,0.518116,0.382070,0.527862
6,1.466667,0.524390,1.153127,0.004500,0.519507,0.383879,0.528649
6,1.470833,0.525583,1.154394,0.004447,0.520648,0.385438,0.529252
6,1.475000,0.526776,1.155650,0.004481,0.521794,0.387009,0.529925
6,1.479167,0.527717,1.156646,0.004376,0.522695,0.388334,0.530410
6,1.483333,0.528658,1.157634,0.004404,0.523601,0.389656,0.530953
6,1.487500,0.529360,1.158376,0.004334,0.524272,0.390726,0.531307
6,1.491667,0.530062,1.159112,0.004405,0.524947,0.391718,0.531706
6,1.495833,0.530545,1.159625,0.004392,0.525407,0.392466,0.531924
6,1.500000,0.531029,1.160134,0.004500,0.525869,0.393181,0.532173
6,1.504167,0.531323,1.160448,0.004518,0.526145,0.393670,0.532294
6,1.508333,0.531618,1.160753,0.004607,0.526423,0.394129,0.532494
6,1.512500,0.531762,1.160902,0.004600,0.526554,0.394410,0.532601
6,1.516667,0.531907,1.161047,0.004633,0.526688,0.394669,0.532741
6,1.520833,0.531951,1.161090,0.004595,0.526728,0.394808,0.532793
6,1.525000,0.531995,1.161135,0.004578,0.526772,0.394934,0.532834
6,1.529167,0.531997,1.161142,0.004534,0.526782,0.395008,0.532801
6,1.533333,0.532000,1.161154,0.004500,0.526800,0.395078,0.532713
6,1.537500,0.532000,1.161166,0.004467,0.526804,0.395121,0.532598
6,1.541667,0.532000,1.161177,0.004451,0.526807,0.395141,0.532493
6,1.545833,0.532000,1.161189,0.004444,0.526811,0.395141,0.532381
6,1.550000,0.532000,1.161203,0.004443,0.526818,0.395128,0.532246
6,1.554167,0.532000,1.161221,0.004442,0.526830,0.395106,0.532071
6,1.558333,0.532000,1.161244,0.004437,0.526848,0.395079,0.531839
6,1.562500,0.532000,1.161275,0.004423,0.526874,0.395053,0.531534
6,1.566667,0.532000,1.161313,0.004395,0.526910,0.395033,0.531139
6,1.570833,0.532000,1.161359,0.004356,0.526952,0.395016,0.530639
6,1.575000,0.532000,1.161413,0.004311,0.527000,0.394996,0.530042
6,1.579167,0.532000,1.161471,0.004261,0.527052,0.394974,0.529370
6,1.583333,0.532000,1.161530,0.004206,0.527109,0.394950,0.528644
6,1.587500,0.532000,1.161588,0.004145,0.527172,0.394923,0.527885
6,1.591667,0.532000,1.161643,0.004078,0.527241,0.394893,0.527113
6,1.595833,0.532000,1.161693,0.004006,0.527317,0.394860,0.526351
6,1.600000,0.532000,1.161738,0.003928,0.527401,0.394793,0.525618
6,1.604167,0.532000,1.161780,0.003843,0.527497,0.394695,0.524859
6,1.608333,0.532000,1.161820,0.003752,0.527602,0.394588,0.524056
6,1.612500,0.532000,1.161857,0.003656,0.527716,0.394473,0.523233
6,1.616667,0.532000,1.161889,0.003556,0.527838,0.394352,0.522412
6,1.620833,0.532000,1.161916,0.003452,0.527966,0.394225,0.521615
6,1.625000,0.532000,1.161938,0.003347,0.528099,0.394094,0.520864
6,1.629167,0.532000,1.161954,0.003242,0.528238,0.393959,0.520180
6,1.633333,0.532000,1.161966,0.003136,0.528382,0.393822,0.519583
6,1.637500,0.532000,1.161974,0.003029,0.528535,0.393680,0.519044
6,1.641667,0.532000,1.161979,0.002919,0.528702,0.393531,0.518567
6,1.645833,0.532000,1.161982,0.002808,0.528879,0.393377,0.518146
6,1.650000,0.532000,1.161983,0.002697,0.529066,0.393220,0.517760
6,1.654167,0.532000,1.161984,0.002587,0.529259,0.393060,0.517408
6,1.658333,0.532000,1.161983,0.002480,0.529457,0.392901,0.517099
6,1.662500,0.532000,1.161982,0.002377,0.529657,0.392694,0.516790
6,1.666667,0.532000,1.161980,0.002279,0.529855,0.392482,0.516494
6,1.670833,0.532000,1.161978,0.002184,0.530056,0.392270,0.516242
6,1.675000,0.532000,1.161976,0.002090,0.530264,0.392055,0.516070
6,1.679167,0.532000,1.161974,0.001998,0.530478,0.391840,0.515960
6,1.683333,0.532000,1.161971,0.001910,0.530694,0.391625,0.515897
6,1.687500,0.532000,1.161968,0.001826,0.530911,0.391414,0.515863
6,1.691667,0.532000,1.161966,0.001747,0.531126,0.391209,0.515841
6,1.695833,0.532000,1.161963,0.001673,0.531336,0.391012,0.515815
6,1.700000,0.532000,1.161960,0.001605,0.531538,0.390824,0.515768
6,1.704167,0.532000,1.161958,0.001542,0.531734,0.390645,0.515709
6,1.708333,0.532000,1.161955,0.001482,0.531929,0.390469,0.515661
6,1.712500,0.532000,1.161953,0.001426,0.532119,0.390299,0.515620
6,1.716667,0.532000,1.161950,0.001375,0.532305,0.390136,0.515586
6,1.720833,0.532000,1.161947,0.001327,0.532483,0.389981,0.515556
6,1.725000,0.532000,1.161945,0.001283,0.532652,0.389835,0.515529
6,1.729167,0.532000,1.161943,0.001244,0.532811,0.389699,0.515503
6,1.733333,0.532000,1.161940,0.001209,0.532958,0.389576,0.515476
6,1.737500,0.532000,1.161938,0.001178,0.533091,0.389464,0.515450
6,1.741667,0.532000,1.161937,0.001151,0.533213,0.389363,0.515427
6,1.745833,0.532000,1.161935,0.001127,0.533323,0.389272,0.515406
6,1.750000,0.532000,1.161933,0.001106,0.533423,0.389190,0.515386
6,1.754167,0.532000,1.161932,0.001088,0.533512,0.389117,0.515369
6,1.758333,0.532000,1.161931,0.001072,0.533592,0.389052,0.515355
6,1.762500,0.532000,1.161930,0.001058,0.533662,0.388995,0.515341
6,1.766667,0.532000,1.161929,0.001046,0.533724,0.388946,0.515330
6,1.770833,0.532000,1.161928,0.001036,0.533773,0.388907,0.515320
6,1.775000,0.532000,1.161928,0.001030,0.533805,0.388881,0.515314
6,1.779167,0.532000,1.161927,0.001027,0.533825,0.388865,0.515311
6,1.783333,0.532000,1.161927,0.001024,0.533836,0.388856,0.515309
6,1.787500,0.532000,1.161927,0.001023,0.533842,0.388851,0.515307
6,1.791667,0.532000,1.161927,0.001022,0.533846,0.388847,0.515307
6,1.795833,0.532000,1.161927,0.001021,0.533854,0.388841,0.515305
6,1.800000,0.532000,1.161927,0.001019,0.533867,0.388831,0.515303
