mode,time,phase,pelvis,head,pelvis_velocity,head_velocity,pelvis_acceleration,head_acceleration,source_pelvis,reach_drop,safety_drop,left_planted,right_planted
authored,0.000000,0.000000,0.4275570,1.0451000,0.000000,0.000000,0.0000,0.0000,0.4275570,0.0000000,0.0000000,0,0
authored,0.004167,0.005682,0.4282812,1.0458280,0.173800,0.174866,0.0000,0.0000,0.4282812,0.0000000,0.0000000,0,0
authored,0.008333,0.011364,0.4290053,1.0465560,0.173786,0.174608,-0.0034,-0.0618,0.4290053,0.0000000,0.0000000,0,0
authored,0.012500,0.017045,0.4301096,1.0476640,0.265045,0.265818,21.9023,21.8903,0.4301096,0.0000000,0.0000000,0,0
authored,0.016667,0.022727,0.4312140,1.0487710,0.265038,0.265846,-0.0017,0.0069,0.4312140,0.0000000,0.0000000,0,0
authored,0.020833,0.028409,0.4326760,1.0502370,0.350897,0.351849,20.6062,20.6406,0.4326760,0.0000000,0.0000000,0,0
authored,0.025000,0.034091,0.4341381,1.0517040,0.350890,0.352049,-0.0017,0.0481,0.4341381,0.0000000,0.0000000,0,0
authored,0.029167,0.039773,0.4359281,1.0535000,0.429597,0.431070,18.8896,18.9652,0.4359281,0.0000000,0.0000000,0,0
authored,0.033333,0.045455,0.4377180,1.0552980,0.429590,0.431500,-0.0017,0.1030,0.4377180,0.0000000,0.0000000,0,0
authored,0.037500,0.051136,0.4397995,1.0573890,0.499563,0.501823,16.7936,16.8778,0.4397995,0.0000000,0.0000000,0,0
authored,0.041667,0.056818,0.4418811,1.0594810,0.499563,0.502110,0.0000,0.0687,0.4418811,0.0000000,0.0000000,0,0
authored,0.045833,0.062500,0.4442117,1.0618230,0.559351,0.562105,14.3492,14.3990,0.4442117,0.0000000,0.0000000,0,0
authored,0.050000,0.068182,0.4465423,1.0641660,0.559337,0.562277,-0.0034,0.0412,0.4465423,0.0000000,0.0000000,0,0
authored,0.054167,0.073864,0.4490746,1.0667110,0.607760,0.610857,11.6215,11.6592,0.4490746,0.0000000,0.0000000,0,0
authored,0.058333,0.079545,0.4516069,1.0692570,0.607753,0.611057,-0.0017,0.0481,0.4516069,0.0000000,0.0000000,0,0
authored,0.062500,0.085227,0.4542894,1.0719540,0.643795,0.647221,8.6500,8.6792,0.4542894,0.0000000,0.0000000,0,0
authored,0.066667,0.090909,0.4569718,1.0746520,0.643787,0.647364,-0.0017,0.0343,0.4569718,0.0000000,0.0000000,0,0
authored,0.070833,0.096591,0.4597498,1.0774450,0.666718,0.670338,5.5035,5.5138,0.4597498,0.0000000,0.0000000,0,0
authored,0.075000,0.102273,0.4625278,1.0802390,0.666711,0.670567,-0.0017,0.0549,0.4625278,0.0000000,0.0000000,0,0
authored,0.079167,0.107955,0.4653448,1.0830720,0.676074,0.679951,2.2470,2.2522,0.4653448,0.0000000,0.0000000,0,0
authored,0.083333,0.113636,0.4681617,1.0859050,0.676074,0.680065,0.0000,0.0275,0.4681617,0.0000000,0.0000000,0,0
authored,0.087500,0.119318,0.4709603,1.0887210,0.671668,0.675688,-1.0574,-1.0506,0.4709603,0.0000000,0.0000000,0,0
authored,0.091667,0.125000,0.4737589,1.0915360,0.671654,0.675659,-0.0034,-0.0069,0.4737589,0.0000000,0.0000000,0,0
authored,0.095833,0.130682,0.4764822,1.0942760,0.653594,0.657578,-4.3345,-4.3396,0.4764822,0.0000000,0.0000000,0,0
authored,0.100000,0.136364,0.4792055,1.0970160,0.653586,0.657520,-0.0017,-0.0137,0.4792055,0.0000000,0.0000000,0,0
authored,0.104167,0.142045,0.4817980,1.0996250,0.622194,0.626163,-7.5342,-7.5256,0.4817980,0.0000000,0.0000000,0,0
authored,0.108333,0.147727,0.4843905,1.1022330,0.622201,0.626020,0.0017,-0.0343,0.4843905,0.0000000,0.0000000,0,0
authored,0.112500,0.153409,0.4867994,1.1046580,0.578141,0.581989,-10.5743,-10.5675,0.4867994,0.0000000,0.0000000,0,0
authored,0.116667,0.159091,0.4892083,1.1070820,0.578141,0.581875,0.0000,-0.0275,0.4892083,0.0000000,0.0000000,0,0
authored,0.120833,0.164773,0.4913847,1.1092740,0.522323,0.525885,-13.3964,-13.4376,0.4913847,0.0000000,0.0000000,0,0
authored,0.125000,0.170455,0.4935610,1.1114650,0.522323,0.525799,0.0000,-0.0206,0.4935610,0.0000000,0.0000000,0,0
authored,0.129167,0.176136,0.4954605,1.1133780,0.455875,0.459166,-15.9474,-15.9920,0.4954605,0.0000000,0.0000000,0,0
authored,0.133333,0.181818,0.4973600,1.1152900,0.455875,0.458937,0.0000,-0.0549,0.4973600,0.0000000,0.0000000,0,0
authored,0.137500,0.187500,0.4989438,1.1168860,0.380130,0.383062,-18.1789,-18.2098,0.4989438,0.0000000,0.0000000,0,0
authored,0.141667,0.193182,0.5005277,1.1184810,0.380123,0.382862,-0.0017,-0.0481,0.5005277,0.0000000,0.0000000,0,0
authored,0.145833,0.198864,0.5017638,1.1197280,0.296659,0.299177,-20.0312,-20.0844,0.5017638,0.0000000,0.0000000,0,0
authored,0.150000,0.204545,0.5029998,1.1209740,0.296659,0.298977,0.0000,-0.0481,0.5029998,0.0000000,0.0000000,0,0
authored,0.154167,0.210227,0.5038630,1.1218450,0.207167,0.209198,-21.4783,-21.5469,0.5038630,0.0000000,0.0000000,0,0
authored,0.158333,0.215909,0.5047261,1.1227160,0.207138,0.208912,-0.0069,-0.0687,0.5047261,0.0000000,0.0000000,0,0
authored,0.162500,0.221591,0.5051987,1.1231950,0.113425,0.114956,-22.4911,-22.5494,0.5051987,0.0000000,0.0000000,0,0
authored,0.166667,0.227273,0.5056713,1.1236720,0.113411,0.114670,-0.0034,-0.0687,0.5056713,0.0000000,0.0000000,0,0
authored,0.170833,0.232955,0.5057437,1.1237490,0.017381,0.018368,-23.0473,-23.1125,0.5057437,0.0000000,0.0000000,0,0
authored,0.175000,0.238636,0.5058161,1.1238240,0.017381,0.018082,0.0000,-0.0687,0.5058161,0.0000000,0.0000000,0,0
authored,0.179167,0.244318,0.5054869,1.1234970,-0.079007,-0.078564,-23.1331,-23.1949,0.5054869,0.0000000,0.0000000,0,0
authored,0.183333,0.250000,0.5051577,1.1231680,-0.079007,-0.078850,0.0000,-0.0687,0.5051577,0.0000000,0.0000000,0,0
authored,0.187500,0.255682,0.5044335,1.1224440,-0.173807,-0.173950,-22.7520,-22.8241,0.5044335,0.0000000,0.0000000,0,0
authored,0.191667,0.261364,0.5037094,1.1217180,-0.173793,-0.174236,0.0034,-0.0687,0.5037094,0.0000000,0.0000000,0,0
authored,0.195833,0.267045,0.5026050,1.1206100,-0.265045,-0.265760,-21.9006,-21.9658,0.5026050,0.0000000,0.0000000,0,0
authored,0.200000,0.272727,0.5015007,1.1195020,-0.265031,-0.266018,0.0034,-0.0618,0.5015007,0.0000000,0.0000000,0,0
authored,0.204167,0.278409,0.5000387,1.1180350,-0.350890,-0.352163,-20.6062,-20.6749,0.5000387,0.0000000,0.0000000,0,0
authored,0.208333,0.284091,0.4985767,1.1165660,-0.350883,-0.352392,0.0017,-0.0549,0.4985767,0.0000000,0.0000000,0,0
authored,0.212500,0.289773,0.4967867,1.1147690,-0.429597,-0.431385,-18.8913,-18.9583,0.4967867,0.0000000,0.0000000,0,0
authored,0.216667,0.295455,0.4949967,1.1129700,-0.429597,-0.431643,0.0000,-0.0618,0.4949967,0.0000000,0.0000000,0,0
authored,0.220833,0.301136,0.4929152,1.1108790,-0.499549,-0.501852,-16.7885,-16.8503,0.4929152,0.0000000,0.0000000,0,0
authored,0.225000,0.306818,0.4908337,1.1087870,-0.499563,-0.502081,-0.0034,-0.0549,0.4908337,0.0000000,0.0000000,0,0
authored,0.229167,0.312500,0.4885031,1.1064450,-0.559344,-0.562077,-14.3475,-14.3990,0.4885031,0.0000000,0.0000000,0,0
authored,0.233333,0.318182,0.4861725,1.1041020,-0.559359,-0.562277,-0.0034,-0.0481,0.4861725,0.0000000,0.0000000,0,0
authored,0.237500,0.323864,0.4836402,1.1015570,-0.607753,-0.610828,-11.6146,-11.6524,0.4836402,0.0000000,0.0000000,0,0
authored,0.241667,0.329545,0.4811079,1.0990110,-0.607753,-0.611029,0.0000,-0.0481,0.4811079,0.0000000,0.0000000,0,0
authored,0.245833,0.335227,0.4784254,1.0963140,-0.643802,-0.647278,-8.6517,-8.6998,0.4784254,0.0000000,0.0000000,0,0
authored,0.250000,0.340909,0.4757429,1.0936170,-0.643787,-0.647364,0.0034,-0.0206,0.4757429,0.0000000,0.0000000,0,0
authored,0.254167,0.346591,0.4729649,1.0908230,-0.666718,-0.670481,-5.5035,-5.5481,0.4729649,0.0000000,0.0000000,0,0
authored,0.258333,0.352273,0.4701870,1.0880300,-0.666704,-0.670509,0.0034,-0.0069,0.4701870,0.0000000,0.0000000,0,0
authored,0.262500,0.357955,0.4673700,1.0851960,-0.676074,-0.679951,-2.2488,-2.2659,0.4673700,0.0000000,0.0000000,0,0
authored,0.266667,0.363636,0.4645530,1.0823630,-0.676074,-0.679951,0.0000,0.0000,0.4645530,0.0000000,0.0000000,0,0
authored,0.270833,0.369318,0.4617544,1.0795480,-0.671668,-0.675659,1.0574,1.0300,0.4617544,0.0000000,0.0000000,0,0
authored,0.275000,0.375000,0.4589558,1.0767330,-0.671668,-0.675659,0.0000,0.0000,0.4589558,0.0000000,0.0000000,0,0
authored,0.279167,0.380682,0.4562325,1.0739930,-0.653594,-0.657578,4.3379,4.3396,0.4562325,0.0000000,0.0000000,0,0
authored,0.283333,0.386364,0.4535093,1.0712530,-0.653572,-0.657606,0.0051,-0.0069,0.4535093,0.0000000,0.0000000,0,0
authored,0.287500,0.392045,0.4509168,1.0686440,-0.622194,-0.626135,7.5308,7.5531,0.4509168,0.0000000,0.0000000,0,0
authored,0.291667,0.397727,0.4483243,1.0660350,-0.622194,-0.626135,0.0000,0.0000,0.4483243,0.0000000,0.0000000,0,0
authored,0.295833,0.403409,0.4459154,1.0636100,-0.578148,-0.581961,10.5709,10.6018,0.4459154,0.0000000,0.0000000,0,0
authored,0.300000,0.409091,0.4435064,1.0611860,-0.578141,-0.581789,0.0017,0.0412,0.4435064,0.0000000,0.0000000,0,0
authored,0.304167,0.414773,0.4413301,1.0589950,-0.522330,-0.525885,13.3947,13.4170,0.4413301,0.0000000,0.0000000,0,0
authored,0.308333,0.420455,0.4391537,1.0568040,-0.522323,-0.525742,0.0017,0.0343,0.4391537,0.0000000,0.0000000,0,0
authored,0.312500,0.426136,0.4372543,1.0548910,-0.455875,-0.459194,15.9474,15.9714,0.4372543,0.0000000,0.0000000,0,0
authored,0.316667,0.431818,0.4353548,1.0529790,-0.455868,-0.458965,0.0017,0.0549,0.4353548,0.0000000,0.0000000,0,0
authored,0.320833,0.437500,0.4337709,1.0513830,-0.380130,-0.383091,18.1772,18.2098,0.4337709,0.0000000,0.0000000,0,0
authored,0.325000,0.443182,0.4321871,1.0497870,-0.380130,-0.382891,0.0000,0.0481,0.4321871,0.0000000,0.0000000,0,0
authored,0.329167,0.448864,0.4309510,1.0485410,-0.296659,-0.299149,20.0329,20.0981,0.4309510,0.0000000,0.0000000,0,0
authored,0.333333,0.454545,0.4297149,1.0472950,-0.296667,-0.298920,-0.0017,0.0549,0.4297149,0.0000000,0.0000000,0,0
authored,0.337500,0.460227,0.4288517,1.0464240,-0.207152,-0.209198,21.4834,21.5332,0.4288517,0.0000000,0.0000000,0,0
authored,0.341667,0.465909,0.4279886,1.0455530,-0.207145,-0.208941,0.0017,0.0618,0.4279886,0.0000000,0.0000000,0,0
authored,0.345833,0.471591,0.4275160,1.0450740,-0.113425,-0.114985,22.4928,22.5494,0.4275160,0.0000000,0.0000000,0,0
authored,0.350000,0.477273,0.4270435,1.0445960,-0.113411,-0.114670,0.0034,0.0755,0.4270435,0.0000000,0.0000000,0,0
authored,0.354167,0.482955,0.4269710,1.0445200,-0.017395,-0.018339,23.0438,23.1194,0.4269710,0.0000000,0.0000000,0,0
authored,0.358333,0.488636,0.4268986,1.0444440,-0.017374,-0.018110,0.0051,0.0549,0.4268986,0.0000000,0.0000000,0,0
authored,0.362500,0.494318,0.4272278,1.0447710,0.079014,0.078535,23.1331,23.1949,0.4272278,0.0000000,0.0000000,0,0
authored,0.366667,0.500000,0.4275570,1.0451000,0.079007,0.078821,-0.0017,0.0687,0.4275570,0.0000000,0.0000000,0,0
authored,0.370833,0.505682,0.4282812,1.0458250,0.173800,0.173979,22.7503,22.8378,0.4282812,0.0000000,0.0000000,0,0
authored,0.375000,0.511364,0.4290053,1.0465510,0.173786,0.174265,-0.0034,0.0687,0.4290053,0.0000000,0.0000000,0,0
authored,0.379167,0.517045,0.4301096,1.0476580,0.265045,0.265760,21.9023,21.9589,0.4301096,0.0000000,0.0000000,0,0
authored,0.383333,0.522727,0.4312140,1.0487660,0.265038,0.265989,-0.0017,0.0549,0.4312140,0.0000000,0.0000000,0,0
authored,0.387500,0.528409,0.4326760,1.0502340,0.350897,0.352192,20.6062,20.6886,0.4326760,0.0000000,0.0000000,0,0
authored,0.391667,0.534091,0.4341381,1.0517020,0.350890,0.352449,-0.0017,0.0618,0.4341381,0.0000000,0.0000000,0,0
authored,0.395833,0.539773,0.4359281,1.0535000,0.429597,0.431356,18.8896,18.9377,0.4359281,0.0000000,0.0000000,0,0
authored,0.400000,0.545455,0.4377181,1.0552980,0.429604,0.431671,0.0017,0.0755,0.4377181,0.0000000,0.0000000,0,0
authored,0.404167,0.551136,0.4397996,1.0573890,0.499563,0.501795,16.7902,16.8297,0.4397996,0.0000000,0.0000000,0,0
authored,0.408333,0.556818,0.4418811,1.0594810,0.499556,0.502081,-0.0017,0.0687,0.4418811,0.0000000,0.0000000,0,0
authored,0.412500,0.562500,0.4442117,1.0618230,0.559344,0.562105,14.3492,14.4058,0.4442117,0.0000000,0.0000000,0,0
authored,0.416667,0.568182,0.4465423,1.0641660,0.559351,0.562277,0.0017,0.0412,0.4465423,0.0000000,0.0000000,0,0
authored,0.420833,0.573864,0.4490746,1.0667120,0.607753,0.610914,11.6163,11.6730,0.4490746,0.0000000,0.0000000,0,0
authored,0.425000,0.579545,0.4516069,1.0692570,0.607746,0.611000,-0.0017,0.0206,0.4516069,0.0000000,0.0000000,0,0
authored,0.429167,0.585227,0.4542894,1.0719540,0.643795,0.647221,8.6517,8.6929,0.4542894,0.0000000,0.0000000,0,0
authored,0.433333,0.590909,0.4569718,1.0746520,0.643787,0.647364,-0.0017,0.0343,0.4569718,0.0000000,0.0000000,0,0
authored,0.437500,0.596591,0.4597498,1.0774450,0.666718,0.670338,5.5035,5.5138,0.4597498,0.0000000,0.0000000,0,0
authored,0.441667,0.602273,0.4625278,1.0802390,0.666711,0.670567,-0.0017,0.0549,0.4625278,0.0000000,0.0000000,0,0
authored,0.445833,0.607955,0.4653448,1.0830720,0.676081,0.679979,2.2488,2.2591,0.4653448,0.0000000,0.0000000,0,0
authored,0.450000,0.613636,0.4681618,1.0859050,0.676074,0.680037,-0.0017,0.0137,0.4681618,0.0000000,0.0000000,0,0
authored,0.454167,0.619318,0.4709603,1.0887210,0.671661,0.675688,-1.0592,-1.0437,0.4709603,0.0000000,0.0000000,0,0
authored,0.458333,0.625000,0.4737589,1.0915360,0.671654,0.675659,-0.0017,-0.0069,0.4737589,0.0000000,0.0000000,0,0
authored,0.462500,0.630682,0.4764822,1.0942760,0.653594,0.657578,-4.3345,-4.3396,0.4764822,0.0000000,0.0000000,0,0
authored,0.466667,0.636364,0.4792055,1.0970160,0.653586,0.657520,-0.0017,-0.0137,0.4792055,0.0000000,0.0000000,0,0
authored,0.470833,0.642045,0.4817980,1.0996250,0.622194,0.626163,-7.5342,-7.5256,0.4817980,0.0000000,0.0000000,0,0
authored,0.475000,0.647727,0.4843905,1.1022330,0.622201,0.626020,0.0017,-0.0343,0.4843905,0.0000000,0.0000000,0,0
authored,0.479167,0.653409,0.4867994,1.1046580,0.578141,0.581989,-10.5743,-10.5675,0.4867994,0.0000000,0.0000000,0,0
authored,0.483333,0.659091,0.4892083,1.1070820,0.578141,0.581875,0.0000,-0.0275,0.4892083,0.0000000,0.0000000,0,0
authored,0.487500,0.664773,0.4913847,1.1092740,0.522323,0.525885,-13.3964,-13.4376,0.4913847,0.0000000,0.0000000,0,0
authored,0.491667,0.670455,0.4935611,1.1114650,0.522337,0.525799,0.0034,-0.0206,0.4935611,0.0000000,0.0000000,0,0
authored,0.495833,0.676136,0.4954605,1.1133780,0.455875,0.459166,-15.9508,-15.9920,0.4954605,0.0000000,0.0000000,0,0
authored,0.500000,0.681818,0.4973600,1.1152900,0.455861,0.458937,-0.0034,-0.0549,0.4973600,0.0000000,0.0000000,0,0
authored,0.504167,0.687500,0.4989438,1.1168860,0.380130,0.383062,-18.1755,-18.2098,0.4989438,0.0000000,0.0000000,0,0
authored,0.508333,0.693182,0.5005277,1.1184810,0.380123,0.382862,-0.0017,-0.0481,0.5005277,0.0000000,0.0000000,0,0
authored,0.512500,0.698864,0.5017638,1.1197280,0.296659,0.299177,-20.0312,-20.0844,0.5017638,0.0000000,0.0000000,0,0
authored,0.516667,0.704545,0.5029998,1.1209740,0.296659,0.298977,0.0000,-0.0481,0.5029998,0.0000000,0.0000000,0,0
authored,0.520833,0.710227,0.5038630,1.1218450,0.207167,0.209198,-21.4783,-21.5469,0.5038630,0.0000000,0.0000000,0,0
authored,0.525000,0.715909,0.5047261,1.1227160,0.207138,0.208912,-0.0069,-0.0687,0.5047261,0.0000000,0.0000000,0,0
authored,0.529167,0.721591,0.5051987,1.1231950,0.113425,0.114956,-22.4911,-22.5494,0.5051987,0.0000000,0.0000000,0,0
authored,0.533333,0.727273,0.5056713,1.1236720,0.113411,0.114670,-0.0034,-0.0687,0.5056713,0.0000000,0.0000000,0,0
authored,0.537500,0.732955,0.5057437,1.1237490,0.017381,0.018368,-23.0473,-23.1125,0.5057437,0.0000000,0.0000000,0,0
authored,0.541667,0.738636,0.5058161,1.1238240,0.017381,0.018082,0.0000,-0.0687,0.5058161,0.0000000,0.0000000,0,0
authored,0.545833,0.744318,0.5054869,1.1234970,-0.079007,-0.078564,-23.1331,-23.1949,0.5054869,0.0000000,0.0000000,0,0
authored,0.550000,0.750000,0.5051577,1.1231680,-0.079007,-0.078850,0.0000,-0.0687,0.5051577,0.0000000,0.0000000,0,0
authored,0.554167,0.755682,0.5044335,1.1224440,-0.173807,-0.173950,-22.7520,-22.8241,0.5044335,0.0000000,0.0000000,0,0
authored,0.558333,0.761364,0.5037094,1.1217180,-0.173793,-0.174236,0.0034,-0.0687,0.5037094,0.0000000,0.0000000,0,0
authored,0.562500,0.767045,0.5026050,1.1206100,-0.265045,-0.265760,-21.9006,-21.9658,0.5026050,0.0000000,0.0000000,0,0
authored,0.566667,0.772727,0.5015007,1.1195020,-0.265031,-0.266018,0.0034,-0.0618,0.5015007,0.0000000,0.0000000,0,0
authored,0.570833,0.778409,0.5000387,1.1180350,-0.350890,-0.352163,-20.6062,-20.6749,0.5000387,0.0000000,0.0000000,0,0
authored,0.575000,0.784091,0.4985766,1.1165660,-0.350897,-0.352392,-0.0017,-0.0549,0.4985766,0.0000000,0.0000000,0,0
authored,0.579167,0.789773,0.4967867,1.1147690,-0.429583,-0.431385,-18.8845,-18.9583,0.4967867,0.0000000,0.0000000,0,0
authored,0.583333,0.795455,0.4949967,1.1129700,-0.429597,-0.431643,-0.0034,-0.0618,0.4949967,0.0000000,0.0000000,0,0
authored,0.587500,0.801136,0.4929152,1.1108790,-0.499549,-0.501852,-16.7885,-16.8503,0.4929152,0.0000000,0.0000000,0,0
authored,0.591667,0.806818,0.4908337,1.1087870,-0.499563,-0.502138,-0.0034,-0.0687,0.4908337,0.0000000,0.0000000,0,0
authored,0.595833,0.812500,0.4885031,1.1064450,-0.559344,-0.562019,-14.3475,-14.3715,0.4885031,0.0000000,0.0000000,0,0
authored,0.600000,0.818182,0.4861725,1.1041020,-0.559359,-0.562277,-0.0034,-0.0618,0.4861725,0.0000000,0.0000000,0,0
authored,0.604167,0.823864,0.4836402,1.1015570,-0.607753,-0.610828,-11.6146,-11.6524,0.4836402,0.0000000,0.0000000,0,0
authored,0.608333,0.829545,0.4811079,1.0990110,-0.607753,-0.611029,0.0000,-0.0481,0.4811079,0.0000000,0.0000000,0,0
authored,0.612500,0.835227,0.4784254,1.0963140,-0.643802,-0.647278,-8.6517,-8.6998,0.4784254,0.0000000,0.0000000,0,0
authored,0.616667,0.840909,0.4757429,1.0936170,-0.643787,-0.647364,0.0034,-0.0206,0.4757429,0.0000000,0.0000000,0,0
authored,0.620833,0.846591,0.4729650,1.0908240,-0.666704,-0.670452,-5.5000,-5.5412,0.4729650,0.0000000,0.0000000,0,0
authored,0.625000,0.852273,0.4701869,1.0880300,-0.666733,-0.670538,-0.0069,-0.0206,0.4701869,0.0000000,0.0000000,0,0
authored,0.629167,0.857955,0.4673699,1.0851960,-0.676074,-0.679951,-2.2419,-2.2591,0.4673699,0.0000000,0.0000000,0,0
authored,0.633333,0.863636,0.4645530,1.0823630,-0.676074,-0.680008,0.0000,-0.0137,0.4645530,0.0000000,0.0000000,0,0
authored,0.637500,0.869318,0.4617544,1.0795480,-0.671668,-0.675602,1.0574,1.0574,0.4617544,0.0000000,0.0000000,0,0
authored,0.641667,0.875000,0.4589557,1.0767330,-0.671668,-0.675659,0.0000,-0.0137,0.4589557,0.0000000,0.0000000,0,0
authored,0.645833,0.880682,0.4562325,1.0739930,-0.653579,-0.657578,4.3413,4.3396,0.4562325,0.0000000,0.0000000,0,0
authored,0.650000,0.886364,0.4535092,1.0712530,-0.653586,-0.657606,-0.0017,-0.0069,0.4535092,0.0000000,0.0000000,0,0
authored,0.654167,0.892045,0.4509168,1.0686440,-0.622179,-0.626135,7.5377,7.5531,0.4509168,0.0000000,0.0000000,0,0
authored,0.658333,0.897727,0.4483243,1.0660350,-0.622194,-0.626135,-0.0034,0.0000,0.4483243,0.0000000,0.0000000,0,0
authored,0.662500,0.903409,0.4459154,1.0636100,-0.578141,-0.581961,10.5726,10.6018,0.4459154,0.0000000,0.0000000,0,0
authored,0.666667,0.909091,0.4435064,1.0611860,-0.578163,-0.581789,-0.0051,0.0412,0.4435064,0.0000000,0.0000000,0,0
authored,0.670833,0.914773,0.4413300,1.0589950,-0.522323,-0.525885,13.4016,13.4170,0.4413300,0.0000000,0.0000000,0,0
authored,0.675000,0.920455,0.4391537,1.0568040,-0.522330,-0.525742,-0.0017,0.0343,0.4391537,0.0000000,0.0000000,0,0
authored,0.679167,0.926136,0.4372543,1.0548910,-0.455861,-0.459194,15.9525,15.9714,0.4372543,0.0000000,0.0000000,0,0
authored,0.683333,0.931818,0.4353548,1.0529790,-0.455868,-0.458965,-0.0017,0.0549,0.4353548,0.0000000,0.0000000,0,0
authored,0.687500,0.937500,0.4337709,1.0513830,-0.380130,-0.383091,18.1772,18.2098,0.4337709,0.0000000,0.0000000,0,0
authored,0.691667,0.943182,0.4321871,1.0497870,-0.380130,-0.382891,0.0000,0.0481,0.4321871,0.0000000,0.0000000,0,0
authored,0.695833,0.948864,0.4309510,1.0485410,-0.296659,-0.299149,20.0329,20.0981,0.4309510,0.0000000,0.0000000,0,0
authored,0.700000,0.954545,0.4297149,1.0472950,-0.296667,-0.298920,-0.0017,0.0549,0.4297149,0.0000000,0.0000000,0,0
authored,0.704167,0.960227,0.4288517,1.0464240,-0.207152,-0.209112,21.4834,21.5538,0.4288517,0.0000000,0.0000000,0,0
authored,0.708333,0.965909,0.4279886,1.0455550,-0.207145,-0.208597,0.0017,0.1236,0.4279886,0.0000000,0.0000000,0,0
authored,0.712500,0.971591,0.4275160,1.0450770,-0.113425,-0.114584,22.4928,22.5632,0.4275160,0.0000000,0.0000000,0,0
authored,0.716667,0.977273,0.4270435,1.0446010,-0.113411,-0.114355,0.0034,0.0549,0.4270435,0.0000000,0.0000000,0,0
authored,0.720833,0.982955,0.4269710,1.0445250,-0.017395,-0.018196,23.0438,23.0782,0.4269710,0.0000000,0.0000000,0,0
authored,0.725000,0.988636,0.4268986,1.0444490,-0.017374,-0.018167,0.0051,0.0069,0.4268986,0.0000000,0.0000000,0,0
authored,0.729167,0.994318,0.4272278,1.0447750,0.079014,0.078163,23.1331,23.1194,0.4272278,0.0000000,0.0000000,0,0
authored,0.733333,0.000000,0.4275570,1.0451000,0.079007,0.077963,-0.0017,-0.0481,0.4275570,0.0000000,0.0000000,0,0
authored,0.737500,0.005682,0.4282812,1.0458280,0.173800,0.174866,22.7503,23.2567,0.4282812,0.0000000,0.0000000,0,0
authored,0.741667,0.011364,0.4290053,1.0465560,0.173786,0.174608,-0.0034,-0.0618,0.4290053,0.0000000,0.0000000,0,0
authored,0.745833,0.017045,0.4301096,1.0476640,0.265045,0.265846,21.9023,21.8971,0.4301096,0.0000000,0.0000000,0,0
authored,0.750000,0.022727,0.4312140,1.0487710,0.265038,0.265818,-0.0017,-0.0069,0.4312140,0.0000000,0.0000000,0,0
authored,0.754167,0.028409,0.4326760,1.0502370,0.350897,0.351849,20.6062,20.6474,0.4326760,0.0000000,0.0000000,0,0
authored,0.758333,0.034091,0.4341381,1.0517040,0.350890,0.352049,-0.0017,0.0481,0.4341381,0.0000000,0.0000000,0,0
authored,0.762500,0.039773,0.4359281,1.0535000,0.429597,0.431070,18.8896,18.9652,0.4359281,0.0000000,0.0000000,0,0
authored,0.766667,0.045455,0.4377180,1.0552980,0.429590,0.431500,-0.0017,0.1030,0.4377180,0.0000000,0.0000000,0,0
authored,0.770833,0.051136,0.4397995,1.0573890,0.499563,0.501823,16.7936,16.8778,0.4397995,0.0000000,0.0000000,0,0
authored,0.775000,0.056818,0.4418811,1.0594810,0.499563,0.502110,0.0000,0.0687,0.4418811,0.0000000,0.0000000,0,0
authored,0.779167,0.062500,0.4442117,1.0618230,0.559351,0.562105,14.3492,14.3990,0.4442117,0.0000000,0.0000000,0,0
authored,0.783333,0.068182,0.4465423,1.0641660,0.559337,0.562277,-0.0034,0.0412,0.4465423,0.0000000,0.0000000,0,0
authored,0.787500,0.073864,0.4490746,1.0667110,0.607760,0.610857,11.6215,11.6592,0.4490746,0.0000000,0.0000000,0,0
authored,0.791667,0.079545,0.4516069,1.0692570,0.607753,0.611057,-0.0017,0.0481,0.4516069,0.0000000,0.0000000,0,0
authored,0.795833,0.085227,0.4542894,1.0719540,0.643795,0.647221,8.6500,8.6792,0.4542894,0.0000000,0.0000000,0,0
authored,0.800000,0.090909,0.4569718,1.0746520,0.643787,0.647364,-0.0017,0.0343,0.4569718,0.0000000,0.0000000,0,0
authored,0.804167,0.096591,0.4597498,1.0774450,0.666718,0.670338,5.5035,5.5138,0.4597498,0.0000000,0.0000000,0,0
authored,0.808333,0.102273,0.4625278,1.0802390,0.666711,0.670567,-0.0017,0.0549,0.4625278,0.0000000,0.0000000,0,0
authored,0.812500,0.107955,0.4653448,1.0830720,0.676074,0.679951,2.2470,2.2522,0.4653448,0.0000000,0.0000000,0,0
authored,0.816667,0.113636,0.4681617,1.0859050,0.676074,0.680065,0.0000,0.0275,0.4681617,0.0000000,0.0000000,0,0
authored,0.820833,0.119318,0.4709603,1.0887210,0.671668,0.675688,-1.0574,-1.0506,0.4709603,0.0000000,0.0000000,0,0
authored,0.825000,0.125000,0.4737589,1.0915360,0.671654,0.675659,-0.0034,-0.0069,0.4737589,0.0000000,0.0000000,0,0
authored,0.829167,0.130682,0.4764822,1.0942760,0.653594,0.657578,-4.3345,-4.3396,0.4764822,0.0000000,0.0000000,0,0
authored,0.833333,0.136364,0.4792055,1.0970160,0.653586,0.657520,-0.0017,-0.0137,0.4792055,0.0000000,0.0000000,0,0
authored,0.837500,0.142045,0.4817980,1.0996250,0.622194,0.626163,-7.5342,-7.5256,0.4817980,0.0000000,0.0000000,0,0
authored,0.841667,0.147727,0.4843905,1.1022330,0.622201,0.626020,0.0017,-0.0343,0.4843905,0.0000000,0.0000000,0,0
authored,0.845833,0.153409,0.4867994,1.1046580,0.578141,0.581989,-10.5743,-10.5675,0.4867994,0.0000000,0.0000000,0,0
authored,0.850000,0.159091,0.4892083,1.1070820,0.578141,0.581875,0.0000,-0.0275,0.4892083,0.0000000,0.0000000,0,0
authored,0.854167,0.164773,0.4913847,1.1092740,0.522323,0.525885,-13.3964,-13.4376,0.4913847,0.0000000,0.0000000,0,0
authored,0.858333,0.170455,0.4935610,1.1114650,0.522323,0.525799,0.0000,-0.0206,0.4935610,0.0000000,0.0000000,0,0
authored,0.862500,0.176136,0.4954605,1.1133780,0.455875,0.459166,-15.9474,-15.9920,0.4954605,0.0000000,0.0000000,0,0
authored,0.866667,0.181818,0.4973600,1.1152900,0.455875,0.458937,0.0000,-0.0549,0.4973600,0.0000000,0.0000000,0,0
authored,0.870833,0.187500,0.4989438,1.1168860,0.380130,0.383062,-18.1789,-18.2098,0.4989438,0.0000000,0.0000000,0,0
authored,0.875000,0.193182,0.5005277,1.1184810,0.380123,0.382862,-0.0017,-0.0481,0.5005277,0.0000000,0.0000000,0,0
authored,0.879167,0.198864,0.5017638,1.1197280,0.296659,0.299177,-20.0312,-20.0844,0.5017638,0.0000000,0.0000000,0,0
authored,0.883333,0.204545,0.5029998,1.1209740,0.296659,0.298977,0.0000,-0.0481,0.5029998,0.0000000,0.0000000,0,0
authored,0.887500,0.210227,0.5038630,1.1218450,0.207167,0.209198,-21.4783,-21.5469,0.5038630,0.0000000,0.0000000,0,0
authored,0.891667,0.215909,0.5047261,1.1227160,0.207138,0.208912,-0.0069,-0.0687,0.5047261,0.0000000,0.0000000,0,0
authored,0.895833,0.221591,0.5051987,1.1231950,0.113425,0.114956,-22.4911,-22.5494,0.5051987,0.0000000,0.0000000,0,0
authored,0.900000,0.227273,0.5056713,1.1236720,0.113411,0.114670,-0.0034,-0.0687,0.5056713,0.0000000,0.0000000,0,0
authored,0.904167,0.232955,0.5057437,1.1237490,0.017381,0.018368,-23.0473,-23.1125,0.5057437,0.0000000,0.0000000,0,0
authored,0.908333,0.238636,0.5058161,1.1238240,0.017381,0.018082,0.0000,-0.0687,0.5058161,0.0000000,0.0000000,0,0
authored,0.912500,0.244318,0.5054869,1.1234970,-0.079007,-0.078564,-23.1331,-23.1949,0.5054869,0.0000000,0.0000000,0,0
authored,0.916667,0.250000,0.5051577,1.1231680,-0.079007,-0.078850,0.0000,-0.0687,0.5051577,0.0000000,0.0000000,0,0
authored,0.920833,0.255682,0.5044335,1.1224440,-0.173807,-0.173950,-22.7520,-22.8241,0.5044335,0.0000000,0.0000000,0,0
authored,0.925000,0.261364,0.5037094,1.1217180,-0.173793,-0.174236,0.0034,-0.0687,0.5037094,0.0000000,0.0000000,0,0
authored,0.929167,0.267045,0.5026050,1.1206100,-0.265045,-0.265760,-21.9006,-21.9658,0.5026050,0.0000000,0.0000000,0,0
authored,0.933333,0.272727,0.5015007,1.1195020,-0.265031,-0.266018,0.0034,-0.0618,0.5015007,0.0000000,0.0000000,0,0
authored,0.937500,0.278409,0.5000387,1.1180350,-0.350890,-0.352163,-20.6062,-20.6749,0.5000387,0.0000000,0.0000000,0,0
authored,0.941667,0.284091,0.4985767,1.1165660,-0.350883,-0.352392,0.0017,-0.0549,0.4985767,0.0000000,0.0000000,0,0
authored,0.945833,0.289773,0.4967867,1.1147690,-0.429597,-0.431385,-18.8913,-18.9583,0.4967867,0.0000000,0.0000000,0,0
authored,0.950000,0.295455,0.4949967,1.1129700,-0.429597,-0.431643,0.0000,-0.0618,0.4949967,0.0000000,0.0000000,0,0
authored,0.954167,0.301136,0.4929152,1.1108790,-0.499549,-0.501852,-16.7885,-16.8503,0.4929152,0.0000000,0.0000000,0,0
authored,0.958333,0.306818,0.4908337,1.1087870,-0.499563,-0.502138,-0.0034,-0.0687,0.4908337,0.0000000,0.0000000,0,0
authored,0.962500,0.312500,0.4885031,1.1064450,-0.559359,-0.562019,-14.3509,-14.3715,0.4885031,0.0000000,0.0000000,0,0
authored,0.966667,0.318182,0.4861725,1.1041020,-0.559344,-0.562277,0.0034,-0.0618,0.4861725,0.0000000,0.0000000,0,0
authored,0.970833,0.323864,0.4836401,1.1015570,-0.607767,-0.610828,-11.6215,-11.6524,0.4836401,0.0000000,0.0000000,0,0
authored,0.975000,0.329545,0.4811078,1.0990110,-0.607753,-0.611057,0.0034,-0.0549,0.4811078,0.0000000,0.0000000,0,0
authored,0.979167,0.335227,0.4784254,1.0963140,-0.643787,-0.647249,-8.6483,-8.6861,0.4784254,0.0000000,0.0000000,0,0
authored,0.983333,0.340909,0.4757429,1.0936170,-0.643795,-0.647364,-0.0017,-0.0275,0.4757429,0.0000000,0.0000000,0,0
authored,0.987500,0.346591,0.4729649,1.0908230,-0.666711,-0.670481,-5.5000,-5.5481,0.4729649,0.0000000,0.0000000,0,0
authored,0.991667,0.352273,0.4701869,1.0880300,-0.666718,-0.670509,-0.0017,-0.0069,0.4701869,0.0000000,0.0000000,0,0
authored,0.995833,0.357955,0.4673699,1.0851960,-0.676074,-0.679951,-2.2453,-2.2659,0.4673699,0.0000000,0.0000000,0,0
authored,1.000000,0.363636,0.4645530,1.0823630,-0.676060,-0.679951,0.0034,0.0000,0.4645530,0.0000000,0.0000000,0,0
authored,1.004167,0.369318,0.4617544,1.0795480,-0.671668,-0.675659,1.0540,1.0300,0.4617544,0.0000000,0.0000000,0,0
authored,1.008333,0.375000,0.4589558,1.0767330,-0.671668,-0.675659,0.0000,0.0000,0.4589558,0.0000000,0.0000000,0,0
authored,1.012500,0.380682,0.4562325,1.0739930,-0.653594,-0.657578,4.3379,4.3396,0.4562325,0.0000000,0.0000000,0,0
authored,1.016667,0.386364,0.4535093,1.0712530,-0.653572,-0.657606,0.0051,-0.0069,0.4535093,0.0000000,0.0000000,0,0
authored,1.020833,0.392045,0.4509168,1.0686440,-0.622194,-0.626135,7.5308,7.5531,0.4509168,0.0000000,0.0000000,0,0
authored,1.025000,0.397727,0.4483243,1.0660350,-0.622208,-0.626135,-0.0034,0.0000,0.4483243,0.0000000,0.0000000,0,0
authored,1.029167,0.403409,0.4459154,1.0636100,-0.578134,-0.581961,10.5778,10.6018,0.4459154,0.0000000,0.0000000,0,0
authored,1.033333,0.409091,0.4435064,1.0611860,-0.578141,-0.581789,-0.0017,0.0412,0.4435064,0.0000000,0.0000000,0,0
authored,1.037500,0.414773,0.4413301,1.0589950,-0.522330,-0.525885,13.3947,13.4170,0.4413301,0.0000000,0.0000000,0,0
authored,1.041667,0.420455,0.4391537,1.0568040,-0.522323,-0.525742,0.0017,0.0343,0.4391537,0.0000000,0.0000000,0,0
authored,1.045833,0.426136,0.4372543,1.0548910,-0.455875,-0.459194,15.9474,15.9714,0.4372543,0.0000000,0.0000000,0,0
authored,1.050000,0.431818,0.4353548,1.0529790,-0.455868,-0.458965,0.0017,0.0549,0.4353548,0.0000000,0.0000000,0,0
authored,1.054167,0.437500,0.4337709,1.0513830,-0.380130,-0.383091,18.1772,18.2098,0.4337709,0.0000000,0.0000000,0,0
authored,1.058333,0.443182,0.4321871,1.0497870,-0.380130,-0.382891,0.0000,0.0481,0.4321871,0.0000000,0.0000000,0,0
authored,1.062500,0.448864,0.4309510,1.0485410,-0.296659,-0.299149,20.0329,20.0981,0.4309510,0.0000000,0.0000000,0,0
authored,1.066667,0.454545,0.4297149,1.0472950,-0.296667,-0.298920,-0.0017,0.0549,0.4297149,0.0000000,0.0000000,0,0
authored,1.070833,0.460227,0.4288517,1.0464240,-0.207152,-0.209198,21.4834,21.5332,0.4288517,0.0000000,0.0000000,0,0
authored,1.075000,0.465909,0.4279886,1.0455530,-0.207145,-0.208941,0.0017,0.0618,0.4279886,0.0000000,0.0000000,0,0
authored,1.079167,0.471591,0.4275160,1.0450740,-0.113425,-0.114985,22.4928,22.5494,0.4275160,0.0000000,0.0000000,0,0
authored,1.083333,0.477273,0.4270435,1.0445960,-0.113411,-0.114670,0.0034,0.0755,0.4270435,0.0000000,0.0000000,0,0
authored,1.087500,0.482955,0.4269710,1.0445200,-0.017395,-0.018339,23.0438,23.1194,0.4269710,0.0000000,0.0000000,0,0
authored,1.091667,0.488636,0.4268986,1.0444440,-0.017374,-0.018110,0.0051,0.0549,0.4268986,0.0000000,0.0000000,0,0
authored,1.095833,0.494318,0.4272278,1.0447710,0.079014,0.078535,23.1331,23.1949,0.4272278,0.0000000,0.0000000,0,0
authored,1.100000,0.500000,0.4275570,1.0451000,0.079007,0.078821,-0.0017,0.0687,0.4275570,0.0000000,0.0000000,0,0
authored,1.104167,0.505682,0.4282812,1.0458250,0.173800,0.173979,22.7503,22.8378,0.4282812,0.0000000,0.0000000,0,0
authored,1.108333,0.511364,0.4290053,1.0465510,0.173786,0.174265,-0.0034,0.0687,0.4290053,0.0000000,0.0000000,0,0
authored,1.112500,0.517046,0.4301096,1.0476580,0.265045,0.265760,21.9023,21.9589,0.4301096,0.0000000,0.0000000,0,0
authored,1.116667,0.522727,0.4312140,1.0487670,0.265045,0.266047,0.0000,0.0687,0.4312140,0.0000000,0.0000000,0,0
authored,1.120833,0.528409,0.4326760,1.0502340,0.350890,0.352135,20.6028,20.6612,0.4326760,0.0000000,0.0000000,0,0
authored,1.125000,0.534091,0.4341381,1.0517020,0.350897,0.352449,0.0017,0.0755,0.4341381,0.0000000,0.0000000,0,0
authored,1.129167,0.539773,0.4359281,1.0535000,0.429590,0.431356,18.8862,18.9377,0.4359281,0.0000000,0.0000000,0,0
authored,1.133333,0.545455,0.4377181,1.0552980,0.429604,0.431671,0.0034,0.0755,0.4377181,0.0000000,0.0000000,0,0
authored,1.137500,0.551136,0.4397996,1.0573890,0.499563,0.501795,16.7902,16.8297,0.4397996,0.0000000,0.0000000,0,0
authored,1.141667,0.556818,0.4418811,1.0594810,0.499556,0.502081,-0.0017,0.0687,0.4418811,0.0000000,0.0000000,0,0
authored,1.145833,0.562500,0.4442117,1.0618230,0.559344,0.562105,14.3492,14.4058,0.4442117,0.0000000,0.0000000,0,0
authored,1.150000,0.568182,0.4465423,1.0641660,0.559351,0.562277,0.0017,0.0412,0.4465423,0.0000000,0.0000000,0,0
authored,1.154167,0.573864,0.4490746,1.0667120,0.607753,0.610914,11.6163,11.6730,0.4490746,0.0000000,0.0000000,0,0
authored,1.158333,0.579546,0.4516070,1.0692580,0.607760,0.611057,0.0017,0.0343,0.4516070,0.0000000,0.0000000,0,0
authored,1.162500,0.585227,0.4542894,1.0719540,0.643780,0.647163,8.6449,8.6655,0.4542894,0.0000000,0.0000000,0,0
authored,1.166667,0.590909,0.4569719,1.0746520,0.643802,0.647364,0.0051,0.0481,0.4569719,0.0000000,0.0000000,0,0
authored,1.170833,0.596591,0.4597498,1.0774450,0.666704,0.670338,5.4966,5.5138,0.4597498,0.0000000,0.0000000,0,0
authored,1.175000,0.602273,0.4625278,1.0802390,0.666718,0.670595,0.0034,0.0618,0.4625278,0.0000000,0.0000000,0,0
authored,1.179167,0.607955,0.4653448,1.0830720,0.676074,0.679951,2.2453,2.2453,0.4653448,0.0000000,0.0000000,0,0
authored,1.183333,0.613636,0.4681618,1.0859050,0.676074,0.680037,0.0000,0.0206,0.4681618,0.0000000,0.0000000,0,0
authored,1.187500,0.619318,0.4709603,1.0887210,0.671661,0.675688,-1.0592,-1.0437,0.4709603,0.0000000,0.0000000,0,0
authored,1.191667,0.625000,0.4737589,1.0915360,0.671654,0.675659,-0.0017,-0.0069,0.4737589,0.0000000,0.0000000,0,0
authored,1.195833,0.630682,0.4764822,1.0942760,0.653594,0.657578,-4.3345,-4.3396,0.4764822,0.0000000,0.0000000,0,0
authored,1.200000,0.636364,0.4792055,1.0970160,0.653594,0.657578,0.0000,0.0000,0.4792055,0.0000000,0.0000000,0,0
authored,1.204167,0.642046,0.4817980,1.0996250,0.622194,0.626106,-7.5359,-7.5531,0.4817980,0.0000000,0.0000000,0,0
authored,1.208333,0.647727,0.4843905,1.1022330,0.622194,0.626049,0.0000,-0.0137,0.4843905,0.0000000,0.0000000,0,0
authored,1.212500,0.653409,0.4867994,1.1046580,0.578156,0.581989,-10.5692,-10.5743,0.4867994,0.0000000,0.0000000,0,0
authored,1.216667,0.659091,0.4892084,1.1070820,0.578141,0.581846,-0.0034,-0.0343,0.4892084,0.0000000,0.0000000,0,0
authored,1.220833,0.664773,0.4913847,1.1092740,0.522308,0.525885,-13.3999,-13.4308,0.4913847,0.0000000,0.0000000,0,0
authored,1.225000,0.670455,0.4935611,1.1114650,0.522337,0.525799,0.0069,-0.0206,0.4935611,0.0000000,0.0000000,0,0
authored,1.229167,0.676136,0.4954605,1.1133780,0.455875,0.459166,-15.9508,-15.9920,0.4954605,0.0000000,0.0000000,0,0
authored,1.233333,0.681818,0.4973600,1.1152900,0.455861,0.458937,-0.0034,-0.0549,0.4973600,0.0000000,0.0000000,0,0
authored,1.237500,0.687500,0.4989438,1.1168860,0.380130,0.383062,-18.1755,-18.2098,0.4989438,0.0000000,0.0000000,0,0
authored,1.241667,0.693182,0.5005277,1.1184810,0.380123,0.382862,-0.0017,-0.0481,0.5005277,0.0000000,0.0000000,0,0
authored,1.245833,0.698864,0.5017638,1.1197280,0.296674,0.299177,-20.0277,-20.0844,0.5017638,0.0000000,0.0000000,0,0
authored,1.250000,0.704546,0.5029999,1.1209740,0.296659,0.298977,-0.0034,-0.0481,0.5029999,0.0000000,0.0000000,0,0
authored,1.254167,0.710227,0.5038630,1.1218450,0.207152,0.209198,-21.4817,-21.5469,0.5038630,0.0000000,0.0000000,0,0
authored,1.258333,0.715909,0.5047261,1.1227160,0.207138,0.208912,-0.0034,-0.0687,0.5047261,0.0000000,0.0000000,0,0
authored,1.262500,0.721591,0.5051987,1.1231950,0.113425,0.114956,-22.4911,-22.5494,0.5051987,0.0000000,0.0000000,0,0
authored,1.266667,0.727273,0.5056713,1.1236720,0.113411,0.114670,-0.0034,-0.0687,0.5056713,0.0000000,0.0000000,0,0
authored,1.270833,0.732955,0.5057437,1.1237490,0.017381,0.018368,-23.0473,-23.1125,0.5057437,0.0000000,0.0000000,0,0
authored,1.275000,0.738636,0.5058161,1.1238240,0.017381,0.018082,0.0000,-0.0687,0.5058161,0.0000000,0.0000000,0,0
authored,1.279167,0.744318,0.5054869,1.1234970,-0.079007,-0.078564,-23.1331,-23.1949,0.5054869,0.0000000,0.0000000,0,0
authored,1.283333,0.750000,0.5051577,1.1231680,-0.079007,-0.078850,0.0000,-0.0687,0.5051577,0.0000000,0.0000000,0,0
authored,1.287500,0.755682,0.5044335,1.1224440,-0.173807,-0.173950,-22.7520,-22.8241,0.5044335,0.0000000,0.0000000,0,0
authored,1.291667,0.761364,0.5037094,1.1217180,-0.173793,-0.174236,0.0034,-0.0687,0.5037094,0.0000000,0.0000000,0,0
authored,1.295833,0.767046,0.5026050,1.1206100,-0.265045,-0.265760,-21.9006,-21.9658,0.5026050,0.0000000,0.0000000,0,0
authored,1.300000,0.772727,0.5015007,1.1195020,-0.265031,-0.266018,0.0034,-0.0618,0.5015007,0.0000000,0.0000000,0,0
authored,1.304167,0.778409,0.5000387,1.1180350,-0.350890,-0.352163,-20.6062,-20.6749,0.5000387,0.0000000,0.0000000,0,0
authored,1.308333,0.784091,0.4985766,1.1165660,-0.350897,-0.352392,-0.0017,-0.0549,0.4985766,0.0000000,0.0000000,0,0
authored,1.312500,0.789773,0.4967867,1.1147690,-0.429583,-0.431385,-18.8845,-18.9583,0.4967867,0.0000000,0.0000000,0,0
authored,1.316667,0.795455,0.4949967,1.1129700,-0.429597,-0.431643,-0.0034,-0.0618,0.4949967,0.0000000,0.0000000,0,0
authored,1.320833,0.801136,0.4929152,1.1108790,-0.499549,-0.501852,-16.7885,-16.8503,0.4929152,0.0000000,0.0000000,0,0
authored,1.325000,0.806818,0.4908337,1.1087870,-0.499563,-0.502138,-0.0034,-0.0687,0.4908337,0.0000000,0.0000000,0,0
authored,1.329167,0.812500,0.4885031,1.1064450,-0.559344,-0.562019,-14.3475,-14.3715,0.4885031,0.0000000,0.0000000,0,0
authored,1.333333,0.818182,0.4861725,1.1041020,-0.559359,-0.562277,-0.0034,-0.0618,0.4861725,0.0000000,0.0000000,0,0
authored,1.337500,0.823864,0.4836401,1.1015570,-0.607767,-0.610828,-11.6180,-11.6524,0.4836401,0.0000000,0.0000000,0,0
authored,1.341667,0.829546,0.4811078,1.0990110,-0.607753,-0.611057,0.0034,-0.0549,0.4811078,0.0000000,0.0000000,0,0
authored,1.345833,0.835227,0.4784254,1.0963140,-0.643787,-0.647249,-8.6483,-8.6861,0.4784254,0.0000000,0.0000000,0,0
authored,1.350000,0.840909,0.4757429,1.0936170,-0.643795,-0.647364,-0.0017,-0.0275,0.4757429,0.0000000,0.0000000,0,0
authored,1.354167,0.846591,0.4729649,1.0908230,-0.666711,-0.670481,-5.5000,-5.5481,0.4729649,0.0000000,0.0000000,0,0
authored,1.358333,0.852273,0.4701869,1.0880300,-0.666718,-0.670509,-0.0017,-0.0069,0.4701869,0.0000000,0.0000000,0,0
authored,1.362500,0.857955,0.4673699,1.0851960,-0.676074,-0.679951,-2.2453,-2.2659,0.4673699,0.0000000,0.0000000,0,0
authored,1.366667,0.863636,0.4645530,1.0823630,-0.676074,-0.680008,0.0000,-0.0137,0.4645530,0.0000000,0.0000000,0,0
authored,1.370833,0.869318,0.4617544,1.0795480,-0.671668,-0.675602,1.0574,1.0574,0.4617544,0.0000000,0.0000000,0,0
authored,1.375000,0.875000,0.4589557,1.0767330,-0.671668,-0.675659,0.0000,-0.0137,0.4589557,0.0000000,0.0000000,0,0
authored,1.379167,0.880682,0.4562325,1.0739930,-0.653586,-0.657578,4.3396,4.3396,0.4562325,0.0000000,0.0000000,0,0
authored,1.383333,0.886364,0.4535092,1.0712530,-0.653586,-0.657663,0.0000,-0.0206,0.4535092,0.0000000,0.0000000,0,0
authored,1.387500,0.892046,0.4509167,1.0686440,-0.622187,-0.626106,7.5359,7.5737,0.4509167,0.0000000,0.0000000,0,0
authored,1.391667,0.897727,0.4483243,1.0660350,-0.622194,-0.626106,-0.0017,0.0000,0.4483243,0.0000000,0.0000000,0,0
authored,1.395833,0.903409,0.4459154,1.0636100,-0.578134,-0.581961,10.5743,10.5949,0.4459154,0.0000000,0.0000000,0,0
authored,1.400000,0.909091,0.4435064,1.0611860,-0.578156,-0.581789,-0.0051,0.0412,0.4435064,0.0000000,0.0000000,0,0
authored,1.404167,0.914773,0.4413300,1.0589950,-0.522323,-0.525885,13.3999,13.4170,0.4413300,0.0000000,0.0000000,0,0
authored,1.408333,0.920455,0.4391537,1.0568040,-0.522330,-0.525742,-0.0017,0.0343,0.4391537,0.0000000,0.0000000,0,0
authored,1.412500,0.926136,0.4372543,1.0548910,-0.455861,-0.459194,15.9525,15.9714,0.4372543,0.0000000,0.0000000,0,0
authored,1.416667,0.931818,0.4353548,1.0529790,-0.455868,-0.458965,-0.0017,0.0549,0.4353548,0.0000000,0.0000000,0,0
authored,1.420833,0.937500,0.4337709,1.0513830,-0.380130,-0.383091,18.1772,18.2098,0.4337709,0.0000000,0.0000000,0,0
authored,1.425000,0.943182,0.4321870,1.0497870,-0.380137,-0.382891,-0.0017,0.0481,0.4321870,0.0000000,0.0000000,0,0
authored,1.429167,0.948864,0.4309509,1.0485410,-0.296667,-0.299177,20.0329,20.0913,0.4309509,0.0000000,0.0000000,0,0
authored,1.433333,0.954546,0.4297148,1.0472950,-0.296659,-0.298948,0.0017,0.0549,0.4297148,0.0000000,0.0000000,0,0
authored,1.437500,0.960227,0.4288517,1.0464240,-0.207145,-0.209055,21.4834,21.5744,0.4288517,0.0000000,0.0000000,0,0
authored,1.441667,0.965909,0.4279886,1.0455550,-0.207145,-0.208597,0.0000,0.1099,0.4279886,0.0000000,0.0000000,0,0
authored,1.445833,0.971591,0.4275160,1.0450770,-0.113425,-0.114584,22.4928,22.5632,0.4275160,0.0000000,0.0000000,0,0
authored,1.450000,0.977273,0.4270435,1.0446010,-0.113411,-0.114355,0.0034,0.0549,0.4270435,0.0000000,0.0000000,0,0
authored,1.454167,0.982955,0.4269710,1.0445250,-0.017395,-0.018196,23.0438,23.0782,0.4269710,0.0000000,0.0000000,0,0
authored,1.458333,0.988636,0.4268986,1.0444490,-0.017374,-0.018167,0.0051,0.0069,0.4268986,0.0000000,0.0000000,0,0
authored,1.462500,0.994318,0.4272278,1.0447750,0.079014,0.078163,23.1331,23.1194,0.4272278,0.0000000,0.0000000,0,0
authored,1.466667,0.000000,0.4275570,1.0451000,0.079007,0.077963,-0.0017,-0.0481,0.4275570,0.0000000,0.0000000,0,0
moving,0.000000,0.989477,0.4269468,1.0444970,0.000000,0.000000,0.0000,0.0000,0.4269473,-0.0181355,0.0000000,0,0
moving,0.004167,0.995159,0.4272761,1.0448230,0.079036,0.078192,0.0000,0.0000,0.4272765,-0.0204147,0.0000000,0,0
moving,0.008333,0.000841,0.4276638,1.0452080,0.093048,0.092325,3.3628,3.3920,0.4276642,-0.0121048,0.0000000,1,0
moving,0.012500,0.006523,0.4283878,1.0459360,0.173764,0.174751,19.3720,19.7823,0.4283883,-0.0167759,0.0000000,1,0
moving,0.016667,0.012205,0.4291684,1.0467200,0.187333,0.188170,3.2564,3.2204,0.4291687,-0.0211563,0.0000000,1,0
moving,0.020833,0.017886,0.4302726,1.0478270,0.265024,0.265789,18.6459,18.6287,0.4302731,-0.0249844,0.0000000,1,0
moving,0.025000,0.023568,0.4314299,1.0489880,0.277741,0.278549,3.0521,3.0624,0.4314304,-0.0290779,0.0000000,1,0
moving,0.029167,0.029250,0.4328922,1.0504540,0.350947,0.351877,17.5695,17.5987,0.4328924,-0.0327363,0.0000000,1,0
moving,0.033333,0.034932,0.4344026,1.0519700,0.362499,0.363750,2.7723,2.8496,0.4344030,-0.0361416,0.0000000,1,0
moving,0.037500,0.040614,0.4361927,1.0537660,0.429618,0.431128,16.1087,16.1705,0.4361930,-0.0390705,0.0000000,1,0
moving,0.041667,0.046296,0.4380257,1.0556070,0.439932,0.441942,2.4754,2.5955,0.4380261,-0.0417686,0.0000000,1,0
moving,0.045833,0.051977,0.4401073,1.0576980,0.499585,0.501881,14.3166,14.3852,0.4401076,-0.0440555,0.0000000,1,0
moving,0.050000,0.057659,0.4422256,1.0598270,0.508390,0.510922,2.1132,2.1698,0.4422260,-0.0461526,0.0000000,1,0
moving,0.054167,0.063341,0.4445561,1.0621690,0.559330,0.562105,12.2257,12.2841,0.4445566,-0.0478791,0.0000000,1,0
moving,0.058333,0.069023,0.4469166,1.0645420,0.566504,0.569515,1.7218,1.7784,0.4469171,-0.0494100,0.0000000,1,0
moving,0.062500,0.074705,0.4494489,1.0670880,0.607767,0.610943,9.9031,9.9426,0.4494494,-0.0505924,0.0000000,1,0
moving,0.066667,0.080386,0.4520037,1.0696560,0.613132,0.616407,1.2875,1.3115,0.4520039,-0.0515653,0.0000000,1,0
moving,0.070833,0.086068,0.4546860,1.0723530,0.643752,0.647221,7.3488,7.3952,0.4546864,-0.0522073,0.0000000,1,0
moving,0.075000,0.091750,0.4573825,1.0750650,0.647171,0.650768,0.8205,0.8514,0.4573830,-0.0526160,0.0000000,1,0
moving,0.079167,0.097432,0.4601606,1.0778580,0.666754,0.670395,4.7001,4.7104,0.4601610,-0.0527099,0.0000000,1,0
moving,0.083333,0.103114,0.4629443,1.0806580,0.668070,0.671911,0.3159,0.3639,0.4629447,-0.0525702,0.0000000,1,0
moving,0.087500,0.108796,0.4657612,1.0834910,0.676074,0.679979,1.9209,1.9363,0.4657617,-0.0521792,0.0000000,1,0
moving,0.091667,0.114477,0.4685755,1.0863220,0.675423,0.679407,-0.1562,-0.1373,0.4685760,-0.0515873,0.0000000,1,0
moving,0.095833,0.120159,0.4713741,1.0891370,0.671668,0.675688,-0.9012,-0.8926,0.4713745,-0.0508252,0.0000000,1,0
moving,0.100000,0.125841,0.4741617,1.0919410,0.669014,0.673027,-0.6369,-0.6386,0.4741620,-0.0499122,0.0000000,1,0
moving,0.104167,0.131523,0.4768850,1.0946810,0.653586,0.657549,-3.7027,-3.7148,0.4768853,-0.0489287,0.0000000,1,0
moving,0.108333,0.137205,0.4795888,1.0974010,0.648916,0.652857,-1.1209,-1.1261,0.4795892,-0.0478618,0.0000000,1,0
moving,0.112500,0.142886,0.4821812,1.1000100,0.622187,0.626106,-6.4150,-6.4201,0.4821817,-0.0468012,0.0000000,1,0
moving,0.116667,0.148568,0.4847465,1.1025920,0.615664,0.619526,-1.5656,-1.5793,0.4847470,-0.0456477,0.0000000,1,0
moving,0.120833,0.154250,0.4871555,1.1050160,0.578170,0.581961,-8.9985,-9.0157,0.4871559,-0.0445256,0.0000000,1,0
moving,0.125000,0.159932,0.4895299,1.1074060,0.569859,0.573578,-1.9947,-2.0119,0.4895305,-0.0433058,0.0000000,1,0
moving,0.129167,0.165614,0.4917063,1.1095980,0.522337,0.525913,-11.4052,-11.4395,0.4917068,-0.0421453,0.0000000,1,0
moving,0.133333,0.171296,0.4938417,1.1117470,0.512481,0.515900,-2.3655,-2.4033,0.4938422,-0.0408777,0.0000000,1,0
moving,0.137500,0.176977,0.4957412,1.1136600,0.455875,0.459137,-13.5853,-13.6231,0.4957416,-0.0396873,0.0000000,1,0
moving,0.141667,0.182659,0.4975939,1.1155260,0.444660,0.447722,-2.6917,-2.7397,0.4975944,-0.0383741,0.0000000,1,0
moving,0.145833,0.188341,0.4991778,1.1171220,0.380130,0.383034,-15.4873,-15.5251,0.4991783,-0.0371407,0.0000000,1,0
moving,0.150000,0.194023,0.5007100,1.1186650,0.367734,0.370445,-2.9749,-3.0212,0.5007106,-0.0357758,0.0000000,1,0
moving,0.154167,0.199705,0.5019462,1.1199120,0.296674,0.299120,-17.0546,-17.1181,0.5019467,-0.0345403,0.0000000,1,0
moving,0.158333,0.205386,0.5031271,1.1211020,0.283427,0.285730,-3.1792,-3.2135,0.5031276,-0.0332144,0.0000000,1,0
moving,0.162500,0.211068,0.5039901,1.1219740,0.207124,0.209169,-18.3128,-18.3746,0.5039907,-0.0320823,0.0000000,1,0
moving,0.166667,0.216750,0.5047954,1.1227860,0.193276,0.194979,-3.3234,-3.4058,0.5047960,-0.0309078,0.0000000,1,0
moving,0.170833,0.222432,0.5052681,1.1232650,0.113440,0.114927,-19.1608,-19.2123,0.5052686,-0.0299926,0.0000000,1,0
moving,0.175000,0.228114,0.5056814,1.1236830,0.099192,0.100451,-3.4195,-3.4744,0.5056820,-0.0290887,0.0000000,1,0
moving,0.179167,0.233796,0.5057539,1.1237600,0.017395,0.018282,-19.6312,-19.7205,0.5057544,-0.0283768,0.0000000,1,0
moving,0.183333,0.239477,0.5057668,1.1237750,0.003104,0.003805,-3.4298,-3.4744,0.5057674,-0.0275506,0.0000000,1,0
moving,0.187500,0.245159,0.5054376,1.1234480,-0.079007,-0.078621,-19.7067,-19.7823,0.5054382,-0.0269512,0.0000000,1,0
moving,0.191667,0.250841,0.5050500,1.1230610,-0.093026,-0.092926,-3.3646,-3.4332,0.5050505,-0.0263591,0.0000000,1,0
moving,0.195833,0.256523,0.5043259,1.1223360,-0.173793,-0.173950,-19.3840,-19.4458,0.5043264,-0.0261189,0.0000000,1,0
moving,0.200000,0.262205,0.5035453,1.1215530,-0.187326,-0.187826,-3.2478,-3.3302,0.5035459,-0.0260206,0.0000000,1,0
moving,0.204167,0.267886,0.5024410,1.1204460,-0.265045,-0.265789,-18.6527,-18.7111,0.5024416,-0.0271933,0.0000000,1,0
moving,0.208333,0.273568,0.5012837,1.1192840,-0.277748,-0.278778,-3.0487,-3.1174,0.5012843,-0.0292558,0.0000000,1,0
moving,0.212500,0.279250,0.4998219,1.1178170,-0.350840,-0.352135,-17.5421,-17.6056,0.4998223,-0.0322732,0.0000000,1,0
moving,0.216667,0.284932,0.4983112,1.1163000,-0.362563,-0.364151,-2.8135,-2.8839,0.4983117,-0.0358915,0.0000000,1,0
moving,0.220833,0.290614,0.4965212,1.1145020,-0.429597,-0.431414,-16.0881,-16.1430,0.4965217,-0.0401702,0.0000000,1,0
moving,0.225000,0.296296,0.4946881,1.1126600,-0.439940,-0.442028,-2.4822,-2.5475,0.4946887,-0.0447033,0.0000000,1,0
moving,0.229167,0.301977,0.4926066,1.1105690,-0.499563,-0.501909,-14.3097,-14.3715,0.4926071,-0.0495272,0.0000000,1,0
moving,0.233333,0.307659,0.4904883,1.1084400,-0.508404,-0.510950,-2.1217,-2.1698,0.4904888,-0.0542702,0.0000000,1,0
moving,0.237500,0.313341,0.4881576,1.1060980,-0.559359,-0.562105,-12.2292,-12.2772,0.4881581,-0.0589575,0.0000000,1,0
moving,0.241667,0.319023,0.4857971,1.1037250,-0.566511,-0.569458,-1.7166,-1.7647,0.4857977,-0.0632802,0.0000000,1,0
moving,0.245833,0.324705,0.4832648,1.1011800,-0.607753,-0.610886,-9.8980,-9.9426,0.4832654,-0.0686662,0.0000000,1,0
moving,0.250000,0.330386,0.4807103,1.0986120,-0.613096,-0.616407,-1.2823,-1.3252,0.4807108,-0.0754977,0.0000000,1,0
moving,0.254167,0.336068,0.4780278,1.0959150,-0.643787,-0.647249,-7.3660,-7.4020,0.4780283,-0.0824291,0.0000000,1,0
moving,0.258333,0.341750,0.4753313,1.0932030,-0.647171,-0.650768,-0.8120,-0.8446,0.4753318,-0.0891343,0.0000000,1,0
moving,0.262500,0.347432,0.4725532,1.0904100,-0.666733,-0.670481,-4.6949,-4.7310,0.4725537,-0.0954824,0.0000000,1,0
moving,0.266667,0.353114,0.4697695,1.0876100,-0.668092,-0.671911,-0.3262,-0.3433,0.4697700,-0.1012155,0.0000000,1,0
moving,0.270833,0.358796,0.4669525,1.0847770,-0.676074,-0.680008,-1.9157,-1.9432,0.4669530,-0.0993632,0.0000000,1,0
moving,0.275000,0.364477,0.4641383,1.0819460,-0.675423,-0.679293,0.1562,0.1717,0.4641388,-0.0952260,0.0000000,1,0
moving,0.279167,0.370159,0.4613397,1.0791310,-0.671661,-0.675602,0.9029,0.8858,0.4613402,-0.0887313,0.0000000,1,0
moving,0.283333,0.375841,0.4585522,1.0763270,-0.669007,-0.673027,0.6369,0.6180,0.4585527,-0.0802796,0.0000000,1,0
moving,0.287500,0.381523,0.4558289,1.0735870,-0.653579,-0.657606,3.7027,3.7010,0.4558294,-0.0707227,0.0000000,1,0
moving,0.291667,0.387205,0.4531250,1.0708660,-0.648937,-0.652914,1.1141,1.1261,0.4531255,-0.0608709,0.0000000,1,0
moving,0.295833,0.392886,0.4505325,1.0682570,-0.622194,-0.626163,6.4184,6.4201,0.4505330,-0.0514436,0.0000000,1,0
moving,0.300000,0.398568,0.4479673,1.0656760,-0.615656,-0.619555,1.5690,1.5862,0.4479678,-0.0430315,0.0000000,1,0
moving,0.304167,0.404250,0.4455583,1.0632510,-0.578163,-0.581932,8.9985,9.0294,0.4455588,-0.0360752,0.0000000,0,0
moving,0.308333,0.409932,0.4431838,1.0608610,-0.569880,-0.573549,1.9878,2.0119,0.4431843,-0.0308608,0.0000000,0,0
moving,0.312500,0.415614,0.4410075,1.0586700,-0.522316,-0.525856,11.4155,11.4464,0.4410079,-0.0267215,0.0000000,0,0
moving,0.316667,0.421296,0.4388720,1.0565210,-0.512502,-0.515928,2.3552,2.3827,0.4388725,-0.0231577,0.0000000,0,0
moving,0.320833,0.426977,0.4369726,1.0546080,-0.455854,-0.459108,13.5956,13.6368,0.4369731,-0.0201225,0.0000000,0,0
moving,0.325000,0.432659,0.4351198,1.0527420,-0.444675,-0.447779,2.6831,2.7191,0.4351203,-0.0175753,0.0000000,0,0
moving,0.329167,0.438341,0.4335360,1.0511460,-0.380116,-0.383034,15.4942,15.5388,0.4335365,-0.0154763,0.0000000,0,0
moving,0.333333,0.444023,0.4320036,1.0496020,-0.367785,-0.370502,2.9594,3.0075,0.4320041,-0.0137879,0.0000000,0,0
moving,0.337500,0.449705,0.4307675,1.0483560,-0.296652,-0.299149,17.0717,17.1249,0.4307680,-0.0124751,0.0000000,0,0
moving,0.341667,0.455386,0.4295866,1.0471660,-0.283420,-0.285645,3.1757,3.2410,0.4295871,-0.0115012,0.0000000,0,0
moving,0.345833,0.461068,0.4287235,1.0462940,-0.207145,-0.209141,18.3060,18.3609,0.4287240,-0.0107152,0.0000000,0,0
moving,0.350000,0.466750,0.4279182,1.0454820,-0.193276,-0.195007,3.3285,3.3920,0.4279187,-0.0100743,0.0000000,0,0
moving,0.354167,0.472432,0.4274456,1.0450030,-0.113425,-0.114899,19.1643,19.2261,0.4274461,-0.0096173,0.0000000,0,0
moving,0.358333,0.478114,0.4270322,1.0445840,-0.099206,-0.100451,3.4126,3.4676,0.4270327,-0.0101955,0.0000000,0,0
moving,0.362500,0.483796,0.4269598,1.0445080,-0.017381,-0.018339,19.6381,19.7067,0.4269603,-0.0129606,0.0000000,0,0
moving,0.366667,0.489477,0.4269468,1.0444920,-0.003126,-0.003834,3.4212,3.4813,0.4269473,-0.0160666,0.0000000,0,0
moving,0.370833,0.495159,0.4272760,1.0448200,0.079021,0.078650,19.7153,19.7960,0.4272766,-0.0191422,0.0000000,0,0
moving,0.375000,0.500841,0.4276637,1.0452070,0.093040,0.092897,3.3646,3.4195,0.4276642,-0.0118429,0.0000000,0,1
moving,0.379167,0.506523,0.4283878,1.0459320,0.173786,0.174007,19.3789,19.4664,0.4283883,-0.0164771,0.0000000,0,1
moving,0.383333,0.512205,0.4291682,1.0467140,0.187297,0.187769,3.2427,3.3028,0.4291687,-0.0208553,0.0000000,0,1
moving,0.387500,0.517886,0.4302726,1.0478220,0.265045,0.265818,18.6596,18.7317,0.4302731,-0.0247267,0.0000000,0,1
moving,0.391667,0.523568,0.4314299,1.0489830,0.277755,0.278778,3.0504,3.1105,0.4314304,-0.0289060,0.0000000,0,1
moving,0.395833,0.529250,0.4328920,1.0504510,0.350897,0.352221,17.5541,17.6262,0.4328924,-0.0325635,0.0000000,0,1
moving,0.400000,0.534932,0.4344025,1.0519680,0.362535,0.364151,2.7929,2.8633,0.4344030,-0.0359648,0.0000000,0,1
moving,0.404167,0.540614,0.4361925,1.0537660,0.429590,0.431385,16.0933,16.1362,0.4361930,-0.0388908,0.0000000,0,1
moving,0.408333,0.546296,0.4380257,1.0556070,0.439961,0.441999,2.4891,2.5475,0.4380262,-0.0415929,0.0000000,0,1
moving,0.412500,0.551977,0.4401072,1.0576980,0.499563,0.501852,14.3045,14.3646,0.4401077,-0.0438878,0.0000000,0,1
moving,0.416667,0.557659,0.4422255,1.0598270,0.508411,0.510979,2.1235,2.1904,0.4422260,-0.0459924,0.0000000,0,1
moving,0.420833,0.563341,0.4445562,1.0621700,0.559351,0.562134,12.2257,12.2772,0.4445567,-0.0477260,0.0000000,0,1
moving,0.425000,0.569023,0.4469167,1.0645420,0.566518,0.569487,1.7200,1.7647,0.4469171,-0.0492640,0.0000000,0,1
moving,0.429167,0.574705,0.4494489,1.0670880,0.607731,0.610971,9.8911,9.9563,0.4494494,-0.0504534,0.0000000,0,1
moving,0.433333,0.580386,0.4520034,1.0696560,0.613096,0.616322,1.2875,1.2840,0.4520039,-0.0514329,0.0000000,0,1
moving,0.437500,0.586068,0.4546860,1.0723530,0.643809,0.647306,7.3711,7.4364,0.4546865,-0.0520822,0.0000000,0,1
moving,0.441667,0.591750,0.4573826,1.0750650,0.647185,0.650711,0.8102,0.8171,0.4573831,-0.0524980,0.0000000,0,1
moving,0.445833,0.597432,0.4601605,1.0778580,0.666697,0.670395,4.6829,4.7241,0.4601610,-0.0525987,0.0000000,0,1
moving,0.450000,0.603114,0.4629443,1.0806580,0.668106,0.671968,0.3382,0.3777,0.4629448,-0.0524663,0.0000000,0,1
moving,0.454167,0.608796,0.4657613,1.0834910,0.676081,0.679979,1.9140,1.9226,0.4657618,-0.0520821,0.0000000,0,1
moving,0.458333,0.614477,0.4685755,1.0863220,0.675416,0.679378,-0.1596,-0.1442,0.4685760,-0.0514977,0.0000000,0,1
moving,0.462500,0.620159,0.4713741,1.0891370,0.671668,0.675688,-0.8995,-0.8858,0.4713746,-0.0507428,0.0000000,0,1
moving,0.466667,0.625841,0.4741615,1.0919410,0.668979,0.672970,-0.6454,-0.6523,0.4741620,-0.0498365,0.0000000,0,1
moving,0.470833,0.631523,0.4768848,1.0946810,0.653586,0.657578,-3.6942,-3.6942,0.4768853,-0.0488599,0.0000000,0,1
moving,0.475000,0.637205,0.4795887,1.0974010,0.648937,0.652885,-1.1158,-1.1261,0.4795892,-0.0477993,0.0000000,0,1
moving,0.479167,0.642886,0.4821812,1.1000100,0.622187,0.626106,-6.4201,-6.4270,0.4821817,-0.0467454,0.0000000,0,1
moving,0.483333,0.648568,0.4847465,1.1025920,0.615678,0.619526,-1.5621,-1.5793,0.4847470,-0.0455981,0.0000000,0,1
moving,0.487500,0.654250,0.4871554,1.1050160,0.578141,0.581989,-9.0088,-9.0088,0.4871559,-0.0444823,0.0000000,0,1
moving,0.491667,0.659932,0.4895299,1.1074060,0.569887,0.573549,-1.9810,-2.0256,0.4895305,-0.0432686,0.0000000,0,1
moving,0.495833,0.665614,0.4917063,1.1095980,0.522323,0.525913,-11.4155,-11.4326,0.4917068,-0.0421141,0.0000000,0,1
moving,0.500000,0.671296,0.4938416,1.1117470,0.512481,0.515928,-2.3621,-2.3964,0.4938422,-0.0408527,0.0000000,0,1
moving,0.504167,0.676977,0.4957411,1.1136600,0.455875,0.459108,-13.5853,-13.6368,0.4957416,-0.0396684,0.0000000,0,1
moving,0.508333,0.682659,0.4975938,1.1155260,0.444660,0.447722,-2.6917,-2.7328,0.4975944,-0.0383612,0.0000000,0,1
moving,0.512500,0.688341,0.4991777,1.1171220,0.380130,0.383005,-15.4873,-15.5319,0.4991783,-0.0371341,0.0000000,0,1
moving,0.516667,0.694023,0.5007100,1.1186650,0.367734,0.370474,-2.9749,-3.0075,0.5007106,-0.0357749,0.0000000,0,1
moving,0.520833,0.699705,0.5019461,1.1199120,0.296674,0.299149,-17.0546,-17.1181,0.5019467,-0.0345462,0.0000000,0,1
moving,0.525000,0.705386,0.5031269,1.1211020,0.283399,0.285616,-3.1860,-3.2478,0.5031276,-0.0332266,0.0000000,0,1
moving,0.529167,0.711068,0.5039901,1.1219730,0.207167,0.209198,-18.2957,-18.3403,0.5039907,-0.0321002,0.0000000,0,1
moving,0.533333,0.716750,0.5047954,1.1227860,0.193262,0.195036,-3.3371,-3.3989,0.5047960,-0.0309321,0.0000000,0,1
moving,0.537500,0.722432,0.5052680,1.1232650,0.113425,0.114927,-19.1608,-19.2261,0.5052686,-0.0300229,0.0000000,0,1
moving,0.541667,0.728114,0.5056814,1.1236830,0.099220,0.100422,-3.4092,-3.4813,0.5056820,-0.0291247,0.0000000,0,1
moving,0.545833,0.733796,0.5057538,1.1237600,0.017366,0.018311,-19.6449,-19.7067,0.5057544,-0.0284190,0.0000000,0,1
moving,0.550000,0.739477,0.5057667,1.1237750,0.003119,0.003777,-3.4195,-3.4882,0.5057674,-0.0275987,0.0000000,0,1
moving,0.554167,0.745159,0.5054375,1.1234480,-0.079021,-0.078621,-19.7136,-19.7754,0.5054382,-0.0270052,0.0000000,0,1
moving,0.558333,0.750841,0.5050498,1.1230610,-0.093040,-0.092926,-3.3646,-3.4332,0.5050505,-0.0264196,0.0000000,0,1
moving,0.562500,0.756523,0.5043258,1.1223360,-0.173764,-0.173950,-19.3737,-19.4458,0.5043264,-0.0261851,0.0000000,0,1
moving,0.566667,0.762205,0.5035452,1.1215530,-0.187340,-0.187826,-3.2581,-3.3302,0.5035459,-0.0260925,0.0000000,0,1
moving,0.570833,0.767886,0.5024409,1.1204460,-0.265045,-0.265818,-18.6493,-18.7180,0.5024416,-0.0272705,0.0000000,0,1
moving,0.575000,0.773568,0.5012836,1.1192840,-0.277734,-0.278750,-3.0453,-3.1036,0.5012842,-0.0293376,0.0000000,0,1
moving,0.579167,0.779250,0.4998218,1.1178170,-0.350854,-0.352163,-17.5489,-17.6193,0.4998223,-0.0323595,0.0000000,0,1
moving,0.583333,0.784932,0.4983112,1.1163000,-0.362535,-0.364094,-2.8032,-2.8633,0.4983117,-0.0359815,0.0000000,0,1
moving,0.587500,0.790614,0.4965212,1.1145020,-0.429597,-0.431414,-16.0950,-16.1568,0.4965217,-0.0402636,0.0000000,0,1
moving,0.591667,0.796296,0.4946881,1.1126600,-0.439954,-0.442028,-2.4857,-2.5475,0.4946886,-0.0447999,0.0000000,0,1
moving,0.595833,0.801977,0.4926066,1.1105690,-0.499549,-0.501909,-14.3028,-14.3715,0.4926071,-0.0496265,0.0000000,0,1
moving,0.600000,0.807659,0.4904882,1.1084400,-0.508418,-0.510950,-2.1286,-2.1698,0.4904887,-0.0543721,0.0000000,0,1
moving,0.604167,0.813341,0.4881576,1.1060980,-0.559344,-0.562105,-12.2223,-12.2772,0.4881581,-0.0590619,0.0000000,0,1
moving,0.608333,0.819023,0.4857971,1.1037250,-0.566511,-0.569458,-1.7200,-1.7647,0.4857977,-0.0633878,0.0000000,0,1
moving,0.612500,0.824705,0.4832648,1.1011800,-0.607767,-0.610886,-9.9014,-9.9426,0.4832653,-0.0687761,0.0000000,0,1
moving,0.616667,0.830386,0.4807103,1.0986120,-0.613081,-0.616407,-1.2754,-1.3252,0.4807108,-0.0756101,0.0000000,0,1
moving,0.620833,0.836068,0.4780278,1.0959150,-0.643787,-0.647249,-7.3694,-7.4020,0.4780283,-0.0825433,0.0000000,0,1
moving,0.625000,0.841750,0.4753312,1.0932030,-0.647192,-0.650825,-0.8171,-0.8583,0.4753317,-0.0892506,0.0000000,0,1
moving,0.629167,0.847432,0.4725532,1.0904100,-0.666711,-0.670423,-4.6846,-4.7035,0.4725537,-0.0956007,0.0000000,0,1
moving,0.633333,0.853114,0.4697695,1.0876100,-0.668092,-0.671911,-0.3313,-0.3571,0.4697700,-0.1013358,0.0000000,0,1
moving,0.637500,0.858796,0.4669525,1.0847770,-0.676074,-0.680008,-1.9157,-1.9432,0.4669530,-0.0991891,0.0000000,0,1
moving,0.641667,0.864477,0.4641382,1.0819460,-0.675445,-0.679350,0.1511,0.1579,0.4641387,-0.0950383,0.0000000,0,1
moving,0.645833,0.870159,0.4613396,1.0791310,-0.671661,-0.675602,0.9081,0.8995,0.4613401,-0.0885315,0.0000000,0,1
moving,0.650000,0.875841,0.4585522,1.0763270,-0.668986,-0.672970,0.6420,0.6317,0.4585527,-0.0800686,0.0000000,0,1
moving,0.654167,0.881523,0.4558289,1.0735870,-0.653579,-0.657606,3.6976,3.6873,0.4558294,-0.0705021,0.0000000,0,1
moving,0.658333,0.887205,0.4531250,1.0708660,-0.648937,-0.652914,1.1141,1.1261,0.4531255,-0.0606428,0.0000000,0,1
moving,0.662500,0.892886,0.4505325,1.0682570,-0.622194,-0.626163,6.4184,6.4201,0.4505330,-0.0512117,0.0000000,0,1
moving,0.666667,0.898568,0.4479672,1.0656760,-0.615678,-0.619583,1.5638,1.5793,0.4479677,-0.0428003,0.0000000,0,1
moving,0.670833,0.904250,0.4455583,1.0632510,-0.578141,-0.581903,9.0088,9.0431,0.4455588,-0.0358493,0.0000000,0,0
moving,0.675000,0.909932,0.4431838,1.0608610,-0.569880,-0.573549,1.9827,2.0050,0.4431843,-0.0306457,0.0000000,0,0
moving,0.679167,0.915614,0.4410075,1.0586700,-0.522316,-0.525856,11.4155,11.4464,0.4410079,-0.0265212,0.0000000,0,0
moving,0.683333,0.921296,0.4388720,1.0565210,-0.512502,-0.515928,2.3552,2.3827,0.4388725,-0.0229749,0.0000000,0,0
moving,0.687500,0.926977,0.4369726,1.0546080,-0.455875,-0.459108,13.5904,13.6368,0.4369731,-0.0199590,0.0000000,0,0
moving,0.691667,0.932659,0.4351198,1.0527420,-0.444653,-0.447779,2.6934,2.7191,0.4351203,-0.0174317,0.0000000,0,0
moving,0.695833,0.938341,0.4335360,1.0511460,-0.380116,-0.383034,15.4890,15.5388,0.4335365,-0.0153534,0.0000000,0,0
moving,0.700000,0.944023,0.4320036,1.0496020,-0.367785,-0.370502,2.9594,3.0075,0.4320041,-0.0136847,0.0000000,0,0
moving,0.704167,0.949705,0.4307675,1.0483560,-0.296652,-0.299149,17.0717,17.1249,0.4307680,-0.0123903,0.0000000,0,0
moving,0.708333,0.955386,0.4295866,1.0471660,-0.283420,-0.285645,3.1757,3.2410,0.4295871,-0.0114389,0.0000000,0,0
moving,0.712500,0.961068,0.4287235,1.0462950,-0.207145,-0.208941,18.3060,18.4090,0.4287240,-0.0109055,0.0000000,0,0
moving,0.716667,0.966750,0.4279182,1.0454840,-0.193276,-0.194721,3.3285,3.4126,0.4279187,-0.0107333,0.0000000,0,0
moving,0.720833,0.972432,0.4274456,1.0450060,-0.113425,-0.114584,19.1643,19.2329,0.4274461,-0.0107978,0.0000000,0,0
moving,0.725000,0.978114,0.4270322,1.0445890,-0.099206,-0.100136,3.4126,3.4676,0.4270327,-0.0122220,0.0000000,0,0
moving,0.729167,0.983796,0.4269598,1.0445130,-0.017381,-0.018139,19.6381,19.6793,0.4269603,-0.0152371,0.0000000,0,0
moving,0.733333,0.989477,0.4269468,1.0444970,-0.003126,-0.003920,3.4212,3.4126,0.4269473,-0.0181429,0.0000000,0,0
moving,0.737500,0.995159,0.4272760,1.0448230,0.079021,0.078163,19.7153,19.6999,0.4272765,-0.0204163,0.0000000,0,0
moving,0.741667,0.000841,0.4276637,1.0452080,0.093040,0.092354,3.3646,3.4058,0.4276642,-0.0121048,0.0000000,1,0
moving,0.745833,0.006523,0.4283878,1.0459360,0.173786,0.174751,19.3789,19.7754,0.4283883,-0.0167761,0.0000000,1,0
moving,0.750000,0.012205,0.4291682,1.0467200,0.187297,0.188141,3.2427,3.2135,0.4291687,-0.0211564,0.0000000,1,0
moving,0.754167,0.017886,0.4302726,1.0478270,0.265045,0.265818,18.6596,18.6424,0.4302731,-0.0249847,0.0000000,1,0
moving,0.758333,0.023568,0.4314299,1.0489880,0.277755,0.278578,3.0504,3.0624,0.4314304,-0.0290782,0.0000000,1,0
moving,0.762500,0.029250,0.4328920,1.0504540,0.350897,0.351849,17.5541,17.5850,0.4328924,-0.0327368,0.0000000,1,0
moving,0.766667,0.034932,0.4344025,1.0519690,0.362535,0.363722,2.7929,2.8496,0.4344030,-0.0361421,0.0000000,1,0
moving,0.770833,0.040614,0.4361925,1.0537660,0.429590,0.431128,16.0933,16.1774,0.4361930,-0.0390710,0.0000000,1,0
moving,0.775000,0.046296,0.4380257,1.0556070,0.439961,0.441942,2.4891,2.5955,0.4380261,-0.0417692,0.0000000,1,0
moving,0.779167,0.051977,0.4401072,1.0576980,0.499563,0.501852,14.3045,14.3784,0.4401077,-0.0440560,0.0000000,1,0
moving,0.783333,0.057659,0.4422255,1.0598270,0.508411,0.510979,2.1235,2.1904,0.4422260,-0.0461530,0.0000000,1,0
moving,0.787500,0.063341,0.4445562,1.0621700,0.559351,0.562134,12.2257,12.2772,0.4445567,-0.0478796,0.0000000,1,0
moving,0.791667,0.069023,0.4469167,1.0645420,0.566518,0.569487,1.7200,1.7647,0.4469171,-0.0494102,0.0000000,1,0
moving,0.795833,0.074705,0.4494490,1.0670880,0.607753,0.610971,9.8963,9.9563,0.4494494,-0.0505932,0.0000000,1,0
moving,0.800000,0.080386,0.4520035,1.0696560,0.613089,0.616350,1.2806,1.2909,0.4520040,-0.0515657,0.0000000,1,0
moving,0.804167,0.086068,0.4546859,1.0723530,0.643773,0.647249,7.3643,7.4158,0.4546864,-0.0522080,0.0000000,1,0
moving,0.808333,0.091750,0.4573825,1.0750650,0.647185,0.650740,0.8188,0.8377,0.4573830,-0.0526169,0.0000000,1,0
moving,0.812500,0.097432,0.4601605,1.0778580,0.666718,0.670395,4.6881,4.7173,0.4601610,-0.0527104,0.0000000,1,0
moving,0.816667,0.103114,0.4629442,1.0806570,0.668092,0.671911,0.3296,0.3639,0.4629447,-0.0525709,0.0000000,1,0
moving,0.820833,0.108796,0.4657612,1.0834910,0.676074,0.679979,1.9157,1.9363,0.4657617,-0.0521796,0.0000000,1,0
moving,0.825000,0.114477,0.4685755,1.0863220,0.675437,0.679436,-0.1528,-0.1305,0.4685760,-0.0515881,0.0000000,1,0
moving,0.829167,0.120159,0.4713741,1.0891370,0.671668,0.675688,-0.9047,-0.8995,0.4713746,-0.0508261,0.0000000,1,0
moving,0.833333,0.125841,0.4741615,1.0919410,0.668979,0.672970,-0.6454,-0.6523,0.4741620,-0.0499128,0.0000000,1,0
moving,0.837500,0.131523,0.4768848,1.0946810,0.653586,0.657578,-3.6942,-3.6942,0.4768853,-0.0489292,0.0000000,1,0
moving,0.841667,0.137205,0.4795887,1.0974010,0.648937,0.652885,-1.1158,-1.1261,0.4795892,-0.0478621,0.0000000,1,0
moving,0.845833,0.142886,0.4821812,1.1000100,0.622187,0.626106,-6.4201,-6.4270,0.4821817,-0.0468015,0.0000000,1,0
moving,0.850000,0.148568,0.4847465,1.1025920,0.615678,0.619526,-1.5621,-1.5793,0.4847470,-0.0456482,0.0000000,1,0
moving,0.854167,0.154250,0.4871554,1.1050160,0.578141,0.581989,-9.0088,-9.0088,0.4871559,-0.0445258,0.0000000,1,0
moving,0.858333,0.159932,0.4895299,1.1074060,0.569887,0.573549,-1.9810,-2.0256,0.4895305,-0.0433063,0.0000000,1,0
moving,0.862500,0.165614,0.4917063,1.1095980,0.522323,0.525913,-11.4155,-11.4326,0.4917068,-0.0421457,0.0000000,1,0
moving,0.866667,0.171296,0.4938416,1.1117470,0.512481,0.515928,-2.3621,-2.3964,0.4938422,-0.0408780,0.0000000,1,0
moving,0.870833,0.176977,0.4957411,1.1136600,0.455875,0.459108,-13.5853,-13.6368,0.4957416,-0.0396875,0.0000000,1,0
moving,0.875000,0.182659,0.4975938,1.1155260,0.444660,0.447722,-2.6917,-2.7328,0.4975944,-0.0383745,0.0000000,1,0
moving,0.879167,0.188341,0.4991777,1.1171220,0.380130,0.383005,-15.4873,-15.5319,0.4991783,-0.0371409,0.0000000,1,0
moving,0.883333,0.194023,0.5007100,1.1186650,0.367734,0.370474,-2.9749,-3.0075,0.5007106,-0.0357755,0.0000000,1,0
moving,0.887500,0.199705,0.5019461,1.1199120,0.296674,0.299149,-17.0546,-17.1181,0.5019467,-0.0345407,0.0000000,1,0
moving,0.891667,0.205386,0.5031269,1.1211020,0.283399,0.285616,-3.1860,-3.2478,0.5031276,-0.0332143,0.0000000,1,0
moving,0.895833,0.211068,0.5039901,1.1219730,0.207167,0.209198,-18.2957,-18.3403,0.5039907,-0.0320820,0.0000000,1,0
moving,0.900000,0.216750,0.5047954,1.1227860,0.193262,0.195036,-3.3371,-3.3989,0.5047960,-0.0309078,0.0000000,1,0
moving,0.904167,0.222432,0.5052680,1.1232650,0.113425,0.114927,-19.1608,-19.2261,0.5052686,-0.0299924,0.0000000,1,0
moving,0.908333,0.228114,0.5056814,1.1236830,0.099220,0.100422,-3.4092,-3.4813,0.5056820,-0.0290879,0.0000000,1,0
moving,0.912500,0.233796,0.5057538,1.1237600,0.017366,0.018311,-19.6449,-19.7067,0.5057544,-0.0283761,0.0000000,1,0
moving,0.916667,0.239477,0.5057667,1.1237750,0.003119,0.003777,-3.4195,-3.4882,0.5057674,-0.0275500,0.0000000,1,0
moving,0.920833,0.245159,0.5054375,1.1234480,-0.079021,-0.078621,-19.7136,-19.7754,0.5054382,-0.0269505,0.0000000,1,0
moving,0.925000,0.250841,0.5050498,1.1230610,-0.093040,-0.092926,-3.3646,-3.4332,0.5050505,-0.0263583,0.0000000,1,0
moving,0.929167,0.256523,0.5043256,1.1223360,-0.173807,-0.174007,-19.3840,-19.4595,0.5043263,-0.0261180,0.0000000,1,0
moving,0.933333,0.262205,0.5035452,1.1215530,-0.187297,-0.187769,-3.2375,-3.3028,0.5035459,-0.0260195,0.0000000,1,0
moving,0.937500,0.267886,0.5024409,1.1204460,-0.265045,-0.265818,-18.6596,-18.7317,0.5024416,-0.0271922,0.0000000,1,0
moving,0.941667,0.273568,0.5012836,1.1192840,-0.277734,-0.278750,-3.0453,-3.1036,0.5012842,-0.0292543,0.0000000,1,0
moving,0.945833,0.279250,0.4998218,1.1178170,-0.350854,-0.352163,-17.5489,-17.6193,0.4998223,-0.0322718,0.0000000,1,0
moving,0.950000,0.284932,0.4983112,1.1163000,-0.362535,-0.364094,-2.8032,-2.8633,0.4983117,-0.0358898,0.0000000,1,0
moving,0.954167,0.290614,0.4965212,1.1145020,-0.429597,-0.431414,-16.0950,-16.1568,0.4965217,-0.0401685,0.0000000,1,0
moving,0.958333,0.296296,0.4946881,1.1126600,-0.439954,-0.442028,-2.4857,-2.5475,0.4946886,-0.0447016,0.0000000,1,0
moving,0.962500,0.301977,0.4926066,1.1105690,-0.499549,-0.501909,-14.3028,-14.3715,0.4926071,-0.0495254,0.0000000,1,0
moving,0.966667,0.307659,0.4904882,1.1084400,-0.508418,-0.510950,-2.1286,-2.1698,0.4904887,-0.0542684,0.0000000,1,0
moving,0.970833,0.313341,0.4881576,1.1060980,-0.559344,-0.562105,-12.2223,-12.2772,0.4881581,-0.0589558,0.0000000,1,0
moving,0.975000,0.319023,0.4857971,1.1037250,-0.566526,-0.569458,-1.7235,-1.7647,0.4857976,-0.0632783,0.0000000,1,0
moving,0.979167,0.324705,0.4832648,1.1011800,-0.607753,-0.610886,-9.8945,-9.9426,0.4832653,-0.0686643,0.0000000,1,0
moving,0.983333,0.330386,0.4807103,1.0986120,-0.613081,-0.616407,-1.2789,-1.3252,0.4807108,-0.0754958,0.0000000,1,0
moving,0.987500,0.336068,0.4780278,1.0959150,-0.643787,-0.647249,-7.3694,-7.4020,0.4780283,-0.0824270,0.0000000,1,0
moving,0.991667,0.341750,0.4753312,1.0932030,-0.647192,-0.650825,-0.8171,-0.8583,0.4753317,-0.0891323,0.0000000,1,0
moving,0.995833,0.347432,0.4725532,1.0904100,-0.666711,-0.670423,-4.6846,-4.7035,0.4725537,-0.0954802,0.0000000,1,0
moving,1.000000,0.353114,0.4697695,1.0876100,-0.668092,-0.671911,-0.3313,-0.3571,0.4697700,-0.1012133,0.0000000,1,0
moving,1.004167,0.358796,0.4669525,1.0847770,-0.676074,-0.680008,-1.9157,-1.9432,0.4669530,-0.0991780,0.0000000,1,0
moving,1.008333,0.364477,0.4641383,1.0819460,-0.675423,-0.679293,0.1562,0.1717,0.4641388,-0.0950262,0.0000000,1,0
moving,1.012500,0.370159,0.4613397,1.0791310,-0.671661,-0.675602,0.9029,0.8858,0.4613402,-0.0885186,0.0000000,1,0
moving,1.016667,0.375841,0.4585522,1.0763270,-0.669007,-0.673027,0.6369,0.6180,0.4585527,-0.0800549,0.0000000,1,0
moving,1.020833,0.381523,0.4558289,1.0735870,-0.653579,-0.657606,3.7027,3.7010,0.4558294,-0.0704875,0.0000000,1,0
moving,1.025000,0.387205,0.4531250,1.0708660,-0.648937,-0.652914,1.1141,1.1261,0.4531255,-0.0606279,0.0000000,1,0
moving,1.029167,0.392886,0.4505325,1.0682570,-0.622194,-0.626163,6.4184,6.4201,0.4505330,-0.0511966,0.0000000,1,0
moving,1.033333,0.398568,0.4479672,1.0656760,-0.615678,-0.619583,1.5638,1.5793,0.4479677,-0.0427849,0.0000000,1,0
moving,1.037500,0.404250,0.4455583,1.0632510,-0.578141,-0.581903,9.0088,9.0431,0.4455588,-0.0358347,0.0000000,0,0
moving,1.041667,0.409932,0.4431838,1.0608610,-0.569880,-0.573549,1.9827,2.0050,0.4431843,-0.0306315,0.0000000,0,0
moving,1.045833,0.415614,0.4410075,1.0586700,-0.522316,-0.525856,11.4155,11.4464,0.4410079,-0.0265080,0.0000000,0,0
moving,1.050000,0.421296,0.4388720,1.0565210,-0.512502,-0.515928,2.3552,2.3827,0.4388725,-0.0229625,0.0000000,0,0
moving,1.054167,0.426977,0.4369726,1.0546080,-0.455875,-0.459108,13.5904,13.6368,0.4369731,-0.0199482,0.0000000,0,0
moving,1.058333,0.432659,0.4351198,1.0527420,-0.444653,-0.447779,2.6934,2.7191,0.4351203,-0.0174224,0.0000000,0,0
moving,1.062500,0.438341,0.4335360,1.0511460,-0.380116,-0.383034,15.4890,15.5388,0.4335365,-0.0153450,0.0000000,0,0
moving,1.066667,0.444023,0.4320036,1.0496020,-0.367785,-0.370502,2.9594,3.0075,0.4320041,-0.0136778,0.0000000,0,0
moving,1.070833,0.449705,0.4307674,1.0483560,-0.296674,-0.299177,17.0666,17.1181,0.4307680,-0.0123848,0.0000000,0,0
moving,1.075000,0.455386,0.4295866,1.0471660,-0.283399,-0.285616,3.1860,3.2547,0.4295871,-0.0114297,0.0000000,0,0
moving,1.079167,0.461068,0.4287235,1.0462940,-0.207145,-0.209141,18.3008,18.3540,0.4287240,-0.0106602,0.0000000,0,0
moving,1.083333,0.466750,0.4279182,1.0454820,-0.193276,-0.195007,3.3285,3.3920,0.4279187,-0.0100341,0.0000000,0,0
moving,1.087500,0.472432,0.4274456,1.0450030,-0.113425,-0.114899,19.1643,19.2261,0.4274461,-0.0095901,0.0000000,0,0
moving,1.091667,0.478114,0.4270322,1.0445840,-0.099206,-0.100451,3.4126,3.4676,0.4270327,-0.0101787,0.0000000,0,0
moving,1.095833,0.483796,0.4269598,1.0445080,-0.017381,-0.018339,19.6381,19.7067,0.4269603,-0.0129518,0.0000000,0,0
moving,1.100000,0.489477,0.4269469,1.0444920,-0.003104,-0.003805,3.4264,3.4882,0.4269474,-0.0160627,0.0000000,0,0
moving,1.104167,0.495159,0.4272760,1.0448200,0.079000,0.078621,19.7050,19.7823,0.4272766,-0.0191413,0.0000000,0,0
moving,1.108333,0.500841,0.4276637,1.0452070,0.093040,0.092897,3.3697,3.4264,0.4276642,-0.0118429,0.0000000,0,1
moving,1.112500,0.506523,0.4283878,1.0459320,0.173786,0.174007,19.3789,19.4664,0.4283883,-0.0164770,0.0000000,0,1
moving,1.116667,0.512205,0.4291683,1.0467140,0.187318,0.187798,3.2478,3.3096,0.4291688,-0.0208553,0.0000000,0,1
moving,1.120833,0.517886,0.4302726,1.0478220,0.265024,0.265789,18.6493,18.7180,0.4302731,-0.0247266,0.0000000,0,1
moving,1.125000,0.523568,0.4314299,1.0489830,0.277755,0.278778,3.0556,3.1174,0.4314304,-0.0289059,0.0000000,0,1
moving,1.129167,0.529250,0.4328920,1.0504510,0.350897,0.352221,17.5541,17.6262,0.4328924,-0.0325631,0.0000000,0,1
moving,1.133333,0.534932,0.4344025,1.0519680,0.362535,0.364151,2.7929,2.8633,0.4344030,-0.0359644,0.0000000,0,1
moving,1.137500,0.540614,0.4361926,1.0537660,0.429611,0.431385,16.0984,16.1362,0.4361930,-0.0388904,0.0000000,0,1
moving,1.141667,0.546296,0.4380257,1.0556070,0.439940,0.441999,2.4788,2.5475,0.4380262,-0.0415930,0.0000000,0,1
moving,1.145833,0.551977,0.4401072,1.0576980,0.499563,0.501852,14.3097,14.3646,0.4401077,-0.0438879,0.0000000,0,1
moving,1.150000,0.557659,0.4422255,1.0598270,0.508411,0.510979,2.1235,2.1904,0.4422261,-0.0459918,0.0000000,0,1
moving,1.154167,0.563341,0.4445562,1.0621700,0.559351,0.562134,12.2257,12.2772,0.4445567,-0.0477255,0.0000000,0,1
moving,1.158333,0.569023,0.4469167,1.0645420,0.566518,0.569487,1.7200,1.7647,0.4469171,-0.0492640,0.0000000,0,1
moving,1.162500,0.574705,0.4494490,1.0670880,0.607753,0.610971,9.8963,9.9563,0.4494494,-0.0504535,0.0000000,0,1
moving,1.166667,0.580387,0.4520035,1.0696560,0.613089,0.616350,1.2806,1.2909,0.4520040,-0.0514327,0.0000000,0,1
moving,1.170833,0.586068,0.4546860,1.0723530,0.643795,0.647278,7.3694,7.4226,0.4546865,-0.0520818,0.0000000,0,1
moving,1.175000,0.591750,0.4573826,1.0750650,0.647185,0.650711,0.8137,0.8240,0.4573831,-0.0524977,0.0000000,0,1
moving,1.179167,0.597432,0.4601605,1.0778580,0.666697,0.670395,4.6829,4.7241,0.4601610,-0.0525983,0.0000000,0,1
moving,1.183333,0.603114,0.4629443,1.0806580,0.668106,0.671968,0.3382,0.3777,0.4629448,-0.0524657,0.0000000,0,1
moving,1.187500,0.608796,0.4657613,1.0834910,0.676081,0.679979,1.9140,1.9226,0.4657618,-0.0520821,0.0000000,0,1
moving,1.191667,0.614477,0.4685755,1.0863220,0.675416,0.679378,-0.1596,-0.1442,0.4685760,-0.0514973,0.0000000,0,1
moving,1.195833,0.620159,0.4713741,1.0891370,0.671668,0.675688,-0.8995,-0.8858,0.4713746,-0.0507427,0.0000000,0,1
moving,1.200000,0.625841,0.4741615,1.0919410,0.668979,0.672970,-0.6454,-0.6523,0.4741620,-0.0498364,0.0000000,0,1
moving,1.204167,0.631523,0.4768848,1.0946810,0.653586,0.657578,-3.6942,-3.6942,0.4768853,-0.0488598,0.0000000,0,1
moving,1.208333,0.637205,0.4795887,1.0974010,0.648937,0.652885,-1.1158,-1.1261,0.4795892,-0.0477993,0.0000000,0,1
moving,1.212500,0.642887,0.4821812,1.1000100,0.622194,0.626106,-6.4184,-6.4270,0.4821817,-0.0467454,0.0000000,0,1
moving,1.216667,0.648568,0.4847465,1.1025920,0.615671,0.619526,-1.5656,-1.5793,0.4847470,-0.0455984,0.0000000,0,1
moving,1.220833,0.654250,0.4871554,1.1050160,0.578148,0.581989,-9.0054,-9.0088,0.4871559,-0.0444824,0.0000000,0,1
moving,1.225000,0.659932,0.4895300,1.1074060,0.569902,0.573578,-1.9792,-2.0187,0.4895305,-0.0432684,0.0000000,0,1
moving,1.229167,0.665614,0.4917063,1.1095980,0.522308,0.525913,-11.4224,-11.4395,0.4917068,-0.0421141,0.0000000,0,1
moving,1.233333,0.671296,0.4938418,1.1117470,0.512509,0.515900,-2.3518,-2.4033,0.4938422,-0.0408526,0.0000000,0,1
moving,1.237500,0.676977,0.4957412,1.1136610,0.455875,0.459194,-13.5922,-13.6093,0.4957417,-0.0396682,0.0000000,0,1
moving,1.241667,0.682659,0.4975939,1.1155260,0.444632,0.447636,-2.6985,-2.7740,0.4975944,-0.0383611,0.0000000,0,1
moving,1.245833,0.688341,0.4991778,1.1171220,0.380130,0.383034,-15.4804,-15.5045,0.4991783,-0.0371340,0.0000000,0,1
moving,1.250000,0.694023,0.5007100,1.1186650,0.367727,0.370445,-2.9766,-3.0212,0.5007106,-0.0357749,0.0000000,0,1
moving,1.254167,0.699705,0.5019461,1.1199120,0.296674,0.299149,-17.0528,-17.1112,0.5019467,-0.0345464,0.0000000,0,1
moving,1.258333,0.705387,0.5031269,1.1211020,0.283399,0.285645,-3.1860,-3.2410,0.5031276,-0.0332267,0.0000000,0,1
moving,1.262500,0.711068,0.5039901,1.1219730,0.207167,0.209169,-18.2957,-18.3540,0.5039907,-0.0321002,0.0000000,0,1
moving,1.266667,0.716750,0.5047954,1.1227860,0.193262,0.195036,-3.3371,-3.3920,0.5047960,-0.0309322,0.0000000,0,1
moving,1.270833,0.722432,0.5052680,1.1232650,0.113425,0.114927,-19.1608,-19.2261,0.5052686,-0.0300233,0.0000000,0,1
moving,1.275000,0.728114,0.5056814,1.1236830,0.099220,0.100422,-3.4092,-3.4813,0.5056820,-0.0291251,0.0000000,0,1
moving,1.279167,0.733796,0.5057538,1.1237600,0.017366,0.018311,-19.6449,-19.7067,0.5057544,-0.0284196,0.0000000,0,1
moving,1.283333,0.739477,0.5057667,1.1237750,0.003119,0.003777,-3.4195,-3.4882,0.5057674,-0.0275991,0.0000000,0,1
moving,1.287500,0.745159,0.5054375,1.1234480,-0.079021,-0.078621,-19.7136,-19.7754,0.5054382,-0.0270059,0.0000000,0,1
moving,1.291667,0.750841,0.5050498,1.1230610,-0.093040,-0.092926,-3.3646,-3.4332,0.5050505,-0.0264199,0.0000000,0,1
moving,1.295833,0.756523,0.5043256,1.1223360,-0.173807,-0.174007,-19.3840,-19.4595,0.5043263,-0.0261859,0.0000000,0,1
moving,1.300000,0.762205,0.5035452,1.1215530,-0.187297,-0.187769,-3.2375,-3.3028,0.5035459,-0.0260934,0.0000000,0,1
moving,1.304167,0.767887,0.5024409,1.1204460,-0.265045,-0.265789,-18.6596,-18.7248,0.5024416,-0.0272716,0.0000000,0,1
moving,1.308333,0.773568,0.5012836,1.1192840,-0.277734,-0.278778,-3.0453,-3.1174,0.5012842,-0.0293389,0.0000000,0,1
moving,1.312500,0.779250,0.4998218,1.1178170,-0.350833,-0.352163,-17.5438,-17.6125,0.4998223,-0.0323610,0.0000000,0,1
moving,1.316667,0.784932,0.4983112,1.1163000,-0.362549,-0.364094,-2.8118,-2.8633,0.4983117,-0.0359829,0.0000000,0,1
moving,1.320833,0.790614,0.4965212,1.1145020,-0.429597,-0.431414,-16.0915,-16.1568,0.4965217,-0.0402654,0.0000000,0,1
moving,1.325000,0.796296,0.4946882,1.1126600,-0.439940,-0.442028,-2.4822,-2.5475,0.4946886,-0.0448016,0.0000000,0,1
moving,1.329167,0.801977,0.4926067,1.1105690,-0.499549,-0.501909,-14.3063,-14.3715,0.4926071,-0.0496285,0.0000000,0,1
moving,1.333333,0.807659,0.4904882,1.1084400,-0.508447,-0.510979,-2.1355,-2.1767,0.4904887,-0.0543745,0.0000000,0,1
moving,1.337500,0.813341,0.4881576,1.1060980,-0.559330,-0.562077,-12.2120,-12.2635,0.4881581,-0.0590642,0.0000000,0,1
moving,1.341667,0.819023,0.4857971,1.1037250,-0.566526,-0.569458,-1.7269,-1.7715,0.4857976,-0.0633898,0.0000000,0,1
moving,1.345833,0.824705,0.4832649,1.1011800,-0.607738,-0.610857,-9.8911,-9.9357,0.4832653,-0.0687788,0.0000000,0,1
moving,1.350000,0.830387,0.4807103,1.0986120,-0.613103,-0.616436,-1.2875,-1.3390,0.4807108,-0.0756127,0.0000000,0,1
moving,1.354167,0.836068,0.4780278,1.0959150,-0.643787,-0.647249,-7.3643,-7.3952,0.4780283,-0.0825459,0.0000000,0,1
moving,1.358333,0.841750,0.4753311,1.0932030,-0.647206,-0.650825,-0.8205,-0.8583,0.4753316,-0.0892537,0.0000000,0,1
moving,1.362500,0.847432,0.4725532,1.0904100,-0.666697,-0.670423,-4.6778,-4.7035,0.4725537,-0.0956031,0.0000000,0,1
moving,1.366667,0.853114,0.4697694,1.0876100,-0.668113,-0.671940,-0.3399,-0.3639,0.4697699,-0.1013386,0.0000000,0,1
moving,1.370833,0.858796,0.4669524,1.0847770,-0.676074,-0.679979,-1.9106,-1.9295,0.4669529,-0.0991893,0.0000000,0,1
moving,1.375000,0.864477,0.4641382,1.0819460,-0.675423,-0.679350,0.1562,0.1511,0.4641387,-0.0950388,0.0000000,0,1
moving,1.379167,0.870159,0.4613396,1.0791310,-0.671661,-0.675602,0.9029,0.8995,0.4613401,-0.0885323,0.0000000,0,1
moving,1.383333,0.875841,0.4585521,1.0763270,-0.669000,-0.672998,0.6386,0.6248,0.4585526,-0.0800692,0.0000000,0,1
moving,1.387500,0.881523,0.4558289,1.0735870,-0.653565,-0.657549,3.7045,3.7079,0.4558294,-0.0705027,0.0000000,0,1
moving,1.391667,0.887205,0.4531250,1.0708660,-0.648937,-0.652943,1.1106,1.1055,0.4531255,-0.0606437,0.0000000,0,1
moving,1.395833,0.892887,0.4505325,1.0682570,-0.622194,-0.626163,6.4184,6.4270,0.4505330,-0.0512121,0.0000000,0,1
moving,1.400000,0.898568,0.4479672,1.0656760,-0.615678,-0.619583,1.5638,1.5793,0.4479677,-0.0428011,0.0000000,0,1
moving,1.404167,0.904250,0.4455583,1.0632510,-0.578141,-0.581903,9.0088,9.0431,0.4455588,-0.0358501,0.0000000,0,0
moving,1.408333,0.909932,0.4431838,1.0608610,-0.569880,-0.573578,1.9827,1.9981,0.4431843,-0.0306462,0.0000000,0,0
moving,1.412500,0.915614,0.4410075,1.0586700,-0.522316,-0.525856,11.4155,11.4532,0.4410079,-0.0265219,0.0000000,0,0
moving,1.416667,0.921296,0.4388720,1.0565210,-0.512502,-0.515900,2.3552,2.3895,0.4388725,-0.0229752,0.0000000,0,0
moving,1.420833,0.926977,0.4369726,1.0546080,-0.455875,-0.459108,13.5904,13.6299,0.4369731,-0.0199596,0.0000000,0,0
moving,1.425000,0.932659,0.4351198,1.0527420,-0.444653,-0.447807,2.6934,2.7123,0.4351203,-0.0174323,0.0000000,0,0
moving,1.429167,0.938341,0.4335360,1.0511460,-0.380116,-0.382977,15.4890,15.5594,0.4335365,-0.0153539,0.0000000,0,0
moving,1.433333,0.944023,0.4320036,1.0496020,-0.367785,-0.370531,2.9594,2.9869,0.4320041,-0.0136852,0.0000000,0,0
moving,1.437500,0.949705,0.4307675,1.0483560,-0.296652,-0.299149,17.0717,17.1318,0.4307680,-0.0123909,0.0000000,0,0
moving,1.441667,0.955387,0.4295866,1.0471660,-0.283420,-0.285645,3.1757,3.2410,0.4295871,-0.0114391,0.0000000,0,0
moving,1.445833,0.961068,0.4287234,1.0462950,-0.207167,-0.208998,18.3008,18.3952,0.4287239,-0.0109061,0.0000000,0,0
moving,1.450000,0.966750,0.4279182,1.0454830,-0.193255,-0.194693,3.3388,3.4332,0.4279187,-0.0107338,0.0000000,0,0
moving,1.454167,0.972432,0.4274456,1.0450060,-0.113425,-0.114555,19.1591,19.2329,0.4274461,-0.0107981,0.0000000,0,0
moving,1.458333,0.978114,0.4270322,1.0445890,-0.099206,-0.100107,3.4126,3.4676,0.4270327,-0.0122227,0.0000000,0,0
moving,1.462500,0.983796,0.4269598,1.0445130,-0.017381,-0.018167,19.6381,19.6655,0.4269603,-0.0152377,0.0000000,0,0
moving,1.466667,0.989477,0.4269469,1.0444970,-0.003104,-0.003862,3.4264,3.4332,0.4269474,-0.0181434,0.0000000,0,0
