clip,time,head_y,chest_y,left_knee_y,max_leg_step_deg
34,0.000000,1.155706,0.685725,0.339691,0.000000
34,0.004167,1.155652,0.685671,0.339657,0.253338
34,0.008333,1.155697,0.685716,0.339726,0.250229
34,0.012500,1.155740,0.685759,0.339798,0.253338
34,0.016667,1.155734,0.685753,0.339823,0.256409
34,0.020833,1.155693,0.685712,0.339818,0.247081
34,0.025000,1.155634,0.685653,0.339799,0.250229
34,0.029167,1.155556,0.685576,0.339766,0.256409
34,0.033333,1.155460,0.685480,0.339718,0.247081
34,0.037500,1.155346,0.685367,0.339698,0.344917
34,0.041667,1.155214,0.685236,0.339668,0.353877
34,0.045833,1.155064,0.685087,0.339629,0.358274
34,0.050000,1.154897,0.684922,0.339579,0.356082
34,0.054167,1.154713,0.684739,0.339521,0.351659
34,0.058333,1.154512,0.684540,0.339453,0.347179
34,0.062500,1.154295,0.684325,0.339377,0.351659
34,0.066667,1.154061,0.684093,0.339293,0.356082
34,0.070833,1.153809,0.683846,0.339202,0.351659
34,0.075000,1.153542,0.683582,0.339102,0.349426
34,0.079167,1.153258,0.683303,0.338995,0.347179
34,0.083333,1.152958,0.683009,0.338880,0.344917
34,0.087500,1.152643,0.682700,0.338758,0.344917
34,0.091667,1.152312,0.682376,0.338629,0.353877
34,0.095833,1.151967,0.682037,0.338492,0.349426
34,0.100000,1.151606,0.681685,0.338349,0.347179
34,0.104167,1.151229,0.681318,0.338195,0.335718
34,0.108333,1.150837,0.680937,0.338034,0.335718
34,0.112500,1.150431,0.680543,0.337867,0.340348
34,0.116667,1.150011,0.680136,0.337694,0.342640
34,0.120833,1.149578,0.679717,0.337516,0.340348
34,0.125000,1.149132,0.679285,0.337333,0.333378
34,0.129167,1.148672,0.678841,0.337146,0.333378
34,0.133333,1.148201,0.678386,0.336954,0.340348
34,0.137500,1.147715,0.677920,0.336747,0.318981
34,0.141667,1.147216,0.677443,0.336536,0.314035
34,0.145833,1.146706,0.676955,0.336320,0.314035
34,0.150000,1.146183,0.676457,0.336102,0.316518
34,0.154167,1.145650,0.675949,0.335880,0.321425
34,0.158333,1.145105,0.675431,0.335654,0.318981
34,0.162500,1.144550,0.674903,0.335426,0.316518
34,0.166667,1.143984,0.674365,0.335195,0.316518
34,0.170833,1.143403,0.673818,0.334947,0.298707
34,0.175000,1.142812,0.673261,0.334696,0.298707
34,0.179167,1.142210,0.672696,0.334443,0.301316
34,0.183333,1.141597,0.672121,0.334186,0.296075
34,0.187500,1.140974,0.671537,0.333927,0.290740
34,0.191667,1.140340,0.670945,0.333666,0.290740
34,0.195833,1.139697,0.670344,0.333403,0.301316
34,0.200000,1.139044,0.669735,0.333137,0.303902
34,0.204167,1.138378,0.669117,0.332855,0.285305
34,0.208333,1.137703,0.668492,0.332570,0.282548
34,0.212500,1.137018,0.667860,0.332284,0.279765
34,0.216667,1.136324,0.667220,0.331997,0.276953
34,0.220833,1.135621,0.666572,0.331708,0.285305
34,0.225000,1.134910,0.665918,0.331418,0.296075
34,0.229167,1.134190,0.665257,0.331127,0.293420
34,0.233333,1.133461,0.664589,0.330835,0.282548
34,0.237500,1.132722,0.663915,0.330526,0.271242
34,0.241667,1.131974,0.663235,0.330215,0.274112
34,0.245833,1.131219,0.662548,0.329904,0.271242
34,0.250000,1.130456,0.661856,0.329593,0.268341
34,0.254167,1.129685,0.661158,0.329281,0.262443
34,0.258333,1.128908,0.660454,0.328969,0.268341
34,0.262500,1.128122,0.659745,0.328658,0.271242
34,0.266667,1.127330,0.659031,0.328347,0.271242
34,0.270833,1.126530,0.658312,0.328022,0.265408
34,0.275000,1.125724,0.657588,0.327697,0.256409
34,0.279167,1.124911,0.656860,0.327373,0.256409
34,0.283333,1.124092,0.656128,0.327049,0.265408
34,0.287500,1.123267,0.655391,0.326727,0.262443
34,0.291667,1.122436,0.654650,0.326405,0.262443
34,0.295833,1.121600,0.653906,0.326086,0.259443
34,0.300000,1.120758,0.653158,0.325768,0.262443
34,0.304167,1.119913,0.652407,0.325435,0.247081
34,0.308333,1.119062,0.651653,0.325105,0.243893
34,0.312500,1.118207,0.650895,0.324776,0.256409
34,0.316667,1.117347,0.650136,0.324450,0.253338
34,0.320833,1.116483,0.649373,0.324126,0.243893
34,0.325000,1.115615,0.648609,0.323804,0.250229
34,0.329167,1.114743,0.647842,0.323485,0.256409
34,0.333333,1.113868,0.647074,0.323170,0.256409
34,0.337500,1.112990,0.646304,0.322848,0.253338
34,0.341667,1.112108,0.645533,0.322530,0.240663
34,0.345833,1.111223,0.644760,0.322215,0.247081
34,0.350000,1.110336,0.643987,0.321904,0.253338
34,0.354167,1.109428,0.643195,0.321579,0.253338
34,0.358333,1.108482,0.642366,0.321222,0.250229
34,0.362500,1.107498,0.641502,0.320833,0.250229
34,0.366667,1.106476,0.640601,0.320413,0.253338
34,0.370833,1.105392,0.639666,0.320035,0.326259
34,0.375000,1.104270,0.638695,0.319629,0.321425
34,0.379167,1.103111,0.637690,0.319193,0.316518
34,0.383333,1.101915,0.636651,0.318729,0.326259
34,0.387500,1.100684,0.635578,0.318238,0.331022
34,0.391667,1.099417,0.634473,0.317720,0.328649
34,0.395833,1.098115,0.633335,0.317174,0.328649
34,0.400000,1.096780,0.632166,0.316603,0.328649
34,0.404167,1.095379,0.630966,0.316064,0.409261
34,0.408333,1.093944,0.629735,0.315501,0.409261
34,0.412500,1.092475,0.628474,0.314915,0.403482
34,0.416667,1.090973,0.627184,0.314306,0.403482
34,0.420833,1.089439,0.625864,0.313674,0.411169
34,0.425000,1.087872,0.624516,0.313020,0.411169
34,0.429167,1.086273,0.623139,0.312344,0.407344
34,0.433333,1.084643,0.621735,0.311647,0.409261
34,0.437500,1.082951,0.620303,0.310931,0.435212
34,0.441667,1.081227,0.618844,0.310195,0.435212
34,0.445833,1.079472,0.617358,0.309438,0.438794
34,0.450000,1.077686,0.615847,0.308662,0.437007
34,0.454167,1.075871,0.614310,0.307866,0.438794
34,0.458333,1.074025,0.612748,0.307052,0.435212
34,0.462500,1.072150,0.611160,0.306219,0.435212
34,0.466667,1.070246,0.609549,0.305367,0.435212
34,0.470833,1.068284,0.607914,0.304480,0.463093
34,0.475000,1.066292,0.606255,0.303575,0.464780
34,0.479167,1.064272,0.604573,0.302653,0.464780
34,0.483333,1.062224,0.602868,0.301715,0.466461
34,0.487500,1.060148,0.601141,0.300760,0.466461
34,0.491667,1.058044,0.599393,0.299789,0.463093
34,0.495833,1.055914,0.597623,0.298802,0.463093
34,0.500000,1.053758,0.595832,0.297800,0.463093
34,0.504167,1.051547,0.594021,0.296745,0.486179
34,0.508333,1.049310,0.592190,0.295675,0.489388
34,0.512500,1.047048,0.590339,0.294591,0.490985
34,0.516667,1.044760,0.588470,0.293492,0.489388
34,0.520833,1.042447,0.586581,0.292380,0.486179
34,0.525000,1.040109,0.584674,0.291255,0.482949
34,0.529167,1.037747,0.582750,0.290117,0.487787
34,0.533333,1.035361,0.580808,0.288966,0.489388
34,0.537500,1.032928,0.578849,0.287746,0.506676
34,0.541667,1.030470,0.576874,0.286514,0.505128
34,0.545833,1.027990,0.574882,0.285271,0.509756
34,0.550000,1.025487,0.572875,0.284015,0.511289
34,0.554167,1.022963,0.570853,0.282749,0.511289
34,0.558333,1.020416,0.568816,0.281473,0.512817
34,0.562500,1.017847,0.566764,0.280185,0.512817
34,0.566667,1.015258,0.564699,0.278889,0.515861
34,0.570833,1.012629,0.562620,0.277508,0.529340
34,0.575000,1.009980,0.560528,0.276117,0.524885
34,0.579167,1.007310,0.558424,0.274717,0.529340
34,0.583333,1.004621,0.556307,0.273309,0.529340
34,0.587500,1.001912,0.554179,0.271891,0.526374
34,0.591667,0.999185,0.552039,0.270466,0.529340
34,0.595833,0.996439,0.549888,0.269033,0.526374
34,0.600000,0.993675,0.547727,0.267592,0.523392
34,0.604167,0.990881,0.545556,0.266053,0.542484
34,0.608333,0.988070,0.543376,0.264508,0.542484
34,0.612500,0.985242,0.541186,0.262955,0.541039
34,0.616667,0.982398,0.538988,0.261396,0.542484
34,0.620833,0.979537,0.536781,0.259831,0.541039
34,0.625000,0.976661,0.534567,0.258260,0.543925
34,0.629167,0.973769,0.532345,0.256684,0.548225
34,0.633333,0.970863,0.530115,0.255103,0.545362
34,0.637500,0.967938,0.527880,0.253410,0.555317
34,0.641667,0.964999,0.525638,0.251711,0.553906
34,0.645833,0.962047,0.523390,0.250009,0.555317
34,0.650000,0.959081,0.521137,0.248302,0.553906
34,0.654167,0.956103,0.518880,0.246592,0.553906
34,0.658333,0.953112,0.516617,0.244880,0.556725
34,0.662500,0.950110,0.514351,0.243164,0.555317
34,0.666667,0.947096,0.512081,0.241446,0.556725
34,0.670833,0.944078,0.509808,0.239601,0.573347
34,0.675000,0.941048,0.507532,0.237753,0.571981
34,0.679167,0.938009,0.505254,0.235904,0.574711
34,0.683333,0.934960,0.502974,0.234054,0.576071
34,0.687500,0.931902,0.500692,0.232203,0.576071
34,0.691667,0.928835,0.498409,0.230351,0.571981
34,0.695833,0.925760,0.496125,0.228500,0.573347
34,0.700000,0.922677,0.493842,0.226648,0.574711
34,0.704167,0.919602,0.491555,0.224577,0.648910
34,0.708333,0.916503,0.489252,0.222489,0.647703
34,0.712500,0.913367,0.486920,0.220371,0.650115
34,0.716667,0.910183,0.484546,0.218212,0.651318
34,0.720833,0.906941,0.482123,0.216004,0.651318
34,0.725000,0.903636,0.479642,0.213738,0.651318
34,0.729167,0.900261,0.477099,0.211410,0.650115
34,0.733333,0.896813,0.474491,0.209017,0.651318
34,0.737500,0.893323,0.471816,0.205983,0.911709
34,0.741667,0.889757,0.469073,0.202883,0.909990
34,0.745833,0.886119,0.466265,0.199716,0.909990
34,0.750000,0.882411,0.463392,0.196487,0.910850
34,0.754167,0.878636,0.460459,0.193198,0.908268
34,0.758333,0.874797,0.457469,0.189853,0.908268
34,0.762500,0.870901,0.454428,0.186458,0.909130
34,0.766667,0.866953,0.451341,0.183018,0.911709
34,0.770833,0.863003,0.448215,0.178755,1.159594
34,0.775000,0.859016,0.445056,0.174466,1.158244
34,0.779167,0.854997,0.441871,0.170159,1.158919
34,0.783333,0.850954,0.438668,0.165839,1.158919
34,0.787500,0.846893,0.435455,0.161516,1.157568
34,0.791667,0.842824,0.432237,0.157196,1.156891
34,0.795833,0.838754,0.429024,0.152888,1.158244
34,0.800000,0.834689,0.425823,0.148598,1.158244
34,0.804167,0.830699,0.422641,0.143770,1.226511
34,0.808333,0.826731,0.419485,0.138984,1.227149
34,0.812500,0.822791,0.416363,0.134247,1.228424
34,0.816667,0.818886,0.413281,0.129567,1.227149
34,0.820833,0.815023,0.410245,0.124950,1.227149
34,0.825000,0.811207,0.407262,0.120403,1.228424
34,0.829167,0.807445,0.404337,0.115932,1.227787
34,0.833333,0.803741,0.401475,0.111541,1.227149
34,0.837500,0.800179,0.398682,0.107241,1.058683
34,0.841667,0.796685,0.395960,0.103030,1.059422
34,0.845833,0.793263,0.393315,0.098913,1.060898
34,0.850000,0.789917,0.390749,0.094893,1.060898
34,0.854167,0.786649,0.388266,0.090973,1.060898
34,0.858333,0.783462,0.385866,0.087155,1.062373
34,0.862500,0.780356,0.383554,0.083442,1.061636
34,0.866667,0.777335,0.381329,0.079835,1.060160
34,0.870833,0.774495,0.379192,0.076833,0.727389
34,0.875000,0.771741,0.377144,0.073927,0.727389
34,0.879167,0.769073,0.375186,0.071117,0.731681
34,0.883333,0.766490,0.373316,0.068403,0.729538
34,0.887500,0.763993,0.371533,0.065785,0.727389
34,0.891667,0.761579,0.369838,0.063262,0.731681
34,0.895833,0.759249,0.368229,0.060832,0.732749
34,0.900000,0.757000,0.366706,0.058495,0.728464
34,0.904167,0.754949,0.365266,0.056871,0.542484
34,0.908333,0.752976,0.363908,0.055328,0.541039
34,0.912500,0.751080,0.362628,0.053864,0.541039
34,0.916667,0.749257,0.361423,0.052476,0.542484
34,0.920833,0.747502,0.360289,0.051158,0.542484
34,0.925000,0.745812,0.359221,0.049907,0.543925
34,0.929167,0.744181,0.358215,0.048719,0.543925
34,0.933333,0.742606,0.357267,0.047589,0.541039
34,0.937500,0.741218,0.356373,0.046976,0.447624
34,0.941667,0.739880,0.355530,0.046414,0.444113
34,0.945833,0.738587,0.354735,0.045900,0.444113
34,0.950000,0.737337,0.353983,0.045431,0.447624
34,0.954167,0.736125,0.353271,0.045003,0.444113
34,0.958333,0.734949,0.352595,0.044613,0.440574
34,0.962500,0.733805,0.351953,0.044256,0.442347
34,0.966667,0.732690,0.351342,0.043932,0.445872
34,0.970833,0.731754,0.350758,0.043801,0.387653
34,0.975000,0.730842,0.350198,0.043697,0.393664
34,0.979167,0.729951,0.349660,0.043617,0.391671
34,0.983333,0.729079,0.349141,0.043559,0.385629
34,0.987500,0.728223,0.348639,0.043520,0.383594
34,0.991667,0.727382,0.348152,0.043499,0.381548
34,0.995833,0.726553,0.347679,0.043492,0.387653
34,1.000000,0.725735,0.347217,0.043500,0.387653
34,1.004167,0.725098,0.346765,0.043451,0.303902
34,1.008333,0.724473,0.346325,0.043415,0.309010
34,1.012500,0.723859,0.345897,0.043392,0.311533
34,1.016667,0.723258,0.345481,0.043383,0.309010
34,1.020833,0.722669,0.345079,0.043389,0.309010
34,1.025000,0.722094,0.344690,0.043410,0.306467
34,1.029167,0.721533,0.344314,0.043447,0.311533
34,1.033333,0.720986,0.343954,0.043500,0.314035
34,1.037500,0.720619,0.343609,0.043458,0.230700
34,1.041667,0.720267,0.343279,0.043432,0.230700
34,1.045833,0.719932,0.342965,0.043424,0.234068
34,1.050000,0.719614,0.342668,0.043432,0.230700
34,1.054167,0.719303,0.342379,0.043450,0.230700
34,1.058333,0.718991,0.342089,0.043467,0.230700
34,1.062500,0.718678,0.341797,0.043484,0.230700
34,1.066667,0.718364,0.341504,0.043500,0.234068
34,1.070833,0.718079,0.341210,0.043503,0.220287
34,1.075000,0.717793,0.340914,0.043505,0.209357
34,1.079167,0.717506,0.340617,0.043506,0.216705
34,1.083333,0.717218,0.340319,0.043507,0.227282
34,1.087500,0.716927,0.340019,0.043507,0.216705
34,1.091667,0.716635,0.339717,0.043505,0.216705
34,1.095833,0.716342,0.339414,0.043503,0.220287
34,1.100000,0.716046,0.339108,0.043500,0.220287
34,1.104167,0.715756,0.338800,0.043507,0.223812
34,1.108333,0.715464,0.338490,0.043513,0.227282
34,1.112500,0.715169,0.338178,0.043516,0.223812
34,1.116667,0.714870,0.337861,0.043516,0.216705
34,1.120833,0.714568,0.337541,0.043514,0.230700
34,1.125000,0.714260,0.337216,0.043507,0.227282
34,1.129167,0.713947,0.336885,0.043496,0.227282
34,1.133333,0.713627,0.336547,0.043479,0.234068
34,1.137500,0.713308,0.336203,0.043524,0.265408
34,1.141667,0.712980,0.335850,0.043561,0.268341
34,1.145833,0.712643,0.335488,0.043591,0.268341
34,1.150000,0.712296,0.335116,0.043611,0.262443
34,1.154167,0.711937,0.334732,0.043622,0.262443
34,1.158333,0.711566,0.334336,0.043621,0.259443
34,1.162500,0.711181,0.333926,0.043608,0.256409
34,1.166667,0.710781,0.333502,0.043581,0.262443
34,1.170833,0.710372,0.333061,0.043831,0.463093
34,1.175000,0.709946,0.332604,0.044068,0.463093
34,1.179167,0.709502,0.332128,0.044290,0.463093
34,1.183333,0.709039,0.331633,0.044497,0.463093
34,1.187500,0.708555,0.331118,0.044687,0.464780
34,1.191667,0.708050,0.330582,0.044860,0.463093
34,1.195833,0.707524,0.330024,0.045014,0.459700
34,1.200000,0.706974,0.329444,0.045149,0.459700
34,1.204167,0.706409,0.328841,0.046058,0.951202
34,1.208333,0.705820,0.328214,0.046958,0.952847
34,1.212500,0.705206,0.327563,0.047848,0.954488
34,1.216667,0.704567,0.326887,0.048729,0.954488
34,1.220833,0.703903,0.326186,0.049599,0.953668
34,1.225000,0.703213,0.325459,0.050458,0.950379
34,1.229167,0.702497,0.324706,0.051305,0.951202
34,1.233333,0.701754,0.323927,0.052140,0.953668
34,1.237500,0.700992,0.323122,0.054790,1.409978
34,1.241667,0.700203,0.322290,0.057477,1.410533
34,1.245833,0.699387,0.321432,0.060199,1.412197
34,1.250000,0.698546,0.320549,0.062955,1.412751
34,1.254167,0.697679,0.319640,0.065742,1.410533
34,1.258333,0.696787,0.318706,0.068558,1.409978
34,1.262500,0.695870,0.317748,0.071402,1.410533
34,1.266667,0.694930,0.316766,0.074272,1.411088
34,1.270833,0.693973,0.315762,0.080951,2.270098
34,1.275000,0.692993,0.314735,0.087807,2.275265
34,1.279167,0.691992,0.313687,0.094824,2.278702
34,1.283333,0.690970,0.312619,0.101985,2.280762
34,1.287500,0.689928,0.311531,0.109271,2.280762
34,1.291667,0.688868,0.310424,0.116663,2.279046
34,1.295833,0.687790,0.309301,0.124142,2.275265
34,1.300000,0.686697,0.308163,0.131689,2.269064
34,1.304167,0.685596,0.307010,0.143459,3.488789
34,1.308333,0.684481,0.305845,0.155437,3.504683
34,1.312500,0.683355,0.304669,0.167559,3.515833
34,1.316667,0.682219,0.303482,0.179759,3.521840
34,1.320833,0.681074,0.302288,0.191969,3.522062
34,1.325000,0.679923,0.301086,0.204124,3.516946
34,1.329167,0.678766,0.299880,0.216155,3.505353
34,1.333333,0.677605,0.298671,0.228001,3.488340
34,1.337500,0.676449,0.297460,0.237704,3.496185
34,1.341667,0.675292,0.296249,0.247308,3.506693
34,1.345833,0.674137,0.295040,0.256774,3.512938
34,1.350000,0.672985,0.293834,0.266064,3.517169
34,1.354167,0.671838,0.292634,0.275142,3.517837
34,1.358333,0.670697,0.291440,0.283972,3.513606
34,1.362500,0.669564,0.290255,0.292522,3.506023
34,1.366667,0.668441,0.289079,0.300759,3.495961
34,1.370833,0.667335,0.287916,0.304485,2.504529
34,1.375000,0.666242,0.286765,0.308141,2.507028
34,1.379167,0.665162,0.285629,0.311723,2.508588
34,1.383333,0.664098,0.284508,0.315228,2.509524
34,1.387500,0.663051,0.283405,0.318653,2.508900
34,1.391667,0.662022,0.282320,0.321993,2.507964
34,1.395833,0.661012,0.281254,0.325246,2.507964
34,1.400000,0.660022,0.280208,0.328408,2.505154
34,1.404167,0.659059,0.279184,0.328982,1.710474
34,1.408333,0.658117,0.278182,0.329562,1.711389
34,1.412500,0.657198,0.277203,0.330148,1.712760
34,1.416667,0.656302,0.276247,0.330739,1.713217
34,1.420833,0.655429,0.275315,0.331338,1.711389
34,1.425000,0.654580,0.274407,0.331942,1.710474
34,1.429167,0.653755,0.273523,0.332553,1.710931
34,1.433333,0.652953,0.272664,0.333170,1.709558
34,1.437500,0.652183,0.271829,0.332593,1.202668
34,1.441667,0.651436,0.271018,0.332038,1.203969
34,1.445833,0.650713,0.270231,0.331507,1.205268
34,1.450000,0.650013,0.269469,0.330999,1.205268
34,1.454167,0.649337,0.268730,0.330513,1.204619
34,1.458333,0.648683,0.268014,0.330049,1.205268
34,1.462500,0.648052,0.267321,0.329606,1.204619
34,1.466667,0.647441,0.266649,0.329183,1.202668
34,1.470833,0.646858,0.265997,0.328252,0.900479
34,1.475000,0.646293,0.265365,0.327339,0.902216
34,1.479167,0.645746,0.264751,0.326443,0.903083
34,1.483333,0.645214,0.264153,0.325562,0.901348
34,1.487500,0.644697,0.263569,0.324695,0.900479
34,1.491667,0.644192,0.262997,0.323839,0.900479
34,1.495833,0.643696,0.262436,0.322992,0.900479
34,1.500000,0.643207,0.261882,0.322152,0.898739
34,1.504167,0.642731,0.261334,0.321034,0.782343
34,1.508333,0.642259,0.260790,0.319919,0.784341
34,1.512500,0.641792,0.260252,0.318806,0.784341
34,1.516667,0.641330,0.259718,0.317695,0.784341
34,1.520833,0.640872,0.259190,0.316587,0.783342
34,1.525000,0.640419,0.258666,0.315481,0.779335
34,1.529167,0.639970,0.258148,0.314378,0.780339
34,1.533333,0.639527,0.257635,0.313278,0.783342
34,1.537500,0.639096,0.257127,0.311979,0.724154
34,1.541667,0.638670,0.256624,0.310682,0.726312
34,1.545833,0.638249,0.256126,0.309385,0.728464
34,1.550000,0.637833,0.255634,0.308089,0.724154
34,1.554167,0.637422,0.255148,0.306795,0.723072
34,1.558333,0.637016,0.254666,0.305501,0.725234
34,1.562500,0.636616,0.254190,0.304209,0.724154
34,1.566667,0.636220,0.253720,0.302918,0.721989
34,1.570833,0.635838,0.253255,0.301487,0.680698
34,1.575000,0.635462,0.252796,0.300056,0.681846
34,1.579167,0.635090,0.252342,0.298625,0.678394
34,1.583333,0.634725,0.251894,0.297194,0.678394
34,1.587500,0.634364,0.251451,0.295763,0.677239
34,1.591667,0.634009,0.251014,0.294332,0.676083
34,1.595833,0.633660,0.250583,0.292901,0.678394
34,1.600000,0.633316,0.250158,0.291471,0.678394
34,1.604167,0.632987,0.249739,0.289949,0.636734
34,1.608333,0.632663,0.249325,0.288426,0.636734
34,1.612500,0.632345,0.248918,0.286902,0.634271
34,1.616667,0.632033,0.248516,0.285378,0.635504
34,1.620833,0.631727,0.248121,0.283854,0.639188
34,1.625000,0.631426,0.247731,0.282329,0.639188
34,1.629167,0.631132,0.247348,0.280804,0.636734
34,1.633333,0.630843,0.246970,0.279279,0.635504
34,1.637500,0.630570,0.246599,0.277709,0.597414
34,1.641667,0.630303,0.246234,0.276138,0.600029
34,1.645833,0.630042,0.245875,0.274567,0.601332
34,1.650000,0.629788,0.245523,0.272996,0.601332
34,1.654167,0.629539,0.245177,0.271424,0.598723
34,1.658333,0.629297,0.244837,0.269852,0.598723
34,1.662500,0.629061,0.244503,0.268280,0.601332
34,1.666667,0.628831,0.244176,0.266709,0.602632
34,1.670833,0.628618,0.243856,0.265144,0.556725
34,1.675000,0.628412,0.243542,0.263580,0.552491
34,1.679167,0.628212,0.243234,0.262016,0.549651
34,1.683333,0.628019,0.242934,0.260453,0.551073
34,1.687500,0.627832,0.242639,0.258890,0.548225
34,1.691667,0.627652,0.242352,0.257328,0.551073
34,1.695833,0.627478,0.242071,0.255767,0.553906
34,1.700000,0.627311,0.241797,0.254207,0.548225
34,1.704167,0.627174,0.241530,0.252719,0.490985
34,1.708333,0.627043,0.241269,0.251232,0.492577
34,1.712500,0.626919,0.241016,0.249748,0.489388
34,1.716667,0.626803,0.240769,0.248265,0.487787
34,1.720833,0.626693,0.240529,0.246785,0.490985
34,1.725000,0.626590,0.240296,0.245306,0.492577
34,1.729167,0.626495,0.240071,0.243830,0.492577
34,1.733333,0.626406,0.239852,0.242356,0.489388
34,1.737500,0.626395,0.239641,0.241039,0.411169
34,1.741667,0.626390,0.239436,0.239725,0.413068
34,1.745833,0.626392,0.239239,0.238415,0.414958
34,1.750000,0.626400,0.239049,0.237109,0.413068
34,1.754167,0.626415,0.238866,0.235807,0.413068
34,1.758333,0.626437,0.238691,0.234508,0.413068
34,1.762500,0.626466,0.238523,0.233213,0.418714
34,1.766667,0.626501,0.238363,0.231923,0.414958
34,1.770833,0.626635,0.238209,0.230896,0.301316
34,1.775000,0.626771,0.238064,0.229874,0.303902
34,1.779167,0.626911,0.237925,0.228859,0.301316
34,1.783333,0.627055,0.237795,0.227848,0.298707
34,1.787500,0.627201,0.237672,0.226844,0.303902
34,1.791667,0.627350,0.237556,0.225845,0.303902
34,1.795833,0.627503,0.237449,0.224852,0.301316
34,1.800000,0.627660,0.237348,0.223865,0.303902
34,1.804167,0.627890,0.237256,0.223261,0.000000
34,1.808333,0.628117,0.237172,0.222665,0.167859
34,1.812500,0.628339,0.237095,0.222075,0.167859
34,1.816667,0.628557,0.237026,0.221493,0.176939
34,1.820833,0.628771,0.236965,0.220918,0.176939
34,1.825000,0.628981,0.236912,0.220350,0.000000
34,1.829167,0.629188,0.236867,0.219791,0.000000
34,1.833333,0.629390,0.236830,0.219238,0.167859
34,1.837500,0.629666,0.236802,0.219109,0.000000
34,1.841667,0.629928,0.236781,0.218988,0.000000
34,1.845833,0.630175,0.236769,0.218875,0.000000
34,1.850000,0.630408,0.236764,0.218770,0.000000
34,1.854167,0.630640,0.236783,0.218689,0.000000
34,1.858333,0.630889,0.236841,0.218647,0.000000
34,1.862500,0.631153,0.236937,0.218642,0.000000
34,1.866667,0.631431,0.237071,0.218675,0.000000
34,1.870833,0.631987,0.237242,0.218830,0.223812
34,1.875000,0.632535,0.237449,0.219020,0.230700
34,1.879167,0.633075,0.237691,0.219245,0.216705
34,1.883333,0.633606,0.237969,0.219506,0.209357
34,1.887500,0.634127,0.238281,0.219801,0.220287
34,1.891667,0.634638,0.238627,0.220131,0.223812
34,1.895833,0.635139,0.239006,0.220494,0.216705
34,1.900000,0.635629,0.239418,0.220890,0.216705
34,1.904167,0.636232,0.239859,0.221314,0.401538
34,1.908333,0.636800,0.240331,0.221769,0.405418
34,1.912500,0.637334,0.240832,0.222254,0.407344
34,1.916667,0.637831,0.241363,0.222768,0.403482
34,1.920833,0.638292,0.241924,0.223313,0.403482
34,1.925000,0.638716,0.242512,0.223886,0.399584
34,1.929167,0.639103,0.243129,0.224487,0.397620
34,1.933333,0.639451,0.243773,0.225116,0.395647
34,1.937500,0.639789,0.244435,0.225724,0.551073
34,1.941667,0.640071,0.245121,0.226356,0.553906
34,1.945833,0.640298,0.245831,0.227014,0.553906
34,1.950000,0.640469,0.246565,0.227695,0.549651
34,1.954167,0.640584,0.247322,0.228401,0.549651
34,1.958333,0.640642,0.248102,0.229129,0.552491
34,1.962500,0.640643,0.248904,0.229879,0.549651
34,1.966667,0.640586,0.249727,0.230652,0.549651
34,1.970833,0.640529,0.250556,0.231350,0.678394
34,1.975000,0.640407,0.251403,0.232067,0.680698
34,1.979167,0.640219,0.252269,0.232802,0.678394
34,1.983333,0.639964,0.253151,0.233555,0.679547
34,1.987500,0.639643,0.254051,0.234326,0.680698
34,1.991667,0.639255,0.254968,0.235114,0.678394
34,1.995833,0.638799,0.255900,0.235918,0.678394
34,2.000000,0.638277,0.256848,0.236739,0.677239
34,2.004167,0.637881,0.257789,0.237431,0.783342
34,2.008333,0.637417,0.258743,0.238137,0.782343
34,2.012500,0.636885,0.259709,0.238854,0.780339
34,2.016667,0.636284,0.260687,0.239583,0.784341
34,2.020833,0.635613,0.261675,0.240324,0.783342
34,2.025000,0.634874,0.262674,0.241075,0.781341
34,2.029167,0.634065,0.263682,0.241837,0.781341
34,2.033333,0.633186,0.264700,0.242609,0.782343
34,2.037500,0.632595,0.265703,0.243204,0.864108
34,2.041667,0.631936,0.266712,0.243805,0.866821
34,2.045833,0.631210,0.267727,0.244412,0.865917
34,2.050000,0.630416,0.268748,0.245024,0.864108
34,2.054167,0.629555,0.269773,0.245642,0.864108
34,2.058333,0.628625,0.270803,0.246265,0.863202
34,2.062500,0.627628,0.271838,0.246891,0.863202
34,2.066667,0.626562,0.272876,0.247522,0.861386
34,2.070833,0.625852,0.273892,0.247937,0.915136
34,2.075000,0.625076,0.274909,0.248353,0.919403
34,2.079167,0.624232,0.275926,0.248767,0.920254
34,2.083333,0.623322,0.276944,0.249181,0.918551
34,2.087500,0.622345,0.277961,0.249594,0.921104
34,2.091667,0.621301,0.278977,0.250006,0.919403
34,2.095833,0.620190,0.279993,0.250415,0.918551
34,2.100000,0.619012,0.281006,0.250823,0.920254
34,2.104167,0.618047,0.281995,0.250996,0.970750
34,2.108333,0.617013,0.282980,0.251163,0.972361
34,2.112500,0.615910,0.283960,0.251323,0.972361
34,2.116667,0.614738,0.284936,0.251477,0.971556
34,2.120833,0.613498,0.285907,0.251623,0.969943
34,2.125000,0.612189,0.286871,0.251762,0.970750
34,2.129167,0.610813,0.287830,0.251894,0.976377
34,2.133333,0.609368,0.288783,0.252017,0.977179
34,2.137500,0.608015,0.289712,0.251916,0.989911
34,2.141667,0.606592,0.290633,0.251803,0.991491
34,2.145833,0.605098,0.291546,0.251678,0.996216
34,2.150000,0.603534,0.292449,0.251541,0.997002
34,2.154167,0.601902,0.293343,0.251392,0.998571
34,2.158333,0.600200,0.294227,0.251229,1.000137
34,2.162500,0.598431,0.295101,0.251054,0.997002
34,2.166667,0.596594,0.295964,0.250865,0.998571
34,2.170833,0.595008,0.296811,0.250495,0.980377
34,2.175000,0.593355,0.297645,0.250109,0.981175
34,2.179167,0.591636,0.298467,0.249705,0.981973
34,2.183333,0.589851,0.299276,0.249285,0.985950
34,2.187500,0.588002,0.300073,0.248848,0.985156
34,2.191667,0.586089,0.300856,0.248395,0.985950
34,2.195833,0.584112,0.301625,0.247923,0.989120
34,2.200000,0.582073,0.302380,0.247435,0.991491
34,2.204167,0.580437,0.303128,0.246835,0.934600
34,2.208333,0.578742,0.303861,0.246216,0.935438
34,2.212500,0.576988,0.304579,0.245577,0.937944
34,2.216667,0.575176,0.305281,0.244918,0.940444
34,2.220833,0.573307,0.305966,0.244238,0.943768
34,2.225000,0.571381,0.306636,0.243539,0.944597
34,2.229167,0.569399,0.307288,0.242819,0.943768
34,2.233333,0.567363,0.307924,0.242079,0.945425
34,2.237500,0.565836,0.308566,0.241314,0.861386
34,2.241667,0.564259,0.309191,0.240528,0.861386
34,2.245833,0.562631,0.309798,0.239720,0.865013
34,2.250000,0.560955,0.310387,0.238890,0.867723
34,2.254167,0.559229,0.310958,0.238038,0.865917
34,2.258333,0.557456,0.311510,0.237165,0.865013
34,2.262500,0.555637,0.312044,0.236270,0.866821
34,2.266667,0.553772,0.312559,0.235353,0.868625
34,2.270833,0.552475,0.313099,0.234502,0.766168
34,2.275000,0.551135,0.313619,0.233629,0.767189
34,2.279167,0.549754,0.314121,0.232733,0.765146
34,2.283333,0.548331,0.314602,0.231814,0.768209
34,2.287500,0.546868,0.315063,0.230873,0.772273
34,2.291667,0.545365,0.315503,0.229908,0.773286
34,2.295833,0.543823,0.315923,0.228920,0.776317
34,2.300000,0.542241,0.316321,0.227909,0.778330
34,2.304167,0.541246,0.316763,0.227045,0.660861
34,2.308333,0.540214,0.317183,0.226157,0.662045
34,2.312500,0.539146,0.317581,0.225245,0.664405
34,2.316667,0.538042,0.317957,0.224309,0.662045
34,2.320833,0.536902,0.318309,0.223348,0.664405
34,2.325000,0.535727,0.318639,0.222362,0.666757
34,2.329167,0.534517,0.318944,0.221351,0.666757
34,2.333333,0.533273,0.319226,0.220315,0.666757
34,2.337500,0.532613,0.319571,0.219495,0.551073
34,2.341667,0.531920,0.319892,0.218650,0.551073
34,2.345833,0.531193,0.320188,0.217779,0.551073
34,2.350000,0.530433,0.320459,0.216881,0.552491
34,2.354167,0.529639,0.320704,0.215957,0.555317
34,2.358333,0.528812,0.320922,0.215005,0.555317
34,2.362500,0.527953,0.321114,0.214027,0.552491
34,2.366667,0.527060,0.321278,0.213020,0.551073
34,2.370833,0.526752,0.321527,0.212288,0.437007
34,2.375000,0.526411,0.321749,0.211528,0.440574
34,2.379167,0.526037,0.321943,0.210739,0.440574
34,2.383333,0.525629,0.322108,0.209921,0.438794
34,2.387500,0.525188,0.322244,0.209075,0.438794
34,2.391667,0.524713,0.322351,0.208199,0.438794
34,2.395833,0.524204,0.322428,0.207294,0.438794
34,2.400000,0.523662,0.322474,0.206358,0.438794
34,2.404167,0.523725,0.322626,0.205745,0.353877
34,2.408333,0.523754,0.322748,0.205102,0.356082
34,2.412500,0.523748,0.322839,0.204428,0.356082
34,2.416667,0.523707,0.322898,0.203723,0.353877
34,2.420833,0.523630,0.322925,0.202986,0.353877
34,2.425000,0.523517,0.322920,0.202217,0.347179
34,2.429167,0.523369,0.322881,0.201415,0.344917
34,2.433333,0.523183,0.322809,0.200581,0.344917
34,2.437500,0.523556,0.322841,0.200056,0.282548
34,2.441667,0.523891,0.322839,0.199498,0.288035
34,2.445833,0.524187,0.322802,0.198905,0.288035
34,2.450000,0.524445,0.322730,0.198278,0.282548
34,2.454167,0.524681,0.322639,0.197632,0.296075
34,2.458333,0.524911,0.322547,0.196986,0.293420
34,2.462500,0.525135,0.322452,0.196338,0.271242
34,2.466667,0.525355,0.322356,0.195690,0.276953
34,2.470833,0.525601,0.322281,0.195068,0.268341
34,2.475000,0.525842,0.322205,0.194444,0.262443
34,2.479167,0.526078,0.322126,0.193820,0.265408
34,2.483333,0.526308,0.322046,0.193194,0.268341
34,2.487500,0.526533,0.321964,0.192567,0.271242
34,2.491667,0.526753,0.321879,0.191938,0.271242
34,2.495833,0.526967,0.321793,0.191308,0.271242
34,2.500000,0.527176,0.321705,0.190677,0.274112
34,2.504167,0.527271,0.321618,0.190019,0.259443
34,2.508333,0.527360,0.321530,0.189360,0.262443
34,2.512500,0.527444,0.321439,0.188698,0.262443
34,2.516667,0.527524,0.321346,0.188036,0.262443
34,2.520833,0.527599,0.321252,0.187371,0.265408
34,2.525000,0.527669,0.321154,0.186706,0.259443
34,2.529167,0.527734,0.321055,0.186038,0.259443
34,2.533333,0.527794,0.320954,0.185369,0.259443
34,2.537500,0.527706,0.320855,0.184677,0.259443
34,2.541667,0.527613,0.320755,0.183982,0.250229
34,2.545833,0.527516,0.320652,0.183286,0.250229
34,2.550000,0.527415,0.320546,0.182589,0.256409
34,2.554167,0.527310,0.320439,0.181889,0.256409
34,2.558333,0.527201,0.320329,0.181188,0.259443
34,2.562500,0.527087,0.320217,0.180484,0.259443
34,2.566667,0.526970,0.320102,0.179780,0.256409
34,2.570833,0.526687,0.319992,0.179056,0.262443
34,2.575000,0.526400,0.319880,0.178330,0.253338
34,2.579167,0.526110,0.319765,0.177602,0.250229
34,2.583333,0.525817,0.319647,0.176873,0.253338
34,2.587500,0.525520,0.319527,0.176141,0.247081
34,2.591667,0.525221,0.319405,0.175407,0.253338
34,2.595833,0.524918,0.319281,0.174672,0.256409
34,2.600000,0.524612,0.319154,0.173935,0.262443
34,2.604167,0.524139,0.319032,0.173184,0.262443
34,2.608333,0.523664,0.318909,0.172431,0.262443
34,2.612500,0.523187,0.318783,0.171676,0.265408
34,2.616667,0.522707,0.318654,0.170919,0.265408
34,2.620833,0.522224,0.318523,0.170161,0.259443
34,2.625000,0.521740,0.318390,0.169400,0.259443
34,2.629167,0.521253,0.318254,0.168637,0.259443
34,2.633333,0.520764,0.318116,0.167873,0.259443
34,2.637500,0.520123,0.317985,0.167101,0.265408
34,2.641667,0.519480,0.317852,0.166327,0.268341
34,2.645833,0.518835,0.317716,0.165552,0.265408
34,2.650000,0.518189,0.317578,0.164774,0.271242
34,2.654167,0.517541,0.317437,0.163994,0.274112
34,2.658333,0.516892,0.317294,0.163213,0.271242
34,2.662500,0.516241,0.317149,0.162430,0.265408
34,2.666667,0.515590,0.317001,0.161645,0.268341
34,2.670833,0.514812,0.316862,0.160860,0.268341
34,2.675000,0.514033,0.316721,0.160072,0.265408
34,2.679167,0.513254,0.316577,0.159283,0.271242
34,2.683333,0.512474,0.316431,0.158493,0.265408
34,2.687500,0.511692,0.316283,0.157700,0.271242
34,2.691667,0.510910,0.316133,0.156906,0.274112
34,2.695833,0.510127,0.315980,0.156110,0.276953
34,2.700000,0.509343,0.315825,0.155312,0.279765
34,2.704167,0.508472,0.315680,0.154522,0.276953
34,2.708333,0.507600,0.315534,0.153730,0.271242
34,2.712500,0.506728,0.315385,0.152936,0.274112
34,2.716667,0.505855,0.315234,0.152141,0.268341
34,2.720833,0.504981,0.315081,0.151344,0.265408
34,2.725000,0.504107,0.314925,0.150546,0.276953
34,2.729167,0.503233,0.314768,0.149746,0.276953
34,2.733333,0.502358,0.314608,0.148945,0.271242
34,2.737500,0.501442,0.314461,0.148184,0.274112
34,2.741667,0.500527,0.314311,0.147421,0.276953
34,2.745833,0.499611,0.314160,0.146657,0.274112
34,2.750000,0.498694,0.314007,0.145892,0.268341
34,2.754167,0.497777,0.313851,0.145125,0.271242
34,2.758333,0.496860,0.313694,0.144357,0.276953
34,2.762500,0.495942,0.313535,0.143588,0.274112
34,2.766667,0.495025,0.313374,0.142818,0.274112
34,2.770833,0.494121,0.313227,0.142075,0.259443
34,2.775000,0.493217,0.313079,0.141331,0.262443
34,2.779167,0.492315,0.312930,0.140587,0.265408
34,2.783333,0.491414,0.312781,0.139844,0.259443
34,2.787500,0.490516,0.312634,0.139104,0.265408
34,2.791667,0.489622,0.312489,0.138365,0.271242
34,2.795833,0.488731,0.312346,0.137631,0.268341
34,2.800000,0.487845,0.312205,0.136898,0.268341
34,2.804167,0.487023,0.312083,0.136190,0.256409
34,2.808333,0.486204,0.311961,0.135483,0.259443
34,2.812500,0.485385,0.311838,0.134776,0.262443
34,2.816667,0.484567,0.311715,0.134068,0.259443
34,2.820833,0.483749,0.311590,0.133360,0.256409
34,2.825000,0.482931,0.311463,0.132652,0.253338
34,2.829167,0.482114,0.311336,0.131942,0.253338
34,2.833333,0.481296,0.311206,0.131232,0.259443
34,2.837500,0.480552,0.311094,0.130552,0.247081
34,2.841667,0.479808,0.310980,0.129871,0.237388
34,2.845833,0.479064,0.310864,0.129190,0.237388
34,2.850000,0.478320,0.310747,0.128507,0.243893
34,2.854167,0.477575,0.310628,0.127824,0.250229
34,2.858333,0.476831,0.310508,0.127140,0.247081
34,2.862500,0.476086,0.310386,0.126455,0.240663
34,2.866667,0.475341,0.310263,0.125770,0.237388
34,2.870833,0.474671,0.310158,0.125123,0.223812
34,2.875000,0.474002,0.310051,0.124476,0.227282
34,2.879167,0.473331,0.309943,0.123828,0.227282
34,2.883333,0.472661,0.309834,0.123179,0.237388
34,2.887500,0.471990,0.309723,0.122529,0.234068
34,2.891667,0.471320,0.309610,0.121879,0.230700
34,2.895833,0.470649,0.309496,0.121228,0.223812
34,2.900000,0.469977,0.309379,0.120575,0.223812
34,2.904167,0.469380,0.309282,0.119969,0.209357
34,2.908333,0.468780,0.309183,0.119358,0.205584
34,2.912500,0.468173,0.309081,0.118740,0.205584
34,2.916667,0.467556,0.308975,0.118110,0.216705
34,2.920833,0.466930,0.308866,0.117469,0.213062
34,2.925000,0.466291,0.308752,0.116814,0.216705
34,2.929167,0.465641,0.308635,0.116145,0.230700
34,2.933333,0.464977,0.308512,0.115460,0.227282
34,2.937500,0.464377,0.308407,0.114815,0.209357
34,2.941667,0.463764,0.308297,0.114155,0.213062
34,2.945833,0.463138,0.308182,0.113479,0.220287
34,2.950000,0.462501,0.308062,0.112790,0.230700
34,2.954167,0.461853,0.307937,0.112089,0.243893
34,2.958333,0.461198,0.307809,0.111377,0.253338
34,2.962500,0.460535,0.307677,0.110655,0.253338
34,2.966667,0.459868,0.307542,0.109927,0.250229
34,2.970833,0.459268,0.307425,0.109251,0.227282
34,2.975000,0.458664,0.307305,0.108570,0.227282
34,2.979167,0.458058,0.307181,0.107886,0.230700
34,2.983333,0.457452,0.307056,0.107200,0.230700
34,2.987500,0.456848,0.306928,0.106515,0.237388
34,2.991667,0.456247,0.306798,0.105834,0.234068
34,2.995833,0.455651,0.306668,0.105157,0.230700
34,3.000000,0.455063,0.306536,0.104488,0.227282
34,3.004167,0.454544,0.306424,0.103883,0.205584
34,3.008333,0.454032,0.306310,0.103286,0.205584
34,3.012500,0.453528,0.306195,0.102698,0.197823
34,3.016667,0.453033,0.306080,0.102121,0.185575
34,3.020833,0.452549,0.305964,0.101557,0.176939
34,3.025000,0.452078,0.305849,0.101006,0.185575
34,3.029167,0.451619,0.305734,0.100471,0.176939
34,3.033333,0.451175,0.305619,0.099953,0.167859
34,3.037500,0.450793,0.305522,0.099499,0.000000
34,3.041667,0.450424,0.305425,0.099060,0.000000
34,3.045833,0.450068,0.305329,0.098638,0.000000
34,3.050000,0.449726,0.305235,0.098233,0.000000
34,3.054167,0.449399,0.305143,0.097847,0.000000
34,3.058333,0.449089,0.305053,0.097480,0.000000
34,3.062500,0.448795,0.304967,0.097133,0.000000
34,3.066667,0.448519,0.304884,0.096807,0.000000
34,3.070833,0.448290,0.304815,0.096542,0.000000
34,3.075000,0.448075,0.304750,0.096292,0.000000
34,3.079167,0.447874,0.304688,0.096059,0.000000
34,3.083333,0.447688,0.304629,0.095843,0.000000
34,3.087500,0.447517,0.304574,0.095644,0.000000
34,3.091667,0.447360,0.304524,0.095462,0.000000
34,3.095833,0.447217,0.304478,0.095297,0.000000
34,3.100000,0.447089,0.304436,0.095148,0.000000
34,3.104167,0.446991,0.304405,0.095033,0.000000
34,3.108333,0.446903,0.304377,0.094929,0.000000
34,3.112500,0.446825,0.304352,0.094838,0.000000
34,3.116667,0.446756,0.304331,0.094757,0.000000
34,3.120833,0.446697,0.304312,0.094688,0.000000
34,3.125000,0.446646,0.304297,0.094628,0.000000
34,3.129167,0.446603,0.304284,0.094578,0.000000
34,3.133333,0.446568,0.304274,0.094536,0.000000
34,3.137500,0.446544,0.304268,0.094508,0.000000
34,3.141667,0.446525,0.304264,0.094485,0.000000
34,3.145833,0.446509,0.304261,0.094467,0.000000
34,3.150000,0.446497,0.304259,0.094452,0.000000
34,3.154167,0.446488,0.304258,0.094441,0.000000
34,3.158333,0.446481,0.304258,0.094433,0.000000
34,3.162500,0.446475,0.304258,0.094427,0.000000
34,3.166667,0.446472,0.304259,0.094423,0.000000
34,3.170833,0.446470,0.304261,0.094421,0.000000
34,3.175000,0.446469,0.304262,0.094420,0.000000
34,3.179167,0.446469,0.304264,0.094419,0.000000
34,3.183333,0.446468,0.304266,0.094419,0.000000
34,3.187500,0.446468,0.304268,0.094419,0.000000
34,3.191667,0.446467,0.304270,0.094419,0.000000
34,3.195833,0.446467,0.304272,0.094419,0.000000
34,3.200000,0.446467,0.304274,0.094419,0.000000
35,0.000000,0.703124,0.233500,0.216963,0.000000
35,0.004167,0.703159,0.233546,0.216962,0.000000
35,0.008333,0.703195,0.233593,0.216962,0.000000
35,0.012500,0.703230,0.233639,0.216962,0.000000
35,0.016667,0.703266,0.233687,0.216962,0.000000
35,0.020833,0.703303,0.233734,0.216963,0.000000
35,0.025000,0.703339,0.233782,0.216965,0.000000
35,0.029167,0.703375,0.233831,0.216967,0.000000
35,0.033333,0.703412,0.233880,0.216969,0.000000
35,0.037500,0.703428,0.233929,0.216970,0.000000
35,0.041667,0.703442,0.233978,0.216971,0.000000
35,0.045833,0.703455,0.234028,0.216973,0.000000
35,0.050000,0.703468,0.234078,0.216976,0.000000
35,0.054167,0.703479,0.234128,0.216978,0.000000
35,0.058333,0.703489,0.234178,0.216981,0.000000
35,0.062500,0.703497,0.234229,0.216985,0.000000
35,0.066667,0.703505,0.234280,0.216989,0.000000
35,0.070833,0.703487,0.234331,0.216991,0.000000
35,0.075000,0.703465,0.234382,0.216994,0.000000
35,0.079167,0.703440,0.234433,0.216998,0.000000
35,0.083333,0.703412,0.234484,0.217001,0.000000
35,0.087500,0.703381,0.234536,0.217006,0.000000
35,0.091667,0.703347,0.234587,0.217010,0.000000
35,0.095833,0.703309,0.234639,0.217015,0.000000
35,0.100000,0.703268,0.234690,0.217021,0.000000
35,0.104167,0.703195,0.234742,0.217025,0.000000
35,0.108333,0.703116,0.234793,0.217030,0.000000
35,0.112500,0.703032,0.234844,0.217035,0.000000
35,0.116667,0.702942,0.234896,0.217040,0.000000
35,0.120833,0.702847,0.234947,0.217046,0.000000
35,0.125000,0.702746,0.234998,0.217052,0.000000
35,0.129167,0.702639,0.235049,0.217058,0.000000
35,0.133333,0.702527,0.235099,0.217066,0.000000
35,0.137500,0.702377,0.235150,0.217071,0.000000
35,0.141667,0.702219,0.235200,0.217077,0.000000
35,0.145833,0.702053,0.235250,0.217084,0.000000
35,0.150000,0.701880,0.235299,0.217091,0.000000
35,0.154167,0.701698,0.235349,0.217098,0.000000
35,0.158333,0.701508,0.235397,0.217105,0.000000
35,0.162500,0.701311,0.235446,0.217114,0.000000
35,0.166667,0.701105,0.235494,0.217122,0.000000
35,0.170833,0.700860,0.235542,0.217129,0.000000
35,0.175000,0.700604,0.235590,0.217137,0.000000
35,0.179167,0.700339,0.235637,0.217145,0.000000
35,0.183333,0.700063,0.235683,0.217153,0.000000
35,0.187500,0.699778,0.235729,0.217162,0.000000
35,0.191667,0.699483,0.235775,0.217171,0.000000
35,0.195833,0.699177,0.235820,0.217180,0.000000
35,0.200000,0.698862,0.235865,0.217190,0.000000
35,0.204167,0.698509,0.235909,0.217199,0.000000
35,0.208333,0.698144,0.235952,0.217208,0.000000
35,0.212500,0.697768,0.235995,0.217217,0.000000
35,0.216667,0.697380,0.236038,0.217226,0.000000
35,0.220833,0.696981,0.236079,0.217237,0.000000
35,0.225000,0.696570,0.236121,0.217247,0.000000
35,0.229167,0.696148,0.236161,0.217258,0.000000
35,0.233333,0.695715,0.236201,0.217269,0.000000
35,0.237500,0.695251,0.236240,0.217279,0.000000
35,0.241667,0.694775,0.236279,0.217289,0.000000
35,0.245833,0.694287,0.236317,0.217300,0.000000
35,0.250000,0.693786,0.236354,0.217311,0.000000
35,0.254167,0.693273,0.236391,0.217323,0.000000
35,0.258333,0.692748,0.236427,0.217334,0.000000
35,0.262500,0.692211,0.236462,0.217346,0.000000
35,0.266667,0.691661,0.236497,0.217359,0.000000
35,0.270833,0.691095,0.236531,0.217370,0.000000
35,0.275000,0.690517,0.236564,0.217382,0.000000
35,0.279167,0.689926,0.236597,0.217394,0.000000
35,0.283333,0.689323,0.236629,0.217406,0.000000
35,0.287500,0.688707,0.236660,0.217419,0.000000
35,0.291667,0.688080,0.236691,0.217432,0.000000
35,0.295833,0.687440,0.236721,0.217446,0.000000
35,0.300000,0.686788,0.236750,0.217459,0.000000
35,0.304167,0.686139,0.236779,0.217472,0.000000
35,0.308333,0.685479,0.236806,0.217485,0.000000
35,0.312500,0.684807,0.236834,0.217498,0.000000
35,0.316667,0.684123,0.236860,0.217512,0.000000
35,0.320833,0.683428,0.236886,0.217526,0.000000
35,0.325000,0.682721,0.236911,0.217540,0.000000
35,0.329167,0.682003,0.236936,0.217555,0.000000
35,0.333333,0.681273,0.236960,0.217570,0.000000
35,0.337500,0.680573,0.236984,0.217583,0.000000
35,0.341667,0.679862,0.237006,0.217598,0.000000
35,0.345833,0.679141,0.237029,0.217612,0.000000
35,0.350000,0.678410,0.237050,0.217627,0.000000
35,0.354167,0.677668,0.237072,0.217642,0.000000
35,0.358333,0.676917,0.237092,0.217657,0.000000
35,0.362500,0.676155,0.237112,0.217673,0.000000
35,0.366667,0.675383,0.237132,0.217689,0.000000
35,0.370833,0.674672,0.237151,0.217704,0.000000
35,0.375000,0.673952,0.237169,0.217720,0.000000
35,0.379167,0.673224,0.237187,0.217736,0.000000
35,0.383333,0.672488,0.237205,0.217752,0.000000
35,0.387500,0.671744,0.237222,0.217768,0.000000
35,0.391667,0.670991,0.237239,0.217784,0.000000
35,0.395833,0.670230,0.237256,0.217802,0.000000
35,0.400000,0.669461,0.237272,0.217819,0.000000
35,0.404167,0.668788,0.237288,0.217836,0.000000
35,0.408333,0.668110,0.237304,0.217853,0.000000
35,0.412500,0.667426,0.237321,0.217871,0.000000
35,0.416667,0.666737,0.237338,0.217891,0.000000
35,0.420833,0.666042,0.237355,0.217911,0.000000
35,0.425000,0.665343,0.237374,0.217933,0.000000
35,0.429167,0.664638,0.237393,0.217956,0.000000
35,0.433333,0.663928,0.237413,0.217980,0.000000
35,0.437500,0.663355,0.237433,0.218005,0.000000
35,0.441667,0.662778,0.237455,0.218031,0.000000
35,0.445833,0.662199,0.237478,0.218058,0.000000
35,0.450000,0.661617,0.237501,0.218086,0.000000
35,0.454167,0.661032,0.237525,0.218116,0.000000
35,0.458333,0.660444,0.237550,0.218146,0.000000
35,0.462500,0.659853,0.237576,0.218179,0.000000
35,0.466667,0.659259,0.237603,0.218212,0.000000
35,0.470833,0.658842,0.237631,0.218245,0.000000
35,0.475000,0.658424,0.237660,0.218279,0.000000
35,0.479167,0.658004,0.237689,0.218314,0.000000
35,0.483333,0.657584,0.237719,0.218350,0.000000
35,0.487500,0.657162,0.237750,0.218388,0.000000
35,0.491667,0.656740,0.237782,0.218426,0.000000
35,0.495833,0.656316,0.237815,0.218465,0.000000
35,0.500000,0.655891,0.237848,0.218505,0.000000
35,0.504167,0.655668,0.237882,0.218544,0.000000
35,0.508333,0.655444,0.237917,0.218585,0.000000
35,0.512500,0.655221,0.237953,0.218626,0.000000
35,0.516667,0.654998,0.237989,0.218668,0.000000
35,0.520833,0.654774,0.238026,0.218710,0.000000
35,0.525000,0.654551,0.238064,0.218753,0.000000
35,0.529167,0.654328,0.238102,0.218797,0.000000
35,0.533333,0.654105,0.238140,0.218840,0.000000
35,0.537500,0.654040,0.238179,0.218886,0.000000
35,0.541667,0.653976,0.238219,0.218932,0.000000
35,0.545833,0.653911,0.238259,0.218978,0.000000
35,0.550000,0.653846,0.238300,0.219025,0.000000
35,0.554167,0.653792,0.238351,0.219082,0.000000
35,0.558333,0.653757,0.238424,0.219160,0.000000
35,0.562500,0.653743,0.238517,0.219258,0.000000
35,0.566667,0.653749,0.238631,0.219377,0.000000
35,0.570833,0.653789,0.238765,0.219528,0.000000
35,0.575000,0.653844,0.238919,0.219699,0.000000
35,0.579167,0.653914,0.239092,0.219889,0.000000
35,0.583333,0.653999,0.239285,0.220098,0.000000
35,0.587500,0.654099,0.239497,0.220326,0.000000
35,0.591667,0.654214,0.239729,0.220573,0.000000
35,0.595833,0.654342,0.239978,0.220838,0.000000
35,0.600000,0.654485,0.240247,0.221122,0.000000
35,0.604167,0.654584,0.240532,0.221427,0.230700
35,0.608333,0.654687,0.240834,0.221748,0.223812
35,0.612500,0.654796,0.241154,0.222088,0.223812
35,0.616667,0.654909,0.241491,0.222443,0.234068
35,0.620833,0.655027,0.241845,0.222816,0.227282
35,0.625000,0.655149,0.242215,0.223204,0.223812
35,0.629167,0.655275,0.242602,0.223609,0.223812
35,0.633333,0.655404,0.243004,0.224029,0.223812
35,0.637500,0.655440,0.243419,0.224452,0.328649
35,0.641667,0.655468,0.243849,0.224890,0.328649
35,0.645833,0.655488,0.244294,0.225342,0.318981
35,0.650000,0.655501,0.244753,0.225808,0.321425
35,0.654167,0.655507,0.245226,0.226289,0.318981
35,0.658333,0.655504,0.245714,0.226783,0.318981
35,0.662500,0.655492,0.246215,0.227291,0.323851
35,0.666667,0.655473,0.246731,0.227812,0.321425
35,0.670833,0.655342,0.247253,0.228314,0.401538
35,0.675000,0.655193,0.247787,0.228828,0.407344
35,0.679167,0.655025,0.248334,0.229354,0.414958
35,0.683333,0.654839,0.248893,0.229892,0.409261
35,0.687500,0.654634,0.249465,0.230442,0.407344
35,0.691667,0.654410,0.250048,0.231004,0.405418
35,0.695833,0.654167,0.250643,0.231578,0.407344
35,0.700000,0.653906,0.251250,0.232163,0.405418
35,0.704167,0.653572,0.251861,0.232708,0.478062
35,0.708333,0.653212,0.252482,0.233263,0.479697
35,0.712500,0.652828,0.253113,0.233828,0.474777
35,0.716667,0.652417,0.253756,0.234404,0.473125
35,0.720833,0.651981,0.254408,0.234990,0.474777
35,0.725000,0.651520,0.255070,0.235586,0.474777
35,0.729167,0.651032,0.255743,0.236192,0.476422
35,0.733333,0.650518,0.256424,0.236808,0.474777
35,0.737500,0.650025,0.257104,0.237359,0.541039
35,0.741667,0.649503,0.257792,0.237919,0.542484
35,0.745833,0.648952,0.258488,0.238486,0.539591
35,0.750000,0.648372,0.259192,0.239062,0.541039
35,0.754167,0.647764,0.259904,0.239645,0.542484
35,0.758333,0.647127,0.260623,0.240236,0.541039
35,0.762500,0.646460,0.261349,0.240833,0.541039
35,0.766667,0.645764,0.262083,0.241438,0.542484
35,0.770833,0.645216,0.262809,0.241958,0.597414
35,0.775000,0.644640,0.263541,0.242483,0.596103
35,0.779167,0.644034,0.264279,0.243013,0.597414
35,0.783333,0.643401,0.265022,0.243548,0.596103
35,0.787500,0.642738,0.265770,0.244089,0.592151
35,0.791667,0.642047,0.266523,0.244634,0.592151
35,0.795833,0.641326,0.267280,0.245184,0.597414
35,0.800000,0.640577,0.268042,0.245739,0.598723
35,0.804167,0.640092,0.268794,0.246188,0.640411
35,0.808333,0.639580,0.269548,0.246641,0.639188
35,0.812500,0.639041,0.270305,0.247096,0.635504
35,0.816667,0.638474,0.271065,0.247553,0.636734
35,0.820833,0.637880,0.271827,0.248012,0.640411
35,0.825000,0.637258,0.272591,0.248473,0.642851
35,0.829167,0.636609,0.273356,0.248935,0.644067
35,0.833333,0.635931,0.274122,0.249399,0.645281
35,0.837500,0.635562,0.274874,0.249740,0.679547
35,0.841667,0.635166,0.275626,0.250081,0.679547
35,0.845833,0.634743,0.276377,0.250421,0.678394
35,0.850000,0.634293,0.277127,0.250759,0.673763
35,0.854167,0.633817,0.277877,0.251097,0.673763
35,0.858333,0.633314,0.278626,0.251433,0.676083
35,0.862500,0.632783,0.279373,0.251767,0.678394
35,0.866667,0.632226,0.280119,0.252100,0.678394
35,0.870833,0.631891,0.280849,0.252301,0.703318
35,0.875000,0.631530,0.281577,0.252499,0.699972
35,0.879167,0.631141,0.282302,0.252693,0.701089
35,0.883333,0.630725,0.283025,0.252883,0.703318
35,0.887500,0.630283,0.283745,0.253070,0.704430
35,0.891667,0.629814,0.284461,0.253254,0.705541
35,0.895833,0.629318,0.285175,0.253433,0.705541
35,0.900000,0.628795,0.285885,0.253609,0.704430
35,0.904167,0.628305,0.286580,0.253651,0.724154
35,0.908333,0.627786,0.287270,0.253687,0.728464
35,0.912500,0.627240,0.287957,0.253718,0.729538
35,0.916667,0.626665,0.288639,0.253743,0.730610
35,0.920833,0.626063,0.289316,0.253762,0.730610
35,0.925000,0.625433,0.289989,0.253776,0.730610
35,0.929167,0.624775,0.290657,0.253784,0.730610
35,0.933333,0.624090,0.291321,0.253786,0.731681
35,0.937500,0.623428,0.291970,0.253662,0.735947
35,0.941667,0.622737,0.292614,0.253532,0.737010
35,0.945833,0.622018,0.293253,0.253393,0.735947
35,0.950000,0.621271,0.293886,0.253248,0.739131
35,0.954167,0.620496,0.294513,0.253094,0.742301
35,0.958333,0.619693,0.295134,0.252934,0.742301
35,0.962500,0.618862,0.295749,0.252765,0.742301
35,0.966667,0.618005,0.296358,0.252589,0.742301
35,0.970833,0.617220,0.296957,0.252307,0.731681
35,0.975000,0.616408,0.297549,0.252016,0.733817
35,0.979167,0.615568,0.298134,0.251716,0.732749
35,0.983333,0.614701,0.298713,0.251407,0.731681
35,0.987500,0.613807,0.299285,0.251089,0.734883
35,0.991667,0.612887,0.299850,0.250762,0.739131
35,0.995833,0.611940,0.300408,0.250426,0.739131
35,1.000000,0.610967,0.300959,0.250081,0.737010
35,1.004167,0.610110,0.301503,0.249659,0.712165
35,1.008333,0.609228,0.302041,0.249226,0.715455
35,1.012500,0.608320,0.302571,0.248783,0.717640
35,1.016667,0.607386,0.303093,0.248330,0.714360
35,1.020833,0.606428,0.303607,0.247868,0.715455
35,1.025000,0.605445,0.304114,0.247395,0.718729
35,1.029167,0.604437,0.304612,0.246911,0.720904
35,1.033333,0.603405,0.305103,0.246418,0.720904
35,1.037500,0.602524,0.305593,0.245882,0.682993
35,1.041667,0.601620,0.306076,0.245336,0.684138
35,1.045833,0.600692,0.306549,0.244778,0.686423
35,1.050000,0.599741,0.307015,0.244210,0.686423
35,1.054167,0.598767,0.307471,0.243631,0.686423
35,1.058333,0.597771,0.307919,0.243040,0.686423
35,1.062500,0.596752,0.308358,0.242439,0.685281
35,1.066667,0.595711,0.308788,0.241826,0.682993
35,1.070833,0.594847,0.309225,0.241210,0.635504
35,1.075000,0.593962,0.309653,0.240583,0.640411
35,1.079167,0.593056,0.310071,0.239943,0.641632
35,1.083333,0.592128,0.310481,0.239292,0.641632
35,1.087500,0.591181,0.310880,0.238630,0.642851
35,1.091667,0.590213,0.311270,0.237955,0.645281
35,1.095833,0.589224,0.311650,0.237269,0.642851
35,1.100000,0.588216,0.312020,0.236570,0.640411
35,1.104167,0.587401,0.312403,0.235906,0.588172
35,1.108333,0.586566,0.312776,0.235229,0.590827
35,1.112500,0.585711,0.313138,0.234539,0.588172
35,1.116667,0.584836,0.313488,0.233835,0.588172
35,1.120833,0.583942,0.313827,0.233119,0.589501
35,1.125000,0.583029,0.314155,0.232389,0.592151
35,1.129167,0.582097,0.314471,0.231645,0.594788
35,1.133333,0.581145,0.314774,0.230888,0.596103
35,1.137500,0.580397,0.315100,0.230201,0.536682
35,1.141667,0.579631,0.315413,0.229499,0.533757
35,1.145833,0.578847,0.315714,0.228784,0.536682
35,1.150000,0.578044,0.316002,0.228056,0.536682
35,1.154167,0.577224,0.316279,0.227313,0.535222
35,1.158333,0.576385,0.316542,0.226556,0.535222
35,1.162500,0.575529,0.316793,0.225785,0.535222
35,1.166667,0.574656,0.317031,0.225001,0.538138
35,1.170833,0.573993,0.317299,0.224317,0.473125
35,1.175000,0.573314,0.317555,0.223620,0.469805
35,1.179167,0.572618,0.317797,0.222909,0.473125
35,1.183333,0.571906,0.318028,0.222184,0.473125
35,1.187500,0.571178,0.318245,0.221446,0.476422
35,1.191667,0.570433,0.318450,0.220694,0.481326
35,1.195833,0.569673,0.318642,0.219928,0.481326
35,1.200000,0.568898,0.318821,0.219148,0.479697
35,1.204167,0.568341,0.319040,0.218499,0.418714
35,1.208333,0.567769,0.319246,0.217836,0.420579
35,1.212500,0.567181,0.319439,0.217160,0.416840
35,1.216667,0.566578,0.319619,0.216469,0.416840
35,1.220833,0.565959,0.319785,0.215764,0.418714
35,1.225000,0.565325,0.319938,0.215045,0.414958
35,1.229167,0.564676,0.320076,0.214311,0.413068
35,1.233333,0.564011,0.320201,0.213563,0.414958
35,1.237500,0.563573,0.320375,0.212970,0.351659
35,1.241667,0.563120,0.320534,0.212361,0.349426
35,1.245833,0.562651,0.320679,0.211739,0.349426
35,1.250000,0.562166,0.320809,0.211101,0.351659
35,1.254167,0.561666,0.320925,0.210447,0.351659
35,1.258333,0.561149,0.321025,0.209778,0.349426
35,1.262500,0.560617,0.321110,0.209094,0.353877
35,1.266667,0.560068,0.321180,0.208394,0.360452
35,1.270833,0.559759,0.321307,0.207870,0.298707
35,1.275000,0.559433,0.321419,0.207330,0.301316
35,1.279167,0.559090,0.321514,0.206774,0.298707
35,1.283333,0.558731,0.321593,0.206201,0.301316
35,1.287500,0.558355,0.321656,0.205612,0.298707
35,1.291667,0.557962,0.321703,0.205006,0.298707
35,1.295833,0.557551,0.321732,0.204383,0.301316
35,1.300000,0.557123,0.321744,0.203743,0.303902
35,1.304167,0.556952,0.321822,0.203298,0.253338
35,1.308333,0.556763,0.321883,0.202836,0.250229
35,1.312500,0.556555,0.321926,0.202355,0.247081
35,1.316667,0.556329,0.321951,0.201857,0.256409
35,1.320833,0.556084,0.321958,0.201341,0.256409
35,1.325000,0.555821,0.321947,0.200807,0.253338
35,1.329167,0.555539,0.321917,0.200254,0.256409
35,1.333333,0.555237,0.321868,0.199682,0.259443
35,1.337500,0.555171,0.321881,0.199291,0.209357
35,1.341667,0.555084,0.321875,0.198882,0.209357
35,1.345833,0.554978,0.321850,0.198453,0.227282
35,1.350000,0.554851,0.321805,0.198005,0.220287
35,1.354167,0.554714,0.321750,0.197546,0.205584
35,1.358333,0.554575,0.321694,0.197087,0.216705
35,1.362500,0.554435,0.321637,0.196628,0.223812
35,1.366667,0.554294,0.321580,0.196168,0.216705
35,1.370833,0.554149,0.321535,0.195726,0.201741
35,1.375000,0.554003,0.321490,0.195283,0.193827
35,1.379167,0.553855,0.321444,0.194840,0.189746
35,1.383333,0.553706,0.321397,0.194397,0.197823
35,1.387500,0.553555,0.321350,0.193952,0.209357
35,1.391667,0.553404,0.321301,0.193507,0.213062
35,1.395833,0.553251,0.321252,0.193061,0.205584
35,1.400000,0.553096,0.321202,0.192615,0.205584
35,1.404167,0.552883,0.321153,0.192155,0.197823
35,1.408333,0.552669,0.321103,0.191696,0.197823
35,1.412500,0.552453,0.321053,0.191235,0.193827
35,1.416667,0.552236,0.321001,0.190773,0.193827
35,1.420833,0.552017,0.320948,0.190311,0.181308
35,1.425000,0.551798,0.320895,0.189847,0.172459
35,1.429167,0.551577,0.320840,0.189383,0.176939
35,1.433333,0.551354,0.320784,0.188918,0.185575
35,1.437500,0.551065,0.320730,0.188441,0.185575
35,1.441667,0.550774,0.320675,0.187963,0.185575
35,1.445833,0.550481,0.320619,0.187485,0.181308
35,1.450000,0.550188,0.320562,0.187005,0.181308
35,1.454167,0.549893,0.320503,0.186524,0.181308
35,1.458333,0.549597,0.320444,0.186043,0.193827
35,1.462500,0.549300,0.320383,0.185560,0.189746
35,1.466667,0.549001,0.320321,0.185076,0.189746
35,1.470833,0.548630,0.320261,0.184582,0.181308
35,1.475000,0.548259,0.320200,0.184086,0.181308
35,1.479167,0.547886,0.320137,0.183590,0.189746
35,1.483333,0.547511,0.320074,0.183092,0.181308
35,1.487500,0.547136,0.320009,0.182593,0.197823
35,1.491667,0.546759,0.319943,0.182093,0.193827
35,1.495833,0.546381,0.319875,0.181593,0.181308
35,1.500000,0.546002,0.319806,0.181090,0.185575
35,1.504167,0.545551,0.319740,0.180579,0.185575
35,1.508333,0.545098,0.319672,0.180067,0.185575
35,1.512500,0.544643,0.319603,0.179554,0.185575
35,1.516667,0.544188,0.319533,0.179039,0.181308
35,1.520833,0.543732,0.319461,0.178523,0.185575
35,1.525000,0.543274,0.319388,0.178006,0.197823
35,1.529167,0.542816,0.319314,0.177488,0.193827
35,1.533333,0.542356,0.319238,0.176968,0.185575
35,1.537500,0.541827,0.319165,0.176442,0.189746
35,1.541667,0.541296,0.319091,0.175914,0.193827
35,1.545833,0.540765,0.319015,0.175385,0.197823
35,1.550000,0.540232,0.318938,0.174854,0.193827
35,1.554167,0.539699,0.318859,0.174322,0.185575
35,1.558333,0.539164,0.318780,0.173790,0.176939
35,1.562500,0.538628,0.318698,0.173256,0.181308
35,1.566667,0.538092,0.318615,0.172720,0.185575
35,1.570833,0.537492,0.318536,0.172180,0.193827
35,1.575000,0.536891,0.318455,0.171638,0.197823
35,1.579167,0.536290,0.318372,0.171095,0.185575
35,1.583333,0.535687,0.318288,0.170550,0.189746
35,1.587500,0.535084,0.318203,0.170005,0.193827
35,1.591667,0.534480,0.318116,0.169458,0.189746
35,1.595833,0.533874,0.318028,0.168910,0.185575
35,1.600000,0.533268,0.317938,0.168361,0.185575
35,1.604167,0.532609,0.317852,0.167809,0.185575
35,1.608333,0.531949,0.317765,0.167256,0.185575
35,1.612500,0.531288,0.317676,0.166701,0.189746
35,1.616667,0.530626,0.317586,0.166145,0.189746
35,1.620833,0.529964,0.317494,0.165588,0.189746
35,1.625000,0.529300,0.317400,0.165030,0.189746
35,1.629167,0.528636,0.317306,0.164470,0.197823
35,1.633333,0.527971,0.317210,0.163910,0.201741
35,1.637500,0.527267,0.317118,0.163349,0.185575
35,1.641667,0.526561,0.317024,0.162786,0.193827
35,1.645833,0.525855,0.316929,0.162223,0.201741
35,1.650000,0.525148,0.316833,0.161658,0.201741
35,1.654167,0.524440,0.316735,0.161092,0.201741
35,1.658333,0.523732,0.316636,0.160526,0.201741
35,1.662500,0.523023,0.316536,0.159958,0.197823
35,1.666667,0.522313,0.316434,0.159389,0.193827
35,1.670833,0.521579,0.316336,0.158841,0.185575
35,1.675000,0.520845,0.316238,0.158292,0.193827
35,1.679167,0.520110,0.316138,0.157742,0.185575
35,1.683333,0.519374,0.316036,0.157191,0.185575
35,1.687500,0.518638,0.315933,0.156639,0.201741
35,1.691667,0.517901,0.315829,0.156086,0.197823
35,1.695833,0.517164,0.315723,0.155531,0.185575
35,1.700000,0.516426,0.315616,0.154976,0.189746
35,1.704167,0.515683,0.315515,0.154449,0.193827
35,1.708333,0.514939,0.315411,0.153921,0.205584
35,1.712500,0.514195,0.315307,0.153392,0.209357
35,1.716667,0.513450,0.315201,0.152863,0.197823
35,1.720833,0.512705,0.315094,0.152332,0.193827
35,1.725000,0.511959,0.314986,0.151800,0.189746
35,1.729167,0.511213,0.314876,0.151267,0.193827
35,1.733333,0.510467,0.314765,0.150734,0.201741
35,1.737500,0.509735,0.314660,0.150200,0.185575
35,1.741667,0.509003,0.314553,0.149664,0.189746
35,1.745833,0.508271,0.314446,0.149128,0.197823
35,1.750000,0.507538,0.314337,0.148591,0.193827
35,1.754167,0.506805,0.314227,0.148054,0.189746
35,1.758333,0.506072,0.314115,0.147515,0.189746
35,1.762500,0.505338,0.314003,0.146976,0.197823
35,1.766667,0.504604,0.313889,0.146436,0.205584
35,1.770833,0.503897,0.313782,0.145899,0.193827
35,1.775000,0.503190,0.313674,0.145361,0.193827
35,1.779167,0.502484,0.313565,0.144824,0.197823
35,1.783333,0.501778,0.313457,0.144287,0.197823
35,1.787500,0.501074,0.313350,0.143751,0.193827
35,1.791667,0.500373,0.313244,0.143218,0.193827
35,1.795833,0.499675,0.313141,0.142688,0.189746
35,1.800000,0.498980,0.313039,0.142160,0.189746
35,1.804167,0.498318,0.312949,0.141641,0.185575
35,1.808333,0.497657,0.312859,0.141124,0.181308
35,1.812500,0.496998,0.312769,0.140608,0.189746
35,1.816667,0.496339,0.312680,0.140093,0.193827
35,1.820833,0.495681,0.312589,0.139577,0.189746
35,1.825000,0.495023,0.312498,0.139061,0.181308
35,1.829167,0.494364,0.312406,0.138545,0.189746
35,1.833333,0.493706,0.312313,0.138028,0.193827
35,1.837500,0.493078,0.312228,0.137521,0.176939
35,1.841667,0.492451,0.312142,0.137013,0.172459
35,1.845833,0.491823,0.312055,0.136505,0.181308
35,1.850000,0.491195,0.311967,0.135996,0.193827
35,1.854167,0.490567,0.311877,0.135487,0.176939
35,1.858333,0.489939,0.311787,0.134978,0.172459
35,1.862500,0.489311,0.311696,0.134469,0.172459
35,1.866667,0.488683,0.311604,0.133959,0.181308
35,1.870833,0.488087,0.311521,0.133461,0.176939
35,1.875000,0.487491,0.311436,0.132964,0.172459
35,1.879167,0.486895,0.311351,0.132466,0.167859
35,1.883333,0.486299,0.311264,0.131968,0.167859
35,1.887500,0.485703,0.311177,0.131469,0.167859
35,1.891667,0.485106,0.311088,0.130970,0.172459
35,1.895833,0.484509,0.310998,0.130470,0.167859
35,1.900000,0.483912,0.310907,0.129970,0.172459
35,1.904167,0.483349,0.310825,0.129486,0.163129
35,1.908333,0.482786,0.310743,0.129001,0.167859
35,1.912500,0.482223,0.310660,0.128517,0.172459
35,1.916667,0.481660,0.310575,0.128032,0.167859
35,1.920833,0.481097,0.310490,0.127547,0.167859
35,1.925000,0.480533,0.310404,0.127062,0.000000
35,1.929167,0.479970,0.310317,0.126576,0.172459
35,1.933333,0.479406,0.310228,0.126089,0.176939
35,1.937500,0.478877,0.310149,0.125622,0.167859
35,1.941667,0.478348,0.310069,0.125154,0.000000
35,1.945833,0.477818,0.309988,0.124686,0.000000
35,1.950000,0.477288,0.309906,0.124217,0.000000
35,1.954167,0.476759,0.309823,0.123749,0.000000
35,1.958333,0.476229,0.309740,0.123279,0.000000
35,1.962500,0.475699,0.309655,0.122810,0.000000
35,1.966667,0.475168,0.309569,0.122340,0.163129
35,1.970833,0.474675,0.309493,0.121892,0.000000
35,1.975000,0.474181,0.309417,0.121444,0.000000
35,1.979167,0.473686,0.309339,0.120995,0.000000
35,1.983333,0.473191,0.309260,0.120546,0.000000
35,1.987500,0.472697,0.309181,0.120097,0.000000
35,1.991667,0.472201,0.309100,0.119647,0.000000
35,1.995833,0.471706,0.309018,0.119197,0.000000
35,2.000000,0.471210,0.308936,0.118746,0.000000
35,2.004167,0.470752,0.308863,0.118320,0.000000
35,2.008333,0.470294,0.308790,0.117894,0.000000
35,2.012500,0.469835,0.308716,0.117468,0.000000
35,2.016667,0.469376,0.308641,0.117041,0.000000
35,2.020833,0.468916,0.308565,0.116613,0.000000
35,2.025000,0.468456,0.308488,0.116185,0.000000
35,2.029167,0.467996,0.308410,0.115757,0.000000
35,2.033333,0.467536,0.308331,0.115328,0.000000
35,2.037500,0.467114,0.308263,0.114928,0.000000
35,2.041667,0.466693,0.308194,0.114527,0.000000
35,2.045833,0.466270,0.308125,0.114125,0.000000
35,2.050000,0.465848,0.308054,0.113723,0.000000
35,2.054167,0.465425,0.307982,0.113321,0.000000
35,2.058333,0.465001,0.307909,0.112917,0.000000
35,2.062500,0.464577,0.307836,0.112514,0.000000
35,2.066667,0.464152,0.307761,0.112109,0.000000
35,2.070833,0.463768,0.307697,0.111736,0.000000
35,2.075000,0.463382,0.307633,0.111362,0.000000
35,2.079167,0.462996,0.307567,0.110987,0.000000
35,2.083333,0.462610,0.307500,0.110611,0.000000
35,2.087500,0.462222,0.307432,0.110234,0.000000
35,2.091667,0.461835,0.307363,0.109858,0.000000
35,2.095833,0.461447,0.307294,0.109481,0.000000
35,2.100000,0.461060,0.307225,0.109104,0.000000
35,2.104167,0.460714,0.307168,0.108762,0.000000
35,2.108333,0.460366,0.307110,0.108416,0.000000
35,2.112500,0.460014,0.307050,0.108067,0.000000
35,2.116667,0.459655,0.306988,0.107711,0.000000
35,2.120833,0.459289,0.306923,0.107347,0.000000
35,2.125000,0.458915,0.306855,0.106976,0.000000
35,2.129167,0.458533,0.306783,0.106596,0.000000
35,2.133333,0.458142,0.306709,0.106207,0.000000
35,2.137500,0.457786,0.306646,0.105847,0.000000
35,2.141667,0.457422,0.306579,0.105478,0.000000
35,2.145833,0.457049,0.306509,0.105101,0.000000
35,2.150000,0.456669,0.306436,0.104716,0.000000
35,2.154167,0.456282,0.306360,0.104323,0.000000
35,2.158333,0.455889,0.306282,0.103925,0.000000
35,2.162500,0.455490,0.306201,0.103521,0.000000
35,2.166667,0.455088,0.306117,0.103113,0.000000
35,2.170833,0.454723,0.306045,0.102739,0.000000
35,2.175000,0.454355,0.305970,0.102361,0.000000
35,2.179167,0.453985,0.305893,0.101981,0.000000
35,2.183333,0.453614,0.305814,0.101600,0.000000
35,2.187500,0.453243,0.305734,0.101220,0.000000
35,2.191667,0.452874,0.305653,0.100840,0.000000
35,2.195833,0.452506,0.305570,0.100463,0.000000
35,2.200000,0.452143,0.305487,0.100091,0.000000
35,2.204167,0.451819,0.305415,0.099756,0.000000
35,2.208333,0.451498,0.305342,0.099424,0.000000
35,2.212500,0.451182,0.305268,0.099098,0.000000
35,2.216667,0.450871,0.305193,0.098776,0.000000
35,2.220833,0.450565,0.305117,0.098461,0.000000
35,2.225000,0.450266,0.305040,0.098153,0.000000
35,2.229167,0.449974,0.304963,0.097852,0.000000
35,2.233333,0.449690,0.304886,0.097560,0.000000
35,2.237500,0.449441,0.304818,0.097308,0.000000
35,2.241667,0.449201,0.304751,0.097064,0.000000
35,2.245833,0.448968,0.304683,0.096828,0.000000
35,2.250000,0.448744,0.304617,0.096601,0.000000
35,2.254167,0.448529,0.304551,0.096383,0.000000
35,2.258333,0.448324,0.304487,0.096175,0.000000
35,2.262500,0.448129,0.304425,0.095978,0.000000
35,2.266667,0.447945,0.304366,0.095792,0.000000
35,2.270833,0.447790,0.304314,0.095640,0.000000
35,2.275000,0.447645,0.304266,0.095496,0.000000
35,2.279167,0.447509,0.304219,0.095361,0.000000
35,2.283333,0.447383,0.304176,0.095237,0.000000
35,2.287500,0.447267,0.304136,0.095122,0.000000
35,2.291667,0.447161,0.304100,0.095017,0.000000
35,2.295833,0.447065,0.304067,0.094921,0.000000
35,2.300000,0.446979,0.304037,0.094836,0.000000
35,2.304167,0.446911,0.304014,0.094769,0.000000
35,2.308333,0.446851,0.303994,0.094709,0.000000
35,2.312500,0.446799,0.303977,0.094656,0.000000
35,2.316667,0.446753,0.303962,0.094610,0.000000
35,2.320833,0.446713,0.303950,0.094570,0.000000
35,2.325000,0.446679,0.303940,0.094536,0.000000
35,2.329167,0.446651,0.303932,0.094507,0.000000
35,2.333333,0.446627,0.303926,0.094484,0.000000
35,2.337500,0.446612,0.303922,0.094468,0.000000
35,2.341667,0.446599,0.303920,0.094455,0.000000
35,2.345833,0.446588,0.303919,0.094445,0.000000
35,2.350000,0.446580,0.303918,0.094437,0.000000
35,2.354167,0.446574,0.303918,0.094431,0.000000
35,2.358333,0.446569,0.303919,0.094426,0.000000
35,2.362500,0.446566,0.303920,0.094423,0.000000
35,2.366667,0.446563,0.303921,0.094421,0.000000
35,2.370833,0.446562,0.303922,0.094420,0.000000
35,2.375000,0.446561,0.303924,0.094419,0.000000
35,2.379167,0.446560,0.303925,0.094419,0.000000
35,2.383333,0.446559,0.303927,0.094419,0.000000
35,2.387500,0.446559,0.303928,0.094419,0.000000
35,2.391667,0.446558,0.303930,0.094419,0.000000
35,2.395833,0.446557,0.303931,0.094419,0.000000
35,2.400000,0.446556,0.303933,0.094419,0.000000
