clip,time,pelvis,head,rightPalm,leftPalm,kneeX,kneeY,kneeZ,handX,handY,handZ
10,0.000000,0.532000,1.161927,0.533868,0.554681,-0.138008,0.338035,0.000000,-0.323704,0.687224,0.129837
10,0.004167,0.532000,1.161927,0.533832,0.554540,-0.138006,0.338047,0.000061,-0.323766,0.687126,0.129615
10,0.008333,0.532000,1.161927,0.533798,0.554436,-0.138006,0.338054,0.000098,-0.323812,0.687048,0.129456
10,0.012500,0.532000,1.161928,0.533763,0.554347,-0.138030,0.338060,0.000125,-0.323874,0.686977,0.129321
10,0.016667,0.532000,1.161928,0.533729,0.554250,-0.138053,0.338066,0.000157,-0.323940,0.686903,0.129174
10,0.020833,0.532000,1.161928,0.533694,0.554125,-0.138113,0.338077,0.000208,-0.324057,0.686814,0.128977
10,0.025000,0.532000,1.161929,0.533658,0.553949,-0.138170,0.338094,0.000293,-0.324195,0.686697,0.128692
10,0.029167,0.532000,1.161930,0.533622,0.553702,-0.138272,0.338120,0.000424,-0.324414,0.686542,0.128284
10,0.033333,0.532000,1.161932,0.533584,0.553363,-0.138369,0.338159,0.000616,-0.324672,0.686337,0.127714
10,0.037500,0.532000,1.161934,0.533525,0.552910,-0.138516,0.338210,0.000865,-0.325037,0.686057,0.126927
10,0.041667,0.532000,1.161936,0.533438,0.552357,-0.138659,0.338269,0.001156,-0.325449,0.685702,0.125935
10,0.045833,0.532000,1.161938,0.533341,0.551735,-0.138858,0.338337,0.001486,-0.325952,0.685301,0.124800
10,0.050000,0.532000,1.161941,0.533252,0.551075,-0.139052,0.338414,0.001853,-0.326471,0.684885,0.123583
10,0.054167,0.532000,1.161944,0.533188,0.550410,-0.139301,0.338498,0.002254,-0.327050,0.684481,0.122346
10,0.058333,0.532000,1.161947,0.533169,0.549768,-0.139547,0.338589,0.002688,-0.327617,0.684117,0.121153
10,0.062500,0.532000,1.161950,0.533215,0.549182,-0.139842,0.338688,0.003151,-0.328212,0.683821,0.120064
10,0.066667,0.532000,1.161954,0.533348,0.548681,-0.140135,0.338793,0.003642,-0.328769,0.683621,0.119144
10,0.070833,0.532000,1.161957,0.533559,0.548227,-0.140469,0.338909,0.004174,-0.329359,0.683487,0.118253
10,0.075000,0.532000,1.161960,0.533833,0.547783,-0.140797,0.339038,0.004756,-0.329958,0.683382,0.117271
10,0.079167,0.532000,1.161964,0.534178,0.547376,-0.141157,0.339176,0.005376,-0.330587,0.683326,0.116289
10,0.083333,0.532000,1.161967,0.534601,0.547034,-0.141514,0.339322,0.006024,-0.331194,0.683337,0.115397
10,0.087500,0.532000,1.161969,0.535109,0.546780,-0.141894,0.339474,0.006689,-0.331788,0.683430,0.114688
10,0.091667,0.532000,1.161971,0.535706,0.546635,-0.142273,0.339628,0.007360,-0.332330,0.683620,0.114254
10,0.095833,0.532000,1.161973,0.536397,0.546617,-0.142666,0.339783,0.008025,-0.332819,0.683919,0.114186
10,0.100000,0.532000,1.161973,0.537187,0.546745,-0.143061,0.339935,0.008675,-0.333230,0.684339,0.114578
10,0.104167,0.532000,1.161972,0.538124,0.547038,-0.143455,0.340088,0.009295,-0.333560,0.684913,0.115392
10,0.108333,0.532000,1.161971,0.539239,0.547497,-0.143847,0.340245,0.009891,-0.333825,0.685646,0.116524
10,0.112500,0.532000,1.161967,0.540507,0.548100,-0.144224,0.340405,0.010479,-0.334016,0.686512,0.117959
10,0.116667,0.532000,1.161963,0.541894,0.548822,-0.144602,0.340566,0.011074,-0.334155,0.687480,0.119683
10,0.120833,0.532000,1.161957,0.543362,0.549631,-0.144956,0.340726,0.011692,-0.334223,0.688514,0.121686
10,0.125000,0.532000,1.161949,0.544866,0.550493,-0.145314,0.340885,0.012349,-0.334252,0.689579,0.123958
10,0.129167,0.531995,1.161936,0.546352,0.551366,-0.145639,0.341036,0.013061,-0.334214,0.690630,0.126491
10,0.133333,0.531991,1.161921,0.547770,0.552214,-0.145970,0.341184,0.013843,-0.334152,0.691630,0.129280
10,0.137500,0.531975,1.161893,0.549173,0.553083,-0.146260,0.341318,0.014682,-0.333986,0.692630,0.132455
10,0.141667,0.531959,1.161864,0.550656,0.554048,-0.146552,0.341452,0.015556,-0.333737,0.693711,0.136075
10,0.145833,0.531923,1.161812,0.552162,0.555055,-0.146793,0.341566,0.016471,-0.333371,0.694820,0.140034
10,0.150000,0.531887,1.161759,0.553674,0.556090,-0.147039,0.341681,0.017431,-0.332960,0.695945,0.144226
10,0.154167,0.531823,1.161675,0.555120,0.557088,-0.147230,0.341768,0.018442,-0.332467,0.697020,0.148550
10,0.158333,0.531758,1.161590,0.556482,0.558038,-0.147425,0.341857,0.019508,-0.331972,0.698036,0.152904
10,0.162500,0.531657,1.161468,0.557675,0.558862,-0.147566,0.341912,0.020634,-0.331437,0.698915,0.157188
10,0.166667,0.531556,1.161345,0.558682,0.559554,-0.147712,0.341971,0.021825,-0.330946,0.699652,0.161305
10,0.170833,0.531412,1.161180,0.559451,0.560041,-0.147806,0.341991,0.023087,-0.330424,0.700173,0.165372
10,0.175000,0.531268,1.161014,0.560074,0.560406,-0.147906,0.342014,0.024421,-0.329889,0.700561,0.169535
10,0.179167,0.531076,1.160800,0.560538,0.560658,-0.147959,0.341995,0.025813,-0.329288,0.700829,0.173731
10,0.183333,0.530885,1.160585,0.560921,0.560896,-0.148017,0.341985,0.027258,-0.328675,0.701077,0.177905
10,0.187500,0.530642,1.160318,0.561199,0.561113,-0.148038,0.341934,0.028742,-0.328014,0.701300,0.181995
10,0.191667,0.530399,1.160050,0.561446,0.561394,-0.148061,0.341895,0.030261,-0.327355,0.701585,0.185952
10,0.195833,0.530100,1.159726,0.561624,0.561707,-0.148061,0.341814,0.031799,-0.326686,0.701902,0.189716
10,0.200000,0.529801,1.159401,0.561800,0.562126,-0.148063,0.341748,0.033355,-0.326047,0.702326,0.193248
10,0.204167,0.529441,1.159013,0.561854,0.562522,-0.148058,0.341635,0.034926,-0.325444,0.702727,0.196583
10,0.208333,0.529080,1.158624,0.561818,0.562903,-0.148054,0.341536,0.036531,-0.324879,0.703110,0.199798
10,0.212500,0.528652,1.158168,0.561668,0.563231,-0.148046,0.341385,0.038159,-0.324338,0.703439,0.202871
10,0.216667,0.528225,1.157711,0.561504,0.563600,-0.148041,0.341252,0.039819,-0.323820,0.703806,0.205804
10,0.220833,0.527726,1.157182,0.561282,0.563957,-0.148030,0.341065,0.041496,-0.323312,0.704161,0.208576
10,0.225000,0.527228,1.156652,0.561085,0.564392,-0.148021,0.340897,0.043202,-0.322817,0.704594,0.211192
10,0.229167,0.526655,1.156047,0.560845,0.564849,-0.148007,0.340674,0.044922,-0.322321,0.705050,0.213630
10,0.233333,0.526082,1.155440,0.560638,0.565422,-0.147996,0.340473,0.046667,-0.321830,0.705622,0.215895
10,0.237500,0.525430,1.154754,0.560356,0.566048,-0.147977,0.340216,0.048427,-0.321340,0.706248,0.217957
10,0.241667,0.524779,1.154067,0.560044,0.566794,-0.147960,0.339983,0.050218,-0.320874,0.706994,0.219830
10,0.245833,0.524046,1.153297,0.559614,0.567560,-0.147935,0.339691,0.052024,-0.320416,0.707760,0.221509
10,0.250000,0.523314,1.152527,0.559143,0.568412,-0.147912,0.339422,0.053855,-0.319972,0.708612,0.223017
10,0.254167,0.522497,1.151671,0.558547,0.569245,-0.147881,0.339093,0.055694,-0.319527,0.709445,0.224351
10,0.258333,0.521681,1.150813,0.557910,0.570121,-0.147852,0.338787,0.057551,-0.319089,0.710321,0.225540
10,0.262500,0.520777,1.149868,0.557149,0.570923,-0.147816,0.338418,0.059409,-0.318644,0.711123,0.226589
10,0.266667,0.519874,1.148922,0.556353,0.571705,-0.147783,0.338072,0.061279,-0.318203,0.711905,0.227538
10,0.270833,0.518883,1.147885,0.555450,0.572418,-0.147742,0.337661,0.063150,-0.317757,0.712618,0.228331
10,0.275000,0.517891,1.146847,0.554543,0.573210,-0.147704,0.337276,0.065040,-0.317318,0.713411,0.228938
10,0.279167,0.516808,1.145717,0.553551,0.573975,-0.147656,0.336827,0.066932,-0.316871,0.714176,0.229365
10,0.283333,0.515726,1.144585,0.552569,0.574782,-0.147612,0.336404,0.068840,-0.316424,0.714983,0.229654
10,0.287500,0.514552,1.143359,0.551504,0.575512,-0.147558,0.335915,0.070744,-0.315963,0.715712,0.229820
10,0.291667,0.513377,1.142131,0.550436,0.576224,-0.147508,0.335453,0.072659,-0.315501,0.716424,0.229912
10,0.295833,0.512110,1.140808,0.549253,0.576789,-0.147448,0.334923,0.074567,-0.315026,0.716989,0.229953
10,0.300000,0.510842,1.139482,0.548022,0.577260,-0.147393,0.334418,0.076482,-0.314553,0.717460,0.230000
10,0.304167,0.509480,1.138060,0.546644,0.577564,-0.147329,0.333846,0.078389,-0.314076,0.717764,0.230029
10,0.308333,0.508118,1.136636,0.545234,0.577837,-0.147268,0.333303,0.080308,-0.313610,0.718037,0.230023
10,0.312500,0.506661,1.135114,0.543699,0.577966,-0.147199,0.332694,0.082219,-0.313141,0.718166,0.229967
10,0.316667,0.505203,1.133589,0.542136,0.578030,-0.147133,0.332112,0.084139,-0.312675,0.718230,0.229882
10,0.320833,0.503651,1.131966,0.540451,0.577915,-0.147059,0.331464,0.086048,-0.312201,0.718115,0.229751
10,0.325000,0.502098,1.130339,0.538741,0.577699,-0.146987,0.330843,0.087961,-0.311725,0.717899,0.229597
10,0.329167,0.500450,1.128614,0.536910,0.577268,-0.146909,0.330155,0.089861,-0.311237,0.717468,0.229403
10,0.333333,0.498802,1.126885,0.535056,0.576700,-0.146833,0.329494,0.091762,-0.310744,0.716901,0.229190
10,0.337500,0.497058,1.125057,0.533077,0.575903,-0.146750,0.328767,0.093649,-0.310241,0.716103,0.228946
10,0.341667,0.495314,1.123225,0.531063,0.574985,-0.146670,0.328070,0.095541,-0.309744,0.715185,0.228693
10,0.345833,0.493475,1.121295,0.528920,0.573852,-0.146584,0.327307,0.097419,-0.309243,0.714052,0.228414
10,0.350000,0.491636,1.119360,0.526743,0.572597,-0.146500,0.326574,0.099299,-0.308746,0.712797,0.228125
10,0.354167,0.489702,1.117326,0.524441,0.571127,-0.146411,0.325777,0.101163,-0.308241,0.711327,0.227807
10,0.358333,0.487768,1.115288,0.522110,0.569537,-0.146324,0.325009,0.103025,-0.307736,0.709737,0.227475
10,0.362500,0.485740,1.113151,0.519657,0.567733,-0.146232,0.324175,0.104869,-0.307222,0.707933,0.227111
10,0.366667,0.483712,1.111010,0.517179,0.565811,-0.146141,0.323371,0.106710,-0.306703,0.706011,0.226728
10,0.370833,0.481591,1.108771,0.514578,0.563651,-0.146047,0.322503,0.108531,-0.306176,0.703851,0.226306
10,0.375000,0.479470,1.106527,0.511942,0.561333,-0.145955,0.321667,0.110351,-0.305649,0.701533,0.225862
10,0.379167,0.477257,1.104186,0.509180,0.558790,-0.145859,0.320769,0.112153,-0.305117,0.698990,0.225381
10,0.383333,0.475044,1.101840,0.506388,0.556139,-0.145766,0.319902,0.113950,-0.304582,0.696339,0.224880
10,0.387500,0.472741,1.099398,0.503474,0.553313,-0.145669,0.318975,0.115728,-0.304042,0.693513,0.224346
10,0.391667,0.470438,1.096951,0.500532,0.550427,-0.145575,0.318078,0.117499,-0.303500,0.690627,0.223795
10,0.395833,0.468046,1.094410,0.497473,0.547415,-0.145478,0.317122,0.119248,-0.302951,0.687615,0.223217
10,0.400000,0.465654,1.091863,0.494389,0.544389,-0.145382,0.316196,0.120988,-0.302399,0.684589,0.222629
10,0.404167,0.463175,1.089223,0.491187,0.541242,-0.145285,0.315213,0.122707,-0.301841,0.681442,0.222012
10,0.408333,0.460696,1.086577,0.487952,0.538034,-0.145189,0.314261,0.124418,-0.301280,0.678234,0.221371
10,0.412500,0.458132,1.083841,0.484599,0.534687,-0.145094,0.313255,0.126108,-0.300715,0.674887,0.220695
10,0.416667,0.455569,1.081098,0.481217,0.531295,-0.145000,0.312280,0.127788,-0.300145,0.671495,0.219998
10,0.420833,0.452922,1.078267,0.477724,0.527783,-0.144906,0.311253,0.129445,-0.299571,0.667983,0.219270
10,0.425000,0.450275,1.075429,0.474203,0.524240,-0.144813,0.310255,0.131091,-0.298993,0.664440,0.218527
10,0.429167,0.447548,1.072505,0.470578,0.520593,-0.144722,0.309208,0.132713,-0.298411,0.660793,0.217758
10,0.433333,0.444821,1.069574,0.466929,0.516929,-0.144630,0.308190,0.134322,-0.297825,0.657129,0.216979
10,0.437500,0.442016,1.066560,0.463174,0.513168,-0.144542,0.307123,0.135906,-0.297236,0.653368,0.216174
10,0.441667,0.439210,1.063539,0.459388,0.509380,-0.144453,0.306087,0.137477,-0.296642,0.649580,0.215348
10,0.445833,0.436330,1.060436,0.455498,0.505492,-0.144369,0.305006,0.139024,-0.296046,0.645692,0.214492
10,0.450000,0.433449,1.057326,0.451581,0.501578,-0.144284,0.303956,0.140557,-0.295443,0.641779,0.213618
10,0.454167,0.430496,1.054137,0.447566,0.497568,-0.144204,0.302864,0.142065,-0.294840,0.637768,0.212719
10,0.458333,0.427543,1.050942,0.443528,0.493533,-0.144123,0.301803,0.143559,-0.294231,0.633733,0.211805
10,0.462500,0.424521,1.047672,0.439400,0.489406,-0.144048,0.300703,0.145030,-0.293622,0.629606,0.210870
10,0.466667,0.421498,1.044395,0.435254,0.485253,-0.143972,0.299636,0.146485,-0.293007,0.625454,0.209925
10,0.470833,0.418409,1.041044,0.431017,0.481011,-0.143902,0.298525,0.147908,-0.292397,0.621211,0.208958
10,0.475000,0.415320,1.037687,0.426753,0.476745,-0.143831,0.297434,0.149304,-0.291787,0.616945,0.207973
10,0.479167,0.412167,1.034260,0.422401,0.472395,-0.143767,0.296306,0.150672,-0.291180,0.612595,0.206963
10,0.483333,0.409015,1.030826,0.418026,0.468023,-0.143702,0.295212,0.152026,-0.290564,0.608223,0.205937
10,0.487500,0.405803,1.027325,0.413571,0.463573,-0.143645,0.294098,0.153363,-0.289945,0.603773,0.204890
10,0.491667,0.402590,1.023817,0.409098,0.459103,-0.143588,0.293033,0.154697,-0.289309,0.599303,0.203829
10,0.495833,0.399321,1.020247,0.404554,0.454559,-0.143539,0.291968,0.156027,-0.288662,0.594759,0.202751
10,0.500000,0.396052,1.016670,0.399996,0.449996,-0.143490,0.290968,0.157364,-0.287991,0.590196,0.201664
10,0.504167,0.392731,1.013034,0.395368,0.445355,-0.143449,0.289964,0.158685,-0.287326,0.585555,0.200557
10,0.508333,0.389409,1.009390,0.390718,0.440687,-0.143405,0.288994,0.159986,-0.286668,0.580887,0.199432
10,0.512500,0.386037,1.005689,0.385998,0.435948,-0.143370,0.288021,0.161269,-0.286012,0.576148,0.198286
10,0.516667,0.382666,1.001981,0.381262,0.431195,-0.143333,0.287107,0.162545,-0.285332,0.571394,0.197127
10,0.520833,0.379249,0.998221,0.376466,0.426386,-0.143308,0.286218,0.163819,-0.284624,0.566586,0.195956
10,0.525000,0.375832,0.994454,0.371658,0.421572,-0.143282,0.285413,0.165100,-0.283860,0.561772,0.194781
10,0.529167,0.372374,0.990639,0.366800,0.416714,-0.143268,0.284666,0.166392,-0.283038,0.556914,0.193603
10,0.533333,0.368915,0.986817,0.361935,0.411857,-0.143254,0.284031,0.167701,-0.282131,0.552057,0.192433
10,0.537500,0.365418,0.982950,0.357020,0.406931,-0.143250,0.283458,0.169012,-0.281169,0.547131,0.191258
10,0.541667,0.361921,0.979075,0.352090,0.401957,-0.143241,0.282966,0.170312,-0.280161,0.542157,0.190071
10,0.545833,0.358391,0.975158,0.347113,0.396925,-0.143240,0.282530,0.171602,-0.279110,0.537125,0.188877
10,0.550000,0.354860,0.971233,0.342126,0.391892,-0.143237,0.282195,0.172884,-0.277998,0.532092,0.187688
10,0.554167,0.351299,0.967272,0.337101,0.386848,-0.143245,0.281939,0.174158,-0.276829,0.527047,0.186516
10,0.558333,0.347739,0.963303,0.332071,0.381841,-0.143254,0.281805,0.175426,-0.275584,0.522041,0.185373
10,0.562500,0.344152,0.959303,0.327013,0.376866,-0.143277,0.281775,0.176687,-0.274270,0.517066,0.184271
10,0.566667,0.340566,0.955296,0.321955,0.371968,-0.143302,0.281888,0.177938,-0.272869,0.512168,0.183223
10,0.570833,0.336957,0.951259,0.316872,0.367097,-0.143337,0.282122,0.179176,-0.271389,0.507297,0.182207
10,0.575000,0.333349,0.947215,0.311779,0.362244,-0.143363,0.282489,0.180387,-0.269823,0.502444,0.181202
10,0.579167,0.329723,0.943144,0.306664,0.357413,-0.143395,0.282971,0.181568,-0.268190,0.497613,0.180226
10,0.583333,0.326097,0.939067,0.301545,0.352642,-0.143423,0.283586,0.182707,-0.266485,0.492841,0.179289
10,0.587500,0.322457,0.934969,0.296412,0.347939,-0.143461,0.284319,0.183802,-0.264725,0.488138,0.178410
10,0.591667,0.318818,0.930865,0.291282,0.343343,-0.143499,0.285185,0.184841,-0.262906,0.483543,0.177599
10,0.595833,0.315169,0.926746,0.286147,0.338871,-0.143550,0.286173,0.185823,-0.261043,0.479071,0.176874
10,0.600000,0.311520,0.922622,0.281020,0.334561,-0.143604,0.287293,0.186735,-0.259128,0.474761,0.176243
10,0.604167,0.307866,0.918487,0.275890,0.330443,-0.143666,0.288566,0.187583,-0.257146,0.470644,0.175689
10,0.608333,0.304212,0.914345,0.270760,0.326540,-0.143716,0.290007,0.188357,-0.255069,0.466742,0.175176
10,0.612500,0.300557,0.910194,0.265630,0.322852,-0.143767,0.291596,0.189047,-0.252921,0.463055,0.174706
10,0.616667,0.296902,0.906037,0.260504,0.319375,-0.143811,0.293311,0.189633,-0.250707,0.459579,0.174270
10,0.620833,0.293251,0.901880,0.255390,0.316101,-0.143858,0.295135,0.190113,-0.248450,0.456305,0.173879
10,0.625000,0.289600,0.897718,0.250284,0.313007,-0.143903,0.297040,0.190468,-0.246156,0.453210,0.173531
10,0.629167,0.285956,0.893563,0.245199,0.310072,-0.143955,0.299014,0.190700,-0.243846,0.450274,0.173246
10,0.633333,0.282312,0.889407,0.240128,0.307256,-0.144010,0.301025,0.190795,-0.241523,0.447456,0.173029
10,0.637500,0.278680,0.885261,0.235078,0.304609,-0.144068,0.303140,0.190764,-0.239154,0.444809,0.172860
10,0.641667,0.275048,0.881111,0.230035,0.302181,-0.144115,0.305391,0.190596,-0.236706,0.442384,0.172692
10,0.645833,0.271432,0.876974,0.225017,0.299988,-0.144156,0.307749,0.190288,-0.234207,0.440195,0.172540
10,0.650000,0.267816,0.872836,0.220010,0.298011,-0.144186,0.310157,0.189825,-0.231679,0.438221,0.172401
10,0.654167,0.264220,0.868717,0.215038,0.296267,-0.144209,0.312591,0.189215,-0.229140,0.436479,0.172294
10,0.658333,0.260625,0.864600,0.210083,0.294734,-0.144226,0.314987,0.188450,-0.226605,0.434945,0.172217
10,0.662500,0.257053,0.860509,0.205171,0.293439,-0.144237,0.317326,0.187547,-0.224084,0.433646,0.172191
10,0.666667,0.253482,0.856422,0.200281,0.292365,-0.144247,0.319542,0.186503,-0.221581,0.432565,0.172209
10,0.670833,0.249938,0.852368,0.195435,0.291689,-0.144257,0.321727,0.185332,-0.219054,0.431883,0.172214
10,0.675000,0.246395,0.848315,0.190603,0.291495,-0.144263,0.323918,0.184012,-0.216475,0.431688,0.172117
10,0.679167,0.242884,0.844297,0.185819,0.291765,-0.144263,0.326105,0.182564,-0.213871,0.431961,0.171925
10,0.683333,0.239374,0.840282,0.181052,0.292400,-0.144253,0.328214,0.180985,-0.211265,0.432600,0.171634
10,0.687500,0.235899,0.836308,0.176343,0.293350,-0.144233,0.330239,0.179301,-0.208678,0.433555,0.171278
10,0.691667,0.232425,0.832339,0.171657,0.294480,-0.144203,0.332104,0.177519,-0.206123,0.434687,0.170877
10,0.695833,0.228991,0.828416,0.167037,0.295718,-0.144164,0.333809,0.175672,-0.203604,0.435924,0.170486
10,0.700000,0.225557,0.824500,0.162446,0.296900,-0.144118,0.335277,0.173772,-0.201112,0.437100,0.170140
10,0.704167,0.222167,0.820635,0.157921,0.298182,-0.144072,0.336587,0.171834,-0.198613,0.438375,0.169824
10,0.708333,0.218777,0.816775,0.153415,0.299730,-0.144030,0.337749,0.169837,-0.196098,0.439918,0.169429
10,0.712500,0.215435,0.812970,0.148978,0.301595,-0.143988,0.338801,0.167807,-0.193591,0.441782,0.168936
10,0.716667,0.212093,0.809171,0.144565,0.303709,-0.143944,0.339683,0.165744,-0.191118,0.443898,0.168319
10,0.720833,0.208802,0.805431,0.140229,0.306075,-0.143896,0.340436,0.163677,-0.188705,0.446268,0.167604
10,0.725000,0.205511,0.801700,0.135923,0.308564,-0.143841,0.340997,0.161606,-0.186369,0.448761,0.166803
10,0.729167,0.202276,0.798033,0.131703,0.311127,-0.143778,0.341412,0.159563,-0.184115,0.451326,0.165974
10,0.733333,0.199041,0.794375,0.127517,0.313581,-0.143706,0.341615,0.157548,-0.181938,0.453781,0.165153
10,0.737500,0.195864,0.790785,0.123417,0.315960,-0.143634,0.341660,0.155590,-0.179779,0.456159,0.164397
10,0.741667,0.192687,0.787204,0.119340,0.318293,-0.143571,0.341500,0.153676,-0.177609,0.458491,0.163669
10,0.745833,0.189572,0.783695,0.115352,0.320663,-0.143514,0.341215,0.151825,-0.175449,0.460861,0.162955
10,0.750000,0.186457,0.780195,0.111391,0.323018,-0.143461,0.340758,0.150019,-0.173328,0.463217,0.162217
10,0.754167,0.183408,0.776771,0.107526,0.325421,-0.143410,0.340210,0.148276,-0.171272,0.465623,0.161464
10,0.758333,0.180358,0.773357,0.103694,0.327795,-0.143358,0.339521,0.146575,-0.169305,0.467997,0.160675
10,0.762500,0.177377,0.770022,0.099966,0.330182,-0.143302,0.338774,0.144932,-0.167450,0.470384,0.159875
10,0.766667,0.174396,0.766699,0.096275,0.332481,-0.143240,0.337915,0.143327,-0.165726,0.472681,0.159056
10,0.770833,0.171486,0.763458,0.092688,0.334698,-0.143178,0.336985,0.141798,-0.164070,0.474895,0.158283
10,0.775000,0.168576,0.760229,0.089127,0.336735,-0.143122,0.335893,0.140347,-0.162417,0.476930,0.157566
10,0.779167,0.165740,0.757085,0.085671,0.338677,-0.143073,0.334736,0.138983,-0.160786,0.478871,0.156900
10,0.783333,0.162905,0.753954,0.082245,0.340461,-0.143029,0.333462,0.137677,-0.159195,0.480657,0.156252
10,0.787500,0.160146,0.750911,0.078929,0.342177,-0.142988,0.332168,0.136437,-0.157666,0.482375,0.155624
10,0.791667,0.157387,0.747879,0.075647,0.343758,-0.142949,0.330800,0.135233,-0.156222,0.483958,0.154988
10,0.795833,0.154708,0.744939,0.072482,0.345291,-0.142910,0.329457,0.134069,-0.154885,0.485492,0.154351
10,0.800000,0.152029,0.742010,0.069354,0.346706,-0.142868,0.328080,0.132917,-0.153677,0.486906,0.153687
10,0.804167,0.149432,0.739175,0.066343,0.348039,-0.142827,0.326724,0.131813,-0.152557,0.488237,0.153041
10,0.808333,0.146834,0.736353,0.063363,0.349169,-0.142789,0.325278,0.130764,-0.151473,0.489365,0.152421
10,0.812500,0.144321,0.733628,0.060499,0.350191,-0.142756,0.323841,0.129776,-0.150433,0.490387,0.151831
10,0.816667,0.141808,0.730915,0.057667,0.351035,-0.142726,0.322346,0.128824,-0.149447,0.491232,0.151245
10,0.820833,0.139381,0.728300,0.054954,0.351799,-0.142699,0.320894,0.127912,-0.148525,0.491997,0.150669
10,0.825000,0.136954,0.725696,0.052275,0.352412,-0.142673,0.319415,0.127012,-0.147677,0.492611,0.150079
10,0.829167,0.134615,0.723192,0.049717,0.352974,-0.142649,0.318012,0.126131,-0.146916,0.493174,0.149483
10,0.833333,0.132276,0.720698,0.047194,0.353411,-0.142625,0.316611,0.125240,-0.146251,0.493611,0.148854
10,0.837500,0.130027,0.718305,0.044796,0.353774,-0.142602,0.315289,0.124365,-0.145667,0.493973,0.148216
10,0.841667,0.127778,0.715926,0.042432,0.353939,-0.142581,0.313935,0.123508,-0.145137,0.494138,0.147562
10,0.845833,0.125620,0.713649,0.040193,0.354018,-0.142563,0.312647,0.122680,-0.144658,0.494216,0.146907
10,0.850000,0.123463,0.711385,0.037986,0.353939,-0.142546,0.311339,0.121861,-0.144230,0.494138,0.146236
10,0.854167,0.121397,0.709223,0.035901,0.353816,-0.142531,0.310111,0.121060,-0.143851,0.494015,0.145563
10,0.858333,0.119332,0.707070,0.033846,0.353578,-0.142518,0.308875,0.120260,-0.143520,0.493778,0.144874
10,0.862500,0.117360,0.705020,0.031914,0.353339,-0.142506,0.307730,0.119468,-0.143238,0.493540,0.144183
10,0.866667,0.115389,0.702978,0.030008,0.353028,-0.142494,0.306589,0.118666,-0.143005,0.493228,0.143478
10,0.870833,0.113512,0.701040,0.028229,0.352695,-0.142485,0.305545,0.117867,-0.142826,0.492895,0.142759
10,0.875000,0.111634,0.699113,0.026485,0.352206,-0.142478,0.304500,0.117063,-0.142699,0.492405,0.142006
10,0.879167,0.109852,0.697291,0.024868,0.351681,-0.142474,0.303545,0.116267,-0.142613,0.491880,0.141240
10,0.883333,0.108070,0.695478,0.023280,0.351052,-0.142469,0.302583,0.115471,-0.142556,0.491251,0.140456
10,0.887500,0.106384,0.693768,0.021814,0.350440,-0.142465,0.301708,0.114686,-0.142519,0.490640,0.139674
10,0.891667,0.104697,0.692066,0.020372,0.349777,-0.142460,0.300821,0.113906,-0.142494,0.489977,0.138892
10,0.895833,0.103106,0.690466,0.019046,0.349185,-0.142452,0.300017,0.113141,-0.142471,0.489385,0.138129
10,0.900000,0.101516,0.688872,0.017737,0.348594,-0.142442,0.299197,0.112384,-0.142442,0.488794,0.137385
10,0.904167,0.100020,0.687379,0.016549,0.348079,-0.142437,0.298465,0.111638,-0.142420,0.488279,0.136652
10,0.908333,0.098525,0.685893,0.015391,0.347511,-0.142441,0.297729,0.110886,-0.142413,0.487711,0.135904
10,0.912500,0.097125,0.684509,0.014355,0.346989,-0.142448,0.297080,0.110143,-0.142415,0.487189,0.135159
10,0.916667,0.095725,0.683132,0.013343,0.346426,-0.142452,0.296418,0.109407,-0.142419,0.486625,0.134417
10,0.920833,0.094420,0.681857,0.012444,0.345921,-0.142446,0.295833,0.108690,-0.142418,0.486121,0.133693
10,0.925000,0.093114,0.680589,0.011560,0.345387,-0.142425,0.295225,0.107992,-0.142405,0.485587,0.132989
10,0.929167,0.091903,0.679422,0.010781,0.344922,-0.142384,0.294682,0.107324,-0.142374,0.485122,0.132319
10,0.933333,0.090691,0.678262,0.010008,0.344439,-0.142316,0.294107,0.106687,-0.142316,0.484639,0.131687
10,0.937500,0.089572,0.677202,0.009341,0.344025,-0.142217,0.293595,0.106082,-0.142224,0.484225,0.131088
10,0.941667,0.088453,0.676149,0.008696,0.343579,-0.142090,0.293060,0.105499,-0.142099,0.483779,0.130507
10,0.945833,0.087425,0.675196,0.008160,0.343193,-0.141943,0.292594,0.104940,-0.141950,0.483394,0.129946
10,0.950000,0.086398,0.674249,0.007636,0.342779,-0.141784,0.292104,0.104403,-0.141787,0.482979,0.129405
10,0.954167,0.085459,0.673397,0.007208,0.342426,-0.141621,0.291679,0.103889,-0.141620,0.482626,0.128887
10,0.958333,0.084521,0.672553,0.006784,0.342047,-0.141462,0.291230,0.103396,-0.141458,0.482247,0.128392
10,0.962500,0.083670,0.671801,0.006443,0.341730,-0.141314,0.290843,0.102926,-0.141310,0.481930,0.127922
10,0.966667,0.082819,0.671054,0.006094,0.341388,-0.141184,0.290430,0.102477,-0.141184,0.481588,0.127478
10,0.970833,0.082053,0.670399,0.005831,0.341104,-0.141070,0.290075,0.102053,-0.141076,0.481303,0.127059
10,0.975000,0.081287,0.669751,0.005576,0.340788,-0.140963,0.289694,0.101655,-0.140971,0.480987,0.126662
10,0.979167,0.080604,0.669192,0.005408,0.340525,-0.140862,0.289370,0.101280,-0.140870,0.480725,0.126287
10,0.983333,0.079920,0.668639,0.005236,0.340235,-0.140767,0.289023,0.100928,-0.140773,0.480435,0.125934
10,0.987500,0.079316,0.668169,0.005136,0.339999,-0.140678,0.288734,0.100597,-0.140681,0.480199,0.125600
10,0.991667,0.078712,0.667704,0.005020,0.339741,-0.140594,0.288425,0.100286,-0.140595,0.479941,0.125286
10,0.995833,0.078184,0.667318,0.004960,0.339539,-0.140515,0.288174,0.099992,-0.140514,0.479739,0.124992
10,1.000000,0.077656,0.666935,0.004873,0.339319,-0.140440,0.287906,0.099716,-0.140440,0.479519,0.124716
10,1.004167,0.077201,0.666628,0.004835,0.339149,-0.140371,0.287692,0.099459,-0.140373,0.479349,0.124461
10,1.008333,0.076745,0.666325,0.004782,0.338954,-0.140308,0.287456,0.099224,-0.140311,0.479154,0.124228
10,1.012500,0.076359,0.666095,0.004780,0.338803,-0.140250,0.287268,0.099011,-0.140254,0.479003,0.124015
10,1.016667,0.075972,0.665869,0.004758,0.338631,-0.140198,0.287062,0.098817,-0.140201,0.478831,0.123820
10,1.020833,0.075649,0.665709,0.004778,0.338504,-0.140150,0.286904,0.098639,-0.140153,0.478705,0.123642
10,1.025000,0.075326,0.665551,0.004773,0.338361,-0.140106,0.286732,0.098477,-0.140108,0.478561,0.123479
10,1.029167,0.075063,0.665455,0.004801,0.338262,-0.140065,0.286607,0.098328,-0.140067,0.478462,0.123328
10,1.033333,0.074800,0.665358,0.004800,0.338150,-0.140028,0.286471,0.098189,-0.140028,0.478350,0.123189
10,1.037500,0.074591,0.665318,0.004820,0.338076,-0.139995,0.286376,0.098066,-0.139995,0.478276,0.123066
10,1.041667,0.074383,0.665279,0.004806,0.337983,-0.139966,0.286264,0.097961,-0.139966,0.478183,0.122962
10,1.045833,0.074223,0.665291,0.004812,0.337920,-0.139943,0.286185,0.097873,-0.139943,0.478120,0.122873
10,1.050000,0.074063,0.665305,0.004793,0.337843,-0.139922,0.286094,0.097798,-0.139923,0.478043,0.122799
10,1.054167,0.073947,0.665363,0.004797,0.337797,-0.139905,0.286036,0.097734,-0.139906,0.477997,0.122735
10,1.058333,0.073830,0.665423,0.004784,0.337741,-0.139890,0.285970,0.097679,-0.139892,0.477941,0.122681
10,1.062500,0.073751,0.665521,0.004796,0.337714,-0.139877,0.285935,0.097631,-0.139878,0.477914,0.122632
10,1.066667,0.073671,0.665620,0.004800,0.337683,-0.139865,0.285896,0.097586,-0.139865,0.477883,0.122587
10,1.070833,0.073622,0.665750,0.004819,0.337675,-0.139855,0.285882,0.097549,-0.139854,0.477875,0.122549
10,1.075000,0.073573,0.665880,0.004815,0.337656,-0.139848,0.285857,0.097522,-0.139847,0.477856,0.122522
10,1.079167,0.073548,0.666033,0.004818,0.337650,-0.139843,0.285847,0.097505,-0.139842,0.477850,0.122505
10,1.083333,0.073522,0.666188,0.004807,0.337636,-0.139841,0.285831,0.097495,-0.139840,0.477836,0.122496
10,1.087500,0.073512,0.666362,0.004803,0.337632,-0.139840,0.285825,0.097491,-0.139839,0.477832,0.122492
10,1.091667,0.073503,0.666538,0.004795,0.337623,-0.139840,0.285816,0.097490,-0.139839,0.477823,0.122492
10,1.095833,0.073501,0.666727,0.004795,0.337619,-0.139840,0.285812,0.097492,-0.139840,0.477819,0.122494
10,1.100000,0.073500,0.666921,0.004800,0.337612,-0.139840,0.285809,0.097495,-0.139840,0.477812,0.122495
10,1.104167,0.073500,0.667117,0.004808,0.337628,-0.139840,0.285809,0.097494,-0.139837,0.477828,0.122496
10,1.108333,0.073500,0.667313,0.004812,0.337674,-0.139841,0.285813,0.097490,-0.139829,0.477874,0.122498
10,1.112500,0.073500,0.667511,0.004813,0.337729,-0.139842,0.285816,0.097486,-0.139820,0.477928,0.122501
10,1.116667,0.073500,0.667713,0.004812,0.337772,-0.139844,0.285815,0.097487,-0.139813,0.477972,0.122508
10,1.120833,0.073500,0.667921,0.004809,0.337785,-0.139847,0.285806,0.097498,-0.139813,0.477985,0.122521
10,1.125000,0.073500,0.668137,0.004806,0.337746,-0.139851,0.285785,0.097521,-0.139822,0.477946,0.122542
10,1.129167,0.073500,0.668365,0.004802,0.337637,-0.139859,0.285748,0.097562,-0.139848,0.477837,0.122574
10,1.133333,0.073500,0.668605,0.004800,0.337437,-0.139868,0.285691,0.097624,-0.139894,0.477637,0.122619
10,1.137500,0.073500,0.668855,0.004795,0.337196,-0.139883,0.285624,0.097699,-0.139961,0.477396,0.122679
10,1.141667,0.073500,0.669109,0.004787,0.336954,-0.139898,0.285552,0.097779,-0.140043,0.477154,0.122752
10,1.145833,0.073500,0.669371,0.004776,0.336680,-0.139921,0.285471,0.097869,-0.140147,0.476880,0.122838
10,1.150000,0.073500,0.669642,0.004767,0.336340,-0.139944,0.285375,0.097975,-0.140268,0.476539,0.122935
10,1.154167,0.073500,0.669925,0.004762,0.335901,-0.139976,0.285258,0.098104,-0.140417,0.476100,0.123046
10,1.158333,0.073500,0.670222,0.004764,0.335331,-0.140009,0.285115,0.098262,-0.140590,0.475530,0.123170
10,1.162500,0.073500,0.670534,0.004775,0.334598,-0.140051,0.284942,0.098454,-0.140800,0.474797,0.123309
10,1.166667,0.073500,0.670865,0.004800,0.333669,-0.140095,0.284731,0.098686,-0.141044,0.473869,0.123464
10,1.170833,0.073500,0.671210,0.004810,0.332579,-0.140149,0.284490,0.098952,-0.141348,0.472780,0.123646
10,1.175000,0.073500,0.671567,0.004791,0.331378,-0.140204,0.284226,0.099242,-0.141710,0.471578,0.123860
10,1.179167,0.073500,0.671938,0.004768,0.330052,-0.140270,0.283936,0.099559,-0.142134,0.470252,0.124101
10,1.183333,0.073500,0.672321,0.004762,0.328589,-0.140337,0.283617,0.099907,-0.142606,0.468789,0.124368
10,1.187500,0.073500,0.672718,0.004797,0.326977,-0.140416,0.283265,0.100290,-0.143131,0.467176,0.124659
10,1.191667,0.073500,0.673130,0.004895,0.325202,-0.140494,0.282876,0.100711,-0.143692,0.465402,0.124970
10,1.195833,0.073500,0.673557,0.005076,0.323252,-0.140584,0.282448,0.101173,-0.144294,0.463451,0.125300
10,1.200000,0.073500,0.673999,0.005362,0.321113,-0.140674,0.281975,0.101679,-0.144920,0.461313,0.125648
10,1.204167,0.073500,0.674456,0.005725,0.318787,-0.140775,0.281460,0.102228,-0.145608,0.458987,0.126021
10,1.208333,0.073500,0.674927,0.006134,0.316294,-0.140875,0.280904,0.102817,-0.146375,0.456494,0.126430
10,1.212500,0.073500,0.675411,0.006600,0.313644,-0.140986,0.280309,0.103443,-0.147224,0.453843,0.126871
10,1.216667,0.073500,0.675907,0.007140,0.310845,-0.141095,0.279674,0.104107,-0.148138,0.451044,0.127341
10,1.220833,0.073500,0.676415,0.007766,0.307908,-0.141215,0.279000,0.104805,-0.149120,0.448106,0.127840
10,1.225000,0.073500,0.676933,0.008494,0.304839,-0.141332,0.278287,0.105538,-0.150146,0.445037,0.128365
10,1.229167,0.073500,0.677463,0.009338,0.301647,-0.141459,0.277535,0.106304,-0.151216,0.441846,0.128912
10,1.233333,0.073500,0.678001,0.010314,0.298338,-0.141583,0.276746,0.107102,-0.152307,0.438538,0.129481
10,1.237500,0.073500,0.678551,0.011428,0.294884,-0.141717,0.275897,0.107951,-0.153452,0.435084,0.130077
10,1.241667,0.073500,0.679111,0.012670,0.291273,-0.141850,0.274980,0.108859,-0.154673,0.431472,0.130700
10,1.245833,0.073500,0.679680,0.014034,0.287540,-0.141991,0.274011,0.109808,-0.155973,0.427738,0.131345
10,1.250000,0.073500,0.680257,0.015517,0.283717,-0.142126,0.273005,0.110782,-0.157335,0.423913,0.132007
10,1.254167,0.073500,0.680840,0.017113,0.279836,-0.142265,0.271978,0.111765,-0.158758,0.420031,0.132681
10,1.258333,0.073500,0.681428,0.018818,0.275926,-0.142395,0.270949,0.112739,-0.160221,0.416123,0.133362
10,1.262500,0.073500,0.682019,0.020627,0.272018,-0.142525,0.269933,0.113691,-0.161721,0.412216,0.134047
10,1.266667,0.073500,0.682612,0.022536,0.268140,-0.142644,0.268948,0.114603,-0.163235,0.408340,0.134734
10,1.270833,0.073500,0.683208,0.024574,0.264286,-0.142758,0.267996,0.115476,-0.164794,0.404487,0.135399
10,1.275000,0.073500,0.683810,0.026766,0.260440,-0.142859,0.267062,0.116326,-0.166415,0.400641,0.136021
10,1.279167,0.073500,0.684414,0.029100,0.256613,-0.142959,0.266138,0.117158,-0.168096,0.396814,0.136609
10,1.283333,0.073500,0.685020,0.031560,0.252814,-0.143051,0.265215,0.117982,-0.169816,0.393014,0.137177
10,1.287500,0.073500,0.685624,0.034133,0.249050,-0.143146,0.264285,0.118803,-0.171574,0.389249,0.137741
10,1.291667,0.073500,0.686226,0.036803,0.245325,-0.143238,0.263339,0.119630,-0.173351,0.385523,0.138322
10,1.295833,0.073500,0.686823,0.039552,0.241641,-0.143338,0.262369,0.120468,-0.175144,0.381840,0.138946
10,1.300000,0.073500,0.687414,0.042363,0.238000,-0.143440,0.261365,0.121325,-0.176938,0.378200,0.139641
10,1.304167,0.073500,0.688001,0.045270,0.234379,-0.143550,0.260326,0.122200,-0.178761,0.374580,0.140404
10,1.308333,0.073500,0.688586,0.048306,0.230789,-0.143656,0.259262,0.123087,-0.180631,0.370990,0.141195
10,1.312500,0.073500,0.689167,0.051459,0.227273,-0.143766,0.258175,0.123981,-0.182554,0.367473,0.141995
10,1.316667,0.073500,0.689743,0.054713,0.223868,-0.143873,0.257069,0.124880,-0.184518,0.364067,0.142788
10,1.320833,0.073500,0.690310,0.058048,0.220600,-0.143983,0.255948,0.125780,-0.186515,0.360798,0.143565
10,1.325000,0.073500,0.690868,0.061447,0.217486,-0.144091,0.254816,0.126677,-0.188527,0.357684,0.144325
10,1.329167,0.073500,0.691414,0.064891,0.214534,-0.144202,0.253677,0.127568,-0.190539,0.354733,0.145075
10,1.333333,0.073500,0.691948,0.068360,0.211745,-0.144312,0.252534,0.128450,-0.192528,0.351945,0.145832
10,1.337500,0.073500,0.692471,0.071880,0.209050,-0.144424,0.251382,0.129329,-0.194497,0.349251,0.146652
10,1.341667,0.073500,0.692987,0.075485,0.206417,-0.144535,0.250213,0.130208,-0.196462,0.346617,0.147552
10,1.345833,0.073500,0.693492,0.079160,0.203890,-0.144646,0.249032,0.131085,-0.198432,0.344089,0.148499
10,1.350000,0.073500,0.693987,0.082890,0.201507,-0.144755,0.247841,0.131957,-0.200405,0.341704,0.149464
10,1.354167,0.073500,0.694468,0.086657,0.199298,-0.144864,0.246646,0.132822,-0.202377,0.339494,0.150418
10,1.358333,0.073500,0.694935,0.090444,0.197287,-0.144972,0.245449,0.133675,-0.204338,0.337483,0.151338
10,1.362500,0.073500,0.695387,0.094233,0.195491,-0.145080,0.244256,0.134515,-0.206276,0.335687,0.152206
10,1.366667,0.073500,0.695822,0.098004,0.193918,-0.145188,0.243069,0.135338,-0.208173,0.334118,0.153008
10,1.370833,0.073500,0.696243,0.101780,0.192504,-0.145296,0.241878,0.136154,-0.210024,0.332708,0.153825
10,1.375000,0.073500,0.696652,0.105587,0.191191,-0.145403,0.240673,0.136968,-0.211839,0.331395,0.154731
10,1.379167,0.073500,0.697048,0.109413,0.189992,-0.145508,0.239463,0.137775,-0.213619,0.330197,0.155702
10,1.383333,0.073500,0.697429,0.113243,0.188926,-0.145613,0.238257,0.138568,-0.215365,0.329129,0.156712
10,1.387500,0.073500,0.697796,0.117062,0.188007,-0.145715,0.237063,0.139343,-0.217073,0.328207,0.157733
10,1.391667,0.073500,0.698147,0.120857,0.187248,-0.145817,0.235889,0.140094,-0.218740,0.327447,0.158732
10,1.395833,0.073500,0.698482,0.124609,0.186664,-0.145915,0.234746,0.140816,-0.220355,0.326862,0.159679
10,1.400000,0.073500,0.698800,0.128304,0.186265,-0.146013,0.233642,0.141505,-0.221911,0.326465,0.160539
10,1.404167,0.073500,0.699103,0.131956,0.186034,-0.146108,0.232566,0.142168,-0.223402,0.326237,0.161367
10,1.408333,0.073500,0.699393,0.135587,0.185937,-0.146205,0.231505,0.142814,-0.224838,0.326141,0.162234
10,1.412500,0.073500,0.699670,0.139187,0.185962,-0.146298,0.230466,0.143439,-0.226214,0.326166,0.163130
10,1.416667,0.073500,0.699932,0.142744,0.186100,-0.146392,0.229455,0.144041,-0.227535,0.326303,0.164040
10,1.420833,0.073500,0.700181,0.146248,0.186342,-0.146480,0.228478,0.144615,-0.228795,0.326543,0.164949
10,1.425000,0.073500,0.700415,0.149687,0.186679,-0.146571,0.227541,0.145160,-0.229998,0.326879,0.165839
10,1.429167,0.073500,0.700636,0.153049,0.187104,-0.146655,0.226651,0.145673,-0.231136,0.327303,0.166689
10,1.433333,0.073500,0.700841,0.156322,0.187609,-0.146740,0.225814,0.146150,-0.232212,0.327809,0.167478
10,1.437500,0.073500,0.701034,0.159513,0.188212,-0.146820,0.225033,0.146592,-0.233213,0.328413,0.168230
10,1.441667,0.073500,0.701216,0.162637,0.188921,-0.146902,0.224302,0.147002,-0.234148,0.329123,0.168980
10,1.445833,0.073500,0.701386,0.165687,0.189716,-0.146979,0.223619,0.147382,-0.235010,0.329918,0.169724
10,1.450000,0.073500,0.701545,0.168658,0.190577,-0.147058,0.222978,0.147736,-0.235812,0.330779,0.170454
10,1.454167,0.073500,0.701693,0.171543,0.191485,-0.147131,0.222376,0.148067,-0.236548,0.331686,0.171165
10,1.458333,0.073500,0.701830,0.174335,0.192421,-0.147207,0.221809,0.148376,-0.237232,0.332621,0.171849
10,1.462500,0.073500,0.701957,0.177029,0.193365,-0.147274,0.221274,0.148666,-0.237855,0.333565,0.172498
10,1.466667,0.073500,0.702074,0.179616,0.194300,-0.147344,0.220765,0.148940,-0.238431,0.334500,0.173106
10,1.470833,0.073500,0.702181,0.182097,0.195248,-0.147406,0.220287,0.149196,-0.238939,0.335448,0.173680
10,1.475000,0.073500,0.702280,0.184477,0.196233,-0.147472,0.219845,0.149432,-0.239383,0.336434,0.174236
10,1.479167,0.073500,0.702371,0.186754,0.197243,-0.147530,0.219439,0.149648,-0.239758,0.337443,0.174769
10,1.483333,0.073500,0.702454,0.188930,0.198260,-0.147591,0.219066,0.149845,-0.240083,0.338460,0.175278
10,1.487500,0.073500,0.702530,0.191002,0.199270,-0.147643,0.218726,0.150024,-0.240353,0.339471,0.175760
10,1.491667,0.073500,0.702600,0.192972,0.200260,-0.147699,0.218417,0.150187,-0.240589,0.340460,0.176212
10,1.495833,0.073500,0.702663,0.194838,0.201214,-0.147746,0.218138,0.150333,-0.240784,0.341414,0.176632
10,1.500000,0.073500,0.702720,0.196599,0.202118,-0.147796,0.217887,0.150464,-0.240960,0.342318,0.177018
10,1.504167,0.073500,0.702772,0.198247,0.202984,-0.147837,0.217674,0.150576,-0.241088,0.343184,0.177372
10,1.508333,0.073500,0.702818,0.199776,0.203831,-0.147882,0.217502,0.150667,-0.241167,0.344031,0.177699
10,1.512500,0.073500,0.702859,0.201193,0.204652,-0.147918,0.217365,0.150738,-0.241196,0.344853,0.178000
10,1.516667,0.073500,0.702896,0.202504,0.205442,-0.147958,0.217257,0.150795,-0.241196,0.345642,0.178275
10,1.520833,0.073500,0.702930,0.203715,0.206194,-0.147989,0.217172,0.150841,-0.241163,0.346394,0.178527
10,1.525000,0.073500,0.702959,0.204832,0.206902,-0.148023,0.217103,0.150878,-0.241120,0.347102,0.178755
10,1.529167,0.073500,0.702986,0.205862,0.207561,-0.148048,0.217042,0.150911,-0.241064,0.347760,0.178960
10,1.533333,0.073500,0.703009,0.206812,0.208164,-0.148076,0.216985,0.150941,-0.241016,0.348364,0.179145
10,1.537500,0.073500,0.703030,0.207660,0.208711,-0.148096,0.216940,0.150966,-0.240951,0.348911,0.179304
10,1.541667,0.073500,0.703047,0.208392,0.209206,-0.148120,0.216916,0.150979,-0.240866,0.349406,0.179439
10,1.545833,0.073500,0.703062,0.209022,0.209653,-0.148136,0.216910,0.150984,-0.240758,0.349853,0.179551
10,1.550000,0.073500,0.703075,0.209563,0.210054,-0.148155,0.216916,0.150982,-0.240645,0.350254,0.179645
10,1.554167,0.073500,0.703085,0.210029,0.210411,-0.148168,0.216929,0.150976,-0.240524,0.350611,0.179724
10,1.558333,0.073500,0.703094,0.210434,0.210728,-0.148182,0.216944,0.150970,-0.240413,0.350928,0.179791
10,1.562500,0.073500,0.703102,0.210792,0.211007,-0.148190,0.216956,0.150964,-0.240311,0.351207,0.179850
10,1.566667,0.073500,0.703109,0.211116,0.211251,-0.148198,0.216960,0.150963,-0.240233,0.351451,0.179903
10,1.570833,0.073500,0.703115,0.211376,0.211442,-0.148202,0.216959,0.150964,-0.240174,0.351642,0.179945
10,1.575000,0.073500,0.703118,0.211543,0.211568,-0.148208,0.216958,0.150965,-0.240134,0.351768,0.179971
10,1.579167,0.073500,0.703120,0.211639,0.211644,-0.148212,0.216959,0.150965,-0.240104,0.351844,0.179985
10,1.583333,0.073500,0.703121,0.211685,0.211685,-0.148216,0.216959,0.150964,-0.240084,0.351885,0.179990
10,1.587500,0.073500,0.703122,0.211703,0.211706,-0.148218,0.216960,0.150964,-0.240067,0.351906,0.179991
10,1.591667,0.073500,0.703122,0.211714,0.211722,-0.148220,0.216961,0.150964,-0.240050,0.351923,0.179990
10,1.595833,0.073500,0.703123,0.211739,0.211749,-0.148220,0.216962,0.150963,-0.240029,0.351949,0.179992
10,1.600000,0.073500,0.703124,0.211800,0.211800,-0.148218,0.216962,0.150963,-0.240000,0.352000,0.180000
11,0.000000,0.073500,0.703124,0.211800,0.211800,-0.148218,0.216962,0.150963,-0.240000,0.352000,0.180000
11,0.004167,0.073500,0.703122,0.211658,0.211658,-0.148223,0.216942,0.150971,-0.240012,0.351858,0.179963
11,0.008333,0.073500,0.703120,0.211591,0.211589,-0.148225,0.216933,0.150973,-0.240018,0.351789,0.179939
11,0.012500,0.073500,0.703120,0.211552,0.211550,-0.148220,0.216928,0.150962,-0.240015,0.351750,0.179909
11,0.016667,0.073500,0.703119,0.211499,0.211496,-0.148214,0.216921,0.150953,-0.240013,0.351696,0.179876
11,0.020833,0.073500,0.703117,0.211387,0.211383,-0.148199,0.216905,0.150926,-0.240003,0.351583,0.179811
11,0.025000,0.073500,0.703113,0.211172,0.211168,-0.148188,0.216873,0.150906,-0.240001,0.351368,0.179726
11,0.029167,0.073500,0.703106,0.210810,0.210808,-0.148167,0.216820,0.150867,-0.239993,0.351008,0.179584
11,0.033333,0.073500,0.703095,0.210258,0.210258,-0.148154,0.216738,0.150842,-0.240000,0.350458,0.179404
11,0.037500,0.073500,0.703081,0.209561,0.209537,-0.148126,0.216633,0.150791,-0.240021,0.349737,0.179146
11,0.041667,0.073500,0.703065,0.208782,0.208695,-0.148103,0.216513,0.150747,-0.240081,0.348895,0.178852
11,0.045833,0.073500,0.703046,0.207901,0.207736,-0.148061,0.216377,0.150667,-0.240140,0.347936,0.178482
11,0.050000,0.073500,0.703024,0.206898,0.206663,-0.148024,0.216222,0.150597,-0.240203,0.346863,0.178082
11,0.054167,0.073500,0.702997,0.205753,0.205478,-0.147967,0.216048,0.150487,-0.240227,0.345678,0.177606
11,0.058333,0.073500,0.702965,0.204447,0.204186,-0.147917,0.215851,0.150388,-0.240219,0.344386,0.177104
11,0.062500,0.073500,0.702925,0.202959,0.202788,-0.147848,0.215631,0.150248,-0.240134,0.342988,0.176528
11,0.066667,0.073500,0.702878,0.201271,0.201289,-0.147786,0.215384,0.150121,-0.239981,0.341489,0.175931
11,0.070833,0.073500,0.702822,0.199398,0.199609,-0.147705,0.215088,0.149962,-0.239784,0.339809,0.175236
11,0.075000,0.073500,0.702758,0.197369,0.197714,-0.147632,0.214734,0.149831,-0.239611,0.337914,0.174478
11,0.079167,0.073500,0.702685,0.195182,0.195670,-0.147538,0.214342,0.149661,-0.239398,0.335871,0.173610
11,0.083333,0.073500,0.702601,0.192834,0.193547,-0.147452,0.213934,0.149498,-0.239135,0.333748,0.172697
11,0.087500,0.073506,0.702511,0.190330,0.191416,-0.147345,0.213538,0.149274,-0.238760,0.331617,0.171698
11,0.091667,0.073512,0.702407,0.187661,0.189337,-0.147245,0.213168,0.149036,-0.238263,0.329538,0.170687
11,0.095833,0.073534,0.702305,0.184840,0.187393,-0.147126,0.212863,0.148717,-0.237580,0.327594,0.169628
11,0.100000,0.073555,0.702188,0.181847,0.185635,-0.147012,0.212628,0.148364,-0.236699,0.325835,0.168599
11,0.104167,0.073602,0.702076,0.178694,0.183995,-0.146882,0.212452,0.147940,-0.235613,0.324195,0.167480
11,0.108333,0.073649,0.701945,0.175359,0.182349,-0.146759,0.212272,0.147515,-0.234385,0.322552,0.166277
11,0.112500,0.073726,0.701825,0.171888,0.180784,-0.146622,0.212144,0.147028,-0.232998,0.320991,0.164986
11,0.116667,0.073804,0.701682,0.168268,0.179325,-0.146491,0.212057,0.146520,-0.231476,0.319536,0.163704
11,0.120833,0.073916,0.701551,0.164548,0.178064,-0.146348,0.212069,0.145931,-0.229803,0.318277,0.162426
11,0.125000,0.074028,0.701396,0.160707,0.177026,-0.146209,0.212167,0.145300,-0.227998,0.317238,0.161240
11,0.129167,0.074177,0.701253,0.156796,0.176311,-0.146059,0.212410,0.144572,-0.226046,0.316519,0.160131
11,0.133333,0.074326,0.701084,0.152789,0.175954,-0.145912,0.212783,0.143781,-0.223957,0.316154,0.159170
11,0.137500,0.074511,0.700923,0.148683,0.176067,-0.145756,0.213311,0.142890,-0.221657,0.316264,0.158115
11,0.141667,0.074696,0.700728,0.144415,0.176617,-0.145604,0.213931,0.141953,-0.219145,0.316819,0.156872
11,0.145833,0.074916,0.700536,0.140054,0.177607,-0.145446,0.214679,0.140932,-0.216474,0.317818,0.155499
11,0.150000,0.075136,0.700310,0.135594,0.178965,-0.145291,0.215520,0.139864,-0.213707,0.319185,0.154127
11,0.154167,0.075388,0.700083,0.131097,0.180686,-0.145134,0.216486,0.138713,-0.210876,0.320911,0.152808
11,0.158333,0.075640,0.699823,0.126560,0.182698,-0.144979,0.217544,0.137513,-0.208011,0.322922,0.151656
11,0.162500,0.075920,0.699559,0.122038,0.184992,-0.144825,0.218723,0.136234,-0.205116,0.325208,0.150708
11,0.166667,0.076200,0.699263,0.117527,0.187505,-0.144672,0.219994,0.134903,-0.202184,0.327705,0.150047
11,0.170833,0.076503,0.698954,0.112995,0.190448,-0.144522,0.221418,0.133475,-0.199125,0.330631,0.149504
11,0.175000,0.076806,0.698603,0.108374,0.194037,-0.144372,0.222987,0.131964,-0.195895,0.334213,0.148843
11,0.179167,0.077127,0.698229,0.103717,0.198316,-0.144227,0.224684,0.130366,-0.192574,0.338493,0.147948
11,0.183333,0.077447,0.697814,0.099046,0.203245,-0.144079,0.226458,0.128715,-0.189238,0.343429,0.146796
11,0.187500,0.077778,0.697374,0.094405,0.208752,-0.143937,0.228286,0.127015,-0.185975,0.348946,0.145405
11,0.191667,0.078109,0.696898,0.089820,0.214677,-0.143792,0.230126,0.125295,-0.182827,0.354879,0.143866
11,0.195833,0.078445,0.696394,0.085327,0.220816,-0.143655,0.231948,0.123565,-0.179831,0.361020,0.142290
11,0.200000,0.078781,0.695861,0.080952,0.226907,-0.143514,0.233717,0.121853,-0.176958,0.367107,0.140814
11,0.204167,0.079115,0.695290,0.076630,0.233009,-0.143389,0.235455,0.120142,-0.174124,0.373202,0.139552
11,0.208333,0.079449,0.694677,0.072308,0.239348,-0.143264,0.237207,0.118411,-0.171250,0.379536,0.138440
11,0.212500,0.079774,0.694015,0.068015,0.245864,-0.143155,0.238955,0.116669,-0.168388,0.386051,0.137372
11,0.216667,0.080099,0.693317,0.063796,0.252500,-0.143040,0.240700,0.114915,-0.165563,0.392690,0.136259
11,0.220833,0.080411,0.692572,0.059673,0.259160,-0.142941,0.242421,0.113165,-0.162846,0.399355,0.135063
11,0.225000,0.080722,0.691799,0.055693,0.265758,-0.142834,0.244124,0.111413,-0.160268,0.405958,0.133746
11,0.229167,0.081013,0.690984,0.051867,0.272160,-0.142740,0.245783,0.109682,-0.157903,0.412363,0.132321
11,0.233333,0.081304,0.690152,0.048244,0.278258,-0.142634,0.247411,0.107959,-0.155774,0.418458,0.130777
11,0.237500,0.081572,0.689271,0.044742,0.284043,-0.142546,0.249000,0.106256,-0.153840,0.424234,0.129235
11,0.241667,0.081839,0.688356,0.041325,0.289615,-0.142454,0.250589,0.104540,-0.151996,0.429801,0.127746
11,0.245833,0.082078,0.687384,0.037994,0.294911,-0.142383,0.252140,0.102848,-0.150288,0.435093,0.126324
11,0.250000,0.082318,0.686391,0.034801,0.299923,-0.142302,0.253667,0.101160,-0.148706,0.440106,0.124925
11,0.254167,0.082527,0.685351,0.031742,0.304589,-0.142237,0.255128,0.099519,-0.147297,0.444776,0.123571
11,0.258333,0.082736,0.684301,0.028870,0.308903,-0.142160,0.256544,0.097900,-0.146048,0.449096,0.122220
11,0.262500,0.082915,0.683219,0.026176,0.312798,-0.142095,0.257870,0.096352,-0.144997,0.452996,0.120903
11,0.266667,0.083093,0.682144,0.023712,0.316267,-0.142015,0.259128,0.094845,-0.144123,0.456467,0.119576
11,0.270833,0.083242,0.681035,0.021425,0.319162,-0.141943,0.260313,0.093406,-0.143433,0.459361,0.118253
11,0.275000,0.083390,0.679914,0.019304,0.321493,-0.141856,0.261478,0.091974,-0.142864,0.461692,0.116886
11,0.279167,0.083512,0.678760,0.017318,0.323333,-0.141782,0.262578,0.090611,-0.142427,0.463531,0.115548
11,0.283333,0.083633,0.677608,0.015490,0.324804,-0.141698,0.263625,0.089281,-0.142083,0.465003,0.114220
11,0.287500,0.083732,0.676445,0.013797,0.325981,-0.141630,0.264581,0.088049,-0.141838,0.466180,0.112977
11,0.291667,0.083831,0.675303,0.012259,0.326979,-0.141560,0.265452,0.086876,-0.141657,0.467178,0.111800
11,0.295833,0.083916,0.674177,0.010860,0.327872,-0.141509,0.266208,0.085831,-0.141542,0.468072,0.110772
11,0.300000,0.084000,0.673091,0.009616,0.328765,-0.141463,0.266847,0.084872,-0.141463,0.468965,0.109872
11,0.304167,0.084077,0.672033,0.008554,0.329520,-0.141435,0.267350,0.084070,-0.141415,0.469720,0.109138
11,0.308333,0.084155,0.671000,0.007695,0.329997,-0.141406,0.267732,0.083362,-0.141371,0.470197,0.108463
11,0.312500,0.084229,0.669994,0.007002,0.330250,-0.141386,0.268010,0.082790,-0.141340,0.470451,0.107893
11,0.316667,0.084303,0.669025,0.006448,0.330345,-0.141368,0.268208,0.082281,-0.141313,0.470546,0.107364
11,0.320833,0.084374,0.668097,0.006001,0.330338,-0.141354,0.268344,0.081877,-0.141296,0.470539,0.106927
11,0.325000,0.084445,0.667218,0.005634,0.330293,-0.141343,0.268440,0.081504,-0.141290,0.470494,0.106520
11,0.329167,0.084515,0.666395,0.005313,0.330266,-0.141334,0.268514,0.081202,-0.141299,0.470466,0.106197
11,0.333333,0.084584,0.665634,0.005008,0.330318,-0.141329,0.268588,0.080900,-0.141329,0.470518,0.105900
11,0.337500,0.084653,0.664940,0.004763,0.330397,-0.141327,0.268633,0.080675,-0.141363,0.470596,0.105694
11,0.341667,0.084721,0.664313,0.004629,0.330420,-0.141328,0.268619,0.080497,-0.141382,0.470619,0.105526
11,0.345833,0.084789,0.663748,0.004582,0.330400,-0.141333,0.268560,0.080405,-0.141388,0.470599,0.105436
11,0.350000,0.084856,0.663244,0.004599,0.330351,-0.141339,0.268473,0.080335,-0.141384,0.470551,0.105360
11,0.354167,0.084923,0.662795,0.004655,0.330288,-0.141347,0.268373,0.080322,-0.141374,0.470488,0.105339
11,0.358333,0.084990,0.662399,0.004724,0.330226,-0.141355,0.268276,0.080307,-0.141365,0.470426,0.105314
11,0.362500,0.085056,0.662050,0.004781,0.330178,-0.141362,0.268198,0.080319,-0.141360,0.470379,0.105319
11,0.366667,0.085122,0.661745,0.004800,0.330162,-0.141368,0.268156,0.080302,-0.141368,0.470362,0.105303
11,0.370833,0.085187,0.661498,0.004793,0.330168,-0.141374,0.268142,0.080300,-0.141382,0.470368,0.105304
11,0.375000,0.085252,0.661324,0.004789,0.330179,-0.141379,0.268141,0.080286,-0.141393,0.470378,0.105293
11,0.379167,0.085315,0.661209,0.004788,0.330192,-0.141385,0.268150,0.080295,-0.141399,0.470392,0.105301
11,0.383333,0.085378,0.661144,0.004790,0.330209,-0.141391,0.268166,0.080297,-0.141404,0.470409,0.105302
11,0.387500,0.085439,0.661116,0.004792,0.330227,-0.141397,0.268186,0.080315,-0.141406,0.470427,0.105319
11,0.391667,0.085501,0.661116,0.004795,0.330247,-0.141403,0.268210,0.080330,-0.141408,0.470447,0.105333
11,0.395833,0.085559,0.661130,0.004797,0.330266,-0.141408,0.268233,0.080356,-0.141410,0.470466,0.105357
11,0.400000,0.085618,0.661149,0.004800,0.330286,-0.141414,0.268255,0.080383,-0.141414,0.470486,0.105383
11,0.404167,0.085674,0.661184,0.004800,0.330306,-0.141419,0.268276,0.080410,-0.141419,0.470506,0.105410
11,0.408333,0.085729,0.661254,0.004801,0.330327,-0.141424,0.268300,0.080434,-0.141424,0.470527,0.105434
11,0.412500,0.085781,0.661349,0.004800,0.330348,-0.141429,0.268324,0.080456,-0.141429,0.470548,0.105456
11,0.416667,0.085833,0.661466,0.004801,0.330371,-0.141434,0.268351,0.080475,-0.141434,0.470571,0.105475
11,0.420833,0.085881,0.661594,0.004799,0.330391,-0.141438,0.268375,0.080493,-0.141439,0.470591,0.105493
11,0.425000,0.085929,0.661730,0.004800,0.330413,-0.141443,0.268402,0.080510,-0.141443,0.470613,0.105510
11,0.429167,0.085973,0.661863,0.004799,0.330431,-0.141447,0.268424,0.080526,-0.141447,0.470631,0.105526
11,0.433333,0.086017,0.661991,0.004800,0.330451,-0.141451,0.268447,0.080542,-0.141451,0.470651,0.105542
11,0.437500,0.086056,0.662114,0.004799,0.330466,-0.141455,0.268465,0.080558,-0.141454,0.470666,0.105558
11,0.441667,0.086095,0.662244,0.004801,0.330483,-0.141458,0.268485,0.080573,-0.141458,0.470683,0.105573
11,0.445833,0.086129,0.662378,0.004801,0.330497,-0.141461,0.268501,0.080587,-0.141461,0.470697,0.105587
11,0.450000,0.086163,0.662516,0.004803,0.330512,-0.141464,0.268518,0.080600,-0.141464,0.470712,0.105600
11,0.454167,0.086193,0.662654,0.004802,0.330524,-0.141467,0.268532,0.080612,-0.141467,0.470724,0.105612
11,0.458333,0.086223,0.662795,0.004803,0.330537,-0.141470,0.268547,0.080624,-0.141470,0.470737,0.105624
11,0.462500,0.086249,0.662932,0.004801,0.330546,-0.141472,0.268558,0.080635,-0.141472,0.470746,0.105635
11,0.466667,0.086274,0.663070,0.004800,0.330556,-0.141475,0.268570,0.080645,-0.141475,0.470757,0.105646
11,0.470833,0.086297,0.663203,0.004798,0.330565,-0.141477,0.268580,0.080655,-0.141477,0.470765,0.105655
11,0.475000,0.086319,0.663338,0.004800,0.330575,-0.141479,0.268591,0.080663,-0.141479,0.470775,0.105663
11,0.479167,0.086339,0.663472,0.004802,0.330584,-0.141481,0.268602,0.080670,-0.141481,0.470784,0.105671
11,0.483333,0.086358,0.663608,0.004805,0.330594,-0.141482,0.268612,0.080677,-0.141483,0.470794,0.105678
11,0.487500,0.086377,0.663746,0.004807,0.330603,-0.141484,0.268622,0.080684,-0.141485,0.470803,0.105685
11,0.491667,0.086396,0.663888,0.004807,0.330611,-0.141486,0.268631,0.080691,-0.141486,0.470811,0.105692
11,0.495833,0.086415,0.664034,0.004805,0.330618,-0.141487,0.268640,0.080700,-0.141488,0.470818,0.105700
11,0.500000,0.086435,0.664185,0.004800,0.330622,-0.141490,0.268646,0.080710,-0.141490,0.470823,0.105710
11,0.504167,0.086457,0.664342,0.004798,0.330630,-0.141492,0.268655,0.080720,-0.141492,0.470830,0.105720
11,0.508333,0.086479,0.664503,0.004798,0.330639,-0.141494,0.268666,0.080729,-0.141494,0.470839,0.105729
11,0.512500,0.086506,0.664673,0.004804,0.330653,-0.141496,0.268681,0.080738,-0.141497,0.470853,0.105738
11,0.516667,0.086534,0.664847,0.004808,0.330666,-0.141498,0.268695,0.080748,-0.141499,0.470866,0.105749
11,0.520833,0.086569,0.665032,0.004815,0.330685,-0.141501,0.268715,0.080760,-0.141502,0.470885,0.105761
11,0.525000,0.086605,0.665222,0.004814,0.330699,-0.141505,0.268732,0.080775,-0.141506,0.470899,0.105776
11,0.529167,0.086653,0.665429,0.004813,0.330719,-0.141509,0.268756,0.080793,-0.141510,0.470919,0.105794
11,0.533333,0.086701,0.665640,0.004800,0.330732,-0.141515,0.268774,0.080816,-0.141515,0.470932,0.105817
11,0.537500,0.086765,0.665872,0.004795,0.330735,-0.141520,0.268767,0.080871,-0.141519,0.470936,0.105871
11,0.541667,0.086829,0.666108,0.004788,0.330708,-0.141525,0.268705,0.080969,-0.141522,0.470908,0.105968
11,0.545833,0.086915,0.666370,0.004797,0.330685,-0.141529,0.268640,0.081087,-0.141525,0.470886,0.106085
11,0.550000,0.087000,0.666635,0.004796,0.330665,-0.141535,0.268582,0.081199,-0.141531,0.470865,0.106198
11,0.554167,0.087112,0.666932,0.004809,0.330688,-0.141543,0.268586,0.081282,-0.141540,0.470888,0.106282
11,0.558333,0.087224,0.667231,0.004805,0.330744,-0.141554,0.268658,0.081312,-0.141552,0.470944,0.106313
11,0.562500,0.087368,0.667567,0.004814,0.330881,-0.141569,0.268861,0.081265,-0.141569,0.471081,0.106266
11,0.566667,0.087513,0.667906,0.004800,0.331083,-0.141590,0.269192,0.081116,-0.141591,0.471283,0.106116
11,0.570833,0.087696,0.668287,0.004779,0.331375,-0.141610,0.269623,0.080920,-0.141615,0.471574,0.105927
11,0.575000,0.087880,0.668671,0.004706,0.331697,-0.141623,0.270057,0.080721,-0.141641,0.471896,0.105748
11,0.579167,0.088108,0.669102,0.004650,0.332098,-0.141636,0.270584,0.080485,-0.141669,0.472298,0.105535
11,0.583333,0.088336,0.669537,0.004588,0.332537,-0.141653,0.271202,0.080174,-0.141700,0.472737,0.105246
11,0.587500,0.088615,0.670026,0.004591,0.333068,-0.141680,0.272006,0.079754,-0.141734,0.473268,0.104836
11,0.591667,0.088893,0.670519,0.004631,0.333646,-0.141722,0.272987,0.079185,-0.141770,0.473846,0.104262
11,0.595833,0.089226,0.671072,0.004781,0.334330,-0.141780,0.274244,0.078432,-0.141812,0.474530,0.103482
11,0.600000,0.089559,0.671631,0.005007,0.335070,-0.141859,0.275762,0.077453,-0.141859,0.475271,0.102453
11,0.604167,0.089952,0.672254,0.005323,0.336024,-0.141938,0.277637,0.076212,-0.141900,0.476224,0.101150
11,0.608333,0.090344,0.672881,0.005632,0.337171,-0.142003,0.279777,0.074725,-0.141934,0.477372,0.099609
11,0.612500,0.090801,0.673576,0.006026,0.338500,-0.142059,0.282189,0.073027,-0.141978,0.478702,0.097874
11,0.616667,0.091258,0.674276,0.006467,0.339870,-0.142112,0.284752,0.071154,-0.142051,0.480072,0.095992
11,0.620833,0.091782,0.675048,0.007049,0.341268,-0.142169,0.287479,0.069145,-0.142163,0.481470,0.094004
11,0.625000,0.092306,0.675826,0.007730,0.342546,-0.142237,0.290250,0.067042,-0.142324,0.482747,0.091948
11,0.629167,0.092902,0.676681,0.008608,0.343690,-0.142327,0.293084,0.064885,-0.142537,0.483891,0.089858
11,0.633333,0.093498,0.677542,0.009640,0.344544,-0.142447,0.295862,0.062721,-0.142803,0.484744,0.087765
11,0.637500,0.094168,0.678483,0.010897,0.345273,-0.142588,0.298769,0.060439,-0.143102,0.485472,0.085535
11,0.641667,0.094839,0.679428,0.012282,0.345927,-0.142728,0.301817,0.057943,-0.143420,0.486125,0.083077
11,0.645833,0.095587,0.680457,0.013868,0.346548,-0.142861,0.305006,0.055304,-0.143766,0.486745,0.080483
11,0.650000,0.096335,0.681490,0.015575,0.347014,-0.142984,0.308182,0.052595,-0.144143,0.487210,0.077842
11,0.654167,0.097163,0.682610,0.017480,0.347359,-0.143099,0.311356,0.049895,-0.144553,0.487555,0.075240
11,0.658333,0.097992,0.683735,0.019501,0.347451,-0.143212,0.314382,0.047286,-0.144998,0.487647,0.072760
11,0.662500,0.098903,0.684948,0.021717,0.347317,-0.143335,0.317282,0.044857,-0.145482,0.487515,0.070492
11,0.666667,0.099814,0.686167,0.024044,0.346819,-0.143481,0.319914,0.042691,-0.146012,0.487019,0.068519
11,0.670833,0.100810,0.687476,0.026605,0.346055,-0.143674,0.322457,0.040693,-0.146660,0.486257,0.066781
11,0.675000,0.101806,0.688791,0.029347,0.344999,-0.143913,0.324929,0.038735,-0.147458,0.485200,0.065157
11,0.679167,0.102888,0.690197,0.032342,0.343741,-0.144184,0.327377,0.036885,-0.148364,0.483941,0.063687
11,0.683333,0.103970,0.691609,0.035488,0.342201,-0.144474,0.329674,0.035198,-0.149340,0.482399,0.062392
11,0.687500,0.105141,0.693114,0.038852,0.340472,-0.144776,0.331872,0.033748,-0.150348,0.480669,0.061316
11,0.691667,0.106311,0.694624,0.042327,0.338471,-0.145083,0.333845,0.032589,-0.151351,0.478667,0.060486
11,0.695833,0.107570,0.696228,0.045975,0.336290,-0.145393,0.335647,0.031799,-0.152313,0.476487,0.059952
11,0.700000,0.108830,0.697837,0.049682,0.333845,-0.145701,0.337150,0.031432,-0.153195,0.474045,0.059742
11,0.704167,0.110179,0.699542,0.053578,0.331183,-0.146031,0.338433,0.031516,-0.154115,0.471386,0.059984
11,0.708333,0.111529,0.701252,0.057623,0.328219,-0.146404,0.339442,0.031984,-0.155218,0.468423,0.060706
11,0.712500,0.112969,0.703058,0.061890,0.325113,-0.146811,0.340292,0.032813,-0.156502,0.465317,0.061860
11,0.716667,0.114410,0.704868,0.066268,0.321841,-0.147240,0.340914,0.033947,-0.157949,0.462042,0.063357
11,0.720833,0.115941,0.706773,0.070826,0.318551,-0.147679,0.341423,0.035364,-0.159522,0.458751,0.065136
11,0.725000,0.117473,0.708683,0.075449,0.315201,-0.148113,0.341750,0.037006,-0.161166,0.455400,0.067088
11,0.729167,0.119096,0.710687,0.080201,0.311918,-0.148529,0.342010,0.038852,-0.162806,0.452117,0.069140
11,0.733333,0.120719,0.712695,0.084962,0.308632,-0.148910,0.342134,0.040844,-0.164345,0.448832,0.071173
11,0.737500,0.122433,0.714797,0.089855,0.305376,-0.149249,0.342134,0.043097,-0.165794,0.445577,0.073325
11,0.741667,0.124147,0.716904,0.094826,0.302042,-0.149537,0.341849,0.045658,-0.167251,0.442242,0.075719
11,0.745833,0.125952,0.719105,0.099951,0.298788,-0.149775,0.341411,0.048473,-0.168741,0.438985,0.078309
11,0.750000,0.127757,0.721309,0.105117,0.295578,-0.149959,0.340776,0.051446,-0.170279,0.435774,0.081003
11,0.754167,0.129653,0.723606,0.110394,0.292552,-0.150095,0.340081,0.054526,-0.171876,0.432747,0.083748
11,0.758333,0.131549,0.725906,0.115669,0.289654,-0.150189,0.339289,0.057623,-0.173530,0.429849,0.086448
11,0.762500,0.133534,0.728297,0.121008,0.286998,-0.150255,0.338542,0.060695,-0.175238,0.427195,0.089054
11,0.766667,0.135520,0.730691,0.126295,0.284509,-0.150312,0.337811,0.063655,-0.176986,0.424709,0.091475
11,0.770833,0.137594,0.733175,0.131642,0.282256,-0.150346,0.337154,0.066568,-0.178728,0.422458,0.093758
11,0.775000,0.139668,0.735661,0.136991,0.280137,-0.150328,0.336414,0.069480,-0.180438,0.420340,0.095933
11,0.779167,0.141830,0.738237,0.142412,0.278252,-0.150268,0.335679,0.072409,-0.182139,0.418455,0.098016
11,0.783333,0.143992,0.740815,0.147801,0.276518,-0.150174,0.334866,0.075324,-0.183850,0.416719,0.099973
11,0.787500,0.146240,0.743480,0.153224,0.275015,-0.150059,0.334061,0.078242,-0.185593,0.415215,0.101824
11,0.791667,0.148488,0.746147,0.158576,0.273645,-0.149929,0.333181,0.081132,-0.187386,0.413844,0.103541
11,0.795833,0.150821,0.748899,0.163922,0.272469,-0.149802,0.332313,0.084014,-0.189247,0.412668,0.105155
11,0.800000,0.153153,0.751651,0.169157,0.271374,-0.149686,0.331373,0.086855,-0.191195,0.411574,0.106651
11,0.804167,0.155569,0.754487,0.174378,0.270375,-0.149584,0.330432,0.089689,-0.193192,0.410577,0.108077
11,0.808333,0.157985,0.757324,0.179527,0.269388,-0.149480,0.329398,0.092496,-0.195195,0.409589,0.109404
11,0.812500,0.160482,0.760242,0.184672,0.268546,-0.149376,0.328360,0.095293,-0.197224,0.408746,0.110638
11,0.816667,0.162978,0.763161,0.189720,0.267812,-0.149268,0.327246,0.098044,-0.199287,0.408010,0.111733
11,0.820833,0.165554,0.766160,0.194736,0.267299,-0.149157,0.326142,0.100769,-0.201392,0.407496,0.112699
11,0.825000,0.168130,0.769158,0.199629,0.266950,-0.149039,0.324981,0.103432,-0.203538,0.407146,0.113499
11,0.829167,0.170782,0.772232,0.204463,0.266852,-0.148917,0.323848,0.106055,-0.205728,0.407049,0.114155
11,0.833333,0.173435,0.775305,0.209147,0.266929,-0.148788,0.322677,0.108605,-0.207955,0.407129,0.114643
11,0.837500,0.176161,0.778452,0.213759,0.267152,-0.148660,0.321528,0.111115,-0.210207,0.407356,0.115044
11,0.841667,0.178888,0.781599,0.218239,0.267372,-0.148534,0.320310,0.113564,-0.212473,0.407577,0.115372
11,0.845833,0.181686,0.784817,0.222654,0.267693,-0.148414,0.319104,0.115975,-0.214763,0.407897,0.115642
11,0.850000,0.184485,0.788034,0.226933,0.268076,-0.148292,0.317849,0.118313,-0.217073,0.408278,0.115814
11,0.854167,0.187352,0.791320,0.231141,0.268620,-0.148172,0.316623,0.120600,-0.219407,0.408819,0.115902
11,0.858333,0.190220,0.794604,0.235209,0.269285,-0.148047,0.315368,0.122806,-0.221754,0.409482,0.115866
11,0.862500,0.193153,0.797953,0.239201,0.270164,-0.147919,0.314163,0.124954,-0.224110,0.410361,0.115723
11,0.866667,0.196087,0.801300,0.243049,0.271214,-0.147785,0.312950,0.127012,-0.226460,0.411414,0.115436
11,0.870833,0.199084,0.804709,0.246798,0.272424,-0.147653,0.311784,0.129014,-0.228815,0.412628,0.115070
11,0.875000,0.202081,0.808116,0.250378,0.273649,-0.147526,0.310585,0.130936,-0.231189,0.413855,0.114643
11,0.879167,0.205138,0.811582,0.253866,0.274966,-0.147407,0.309423,0.132803,-0.233581,0.415172,0.114182
11,0.883333,0.208195,0.815047,0.257216,0.276336,-0.147289,0.308244,0.134585,-0.235981,0.416540,0.113659
11,0.887500,0.211310,0.818566,0.260501,0.277836,-0.147175,0.307113,0.136308,-0.238385,0.418038,0.113100
11,0.891667,0.214424,0.822084,0.263680,0.279432,-0.147060,0.305982,0.137946,-0.240778,0.419632,0.112477
11,0.895833,0.217591,0.825652,0.266823,0.281201,-0.146944,0.304913,0.139522,-0.243151,0.421400,0.111812
11,0.900000,0.220759,0.829218,0.269891,0.283114,-0.146824,0.303859,0.141012,-0.245484,0.423314,0.111080
11,0.904167,0.223977,0.832832,0.272899,0.285188,-0.146707,0.302866,0.142442,-0.247797,0.425390,0.110316
11,0.908333,0.227195,0.836443,0.275767,0.287324,-0.146597,0.301875,0.143791,-0.250110,0.427527,0.109514
11,0.912500,0.230460,0.840100,0.278567,0.289571,-0.146496,0.300936,0.145082,-0.252418,0.429774,0.108705
11,0.916667,0.233725,0.843753,0.281277,0.291884,-0.146398,0.300007,0.146292,-0.254710,0.432086,0.107869
11,0.920833,0.237033,0.847447,0.283967,0.294308,-0.146305,0.299136,0.147445,-0.256982,0.434509,0.107036
11,0.925000,0.240341,0.851138,0.286619,0.296805,-0.146212,0.298285,0.148520,-0.259218,0.437006,0.106188
11,0.929167,0.243689,0.854865,0.289295,0.299419,-0.146121,0.297498,0.149539,-0.261413,0.439619,0.105352
11,0.933333,0.247037,0.858589,0.291983,0.302116,-0.146027,0.296740,0.150483,-0.263551,0.442316,0.104509
11,0.937500,0.250420,0.862346,0.294692,0.304959,-0.145937,0.296044,0.151373,-0.265647,0.445159,0.103679
11,0.941667,0.253804,0.866100,0.297356,0.307913,-0.145854,0.295372,0.152190,-0.267714,0.448114,0.102843
11,0.945833,0.257219,0.869882,0.300015,0.310976,-0.145779,0.294757,0.152955,-0.269750,0.451177,0.102027
11,0.950000,0.260635,0.873662,0.302650,0.314083,-0.145708,0.294169,0.153650,-0.271747,0.454284,0.101219
11,0.954167,0.264079,0.877466,0.305299,0.317231,-0.145643,0.293638,0.154295,-0.273702,0.457432,0.100444
11,0.958333,0.267522,0.881267,0.307945,0.320360,-0.145579,0.293138,0.154874,-0.275605,0.460561,0.099687
11,0.962500,0.270990,0.885088,0.310622,0.323465,-0.145518,0.292695,0.155405,-0.277454,0.463665,0.098970
11,0.966667,0.274458,0.888905,0.313316,0.326490,-0.145454,0.292286,0.155872,-0.279239,0.466691,0.098279
11,0.970833,0.277947,0.892739,0.316037,0.329454,-0.145395,0.291934,0.156294,-0.280967,0.469654,0.097628
11,0.975000,0.281435,0.896569,0.318749,0.332361,-0.145342,0.291615,0.156654,-0.282641,0.472561,0.096999
11,0.979167,0.284940,0.900413,0.321475,0.335244,-0.145297,0.291348,0.156971,-0.284266,0.475444,0.096406
11,0.983333,0.288444,0.904252,0.324204,0.338100,-0.145254,0.291116,0.157229,-0.285837,0.478300,0.095833
11,0.987500,0.291961,0.908100,0.326954,0.340958,-0.145218,0.290932,0.157444,-0.287360,0.481159,0.095296
11,0.991667,0.295478,0.911944,0.329719,0.343821,-0.145182,0.290783,0.157604,-0.288831,0.484021,0.094780
11,0.995833,0.299004,0.915792,0.332511,0.346709,-0.145149,0.290680,0.157724,-0.290254,0.486909,0.094300
11,1.000000,0.302529,0.919635,0.335329,0.349630,-0.145115,0.290613,0.157791,-0.291626,0.489830,0.093842
11,1.004167,0.306059,0.923479,0.338170,0.352573,-0.145085,0.290589,0.157819,-0.292938,0.492773,0.093429
11,1.008333,0.309589,0.927319,0.341022,0.355511,-0.145060,0.290603,0.157797,-0.294184,0.495711,0.093053
11,1.012500,0.313119,0.931155,0.343888,0.358449,-0.145041,0.290656,0.157737,-0.295374,0.498649,0.092718
11,1.016667,0.316648,0.934986,0.346772,0.361391,-0.145024,0.290747,0.157629,-0.296515,0.501591,0.092406
11,1.020833,0.320175,0.938810,0.349672,0.364339,-0.145012,0.290872,0.157484,-0.297620,0.504539,0.092121
11,1.025000,0.323701,0.942630,0.352594,0.367300,-0.145001,0.291034,0.157293,-0.298695,0.507500,0.091847
11,1.029167,0.327219,0.946437,0.355535,0.370272,-0.144993,0.291227,0.157067,-0.299751,0.510472,0.091584
11,1.033333,0.330737,0.950239,0.358503,0.373266,-0.144983,0.291457,0.156797,-0.300797,0.513466,0.091319
11,1.037500,0.334243,0.954025,0.361485,0.376264,-0.144977,0.291713,0.156492,-0.301819,0.516464,0.091069
11,1.041667,0.337749,0.957807,0.364490,0.379271,-0.144975,0.292009,0.156146,-0.302801,0.519471,0.090836
11,1.045833,0.341240,0.961569,0.367501,0.382272,-0.144977,0.292328,0.155766,-0.303753,0.522472,0.090624
11,1.050000,0.344730,0.965326,0.370535,0.385285,-0.144982,0.292685,0.155347,-0.304681,0.525485,0.090420
11,1.054167,0.348200,0.969059,0.373574,0.388293,-0.144990,0.293061,0.154894,-0.305595,0.528493,0.090224
11,1.058333,0.351671,0.972787,0.376636,0.391318,-0.144998,0.293475,0.154404,-0.306501,0.531518,0.090028
11,1.062500,0.355117,0.976487,0.379699,0.394338,-0.145009,0.293903,0.153880,-0.307408,0.534538,0.089829
11,1.066667,0.358564,0.980183,0.382788,0.397380,-0.145019,0.294369,0.153321,-0.308323,0.537580,0.089620
11,1.070833,0.361982,0.983845,0.385875,0.400416,-0.145032,0.294844,0.152728,-0.309244,0.540616,0.089404
11,1.075000,0.365401,0.987504,0.388988,0.403470,-0.145048,0.295359,0.152103,-0.310159,0.543670,0.089186
11,1.079167,0.368788,0.991126,0.392094,0.406509,-0.145066,0.295881,0.151445,-0.311070,0.546709,0.088967
11,1.083333,0.372175,0.994744,0.395222,0.409564,-0.145087,0.296441,0.150755,-0.311976,0.549764,0.088747
11,1.087500,0.375527,0.998323,0.398337,0.412598,-0.145110,0.297003,0.150033,-0.312877,0.552798,0.088525
11,1.091667,0.378878,1.001896,0.401472,0.415644,-0.145133,0.297603,0.149281,-0.313773,0.555844,0.088303
11,1.095833,0.382191,1.005426,0.404588,0.418663,-0.145158,0.298202,0.148497,-0.314663,0.558863,0.088080
11,1.100000,0.385503,1.008951,0.407721,0.421692,-0.145183,0.298839,0.147684,-0.315547,0.561892,0.087857
11,1.104167,0.388772,1.012428,0.410833,0.424693,-0.145209,0.299470,0.146839,-0.316426,0.564893,0.087631
11,1.108333,0.392042,1.015902,0.413969,0.427709,-0.145238,0.300139,0.145967,-0.317299,0.567909,0.087405
11,1.112500,0.395265,1.019324,0.417078,0.430693,-0.145268,0.300800,0.145063,-0.318168,0.570893,0.087173
11,1.116667,0.398488,1.022743,0.420206,0.433688,-0.145300,0.301498,0.144134,-0.319030,0.573887,0.086943
11,1.120833,0.401660,1.026106,0.423300,0.436640,-0.145334,0.302184,0.143173,-0.319885,0.576840,0.086708
11,1.125000,0.404833,1.029466,0.426407,0.439599,-0.145368,0.302908,0.142189,-0.320733,0.579799,0.086477
11,1.129167,0.407953,1.032768,0.429471,0.442508,-0.145402,0.303615,0.141173,-0.321574,0.582708,0.086242
11,1.133333,0.411072,1.036064,0.432543,0.445417,-0.145437,0.304360,0.140134,-0.322406,0.585617,0.086012
11,1.137500,0.414135,1.039300,0.435571,0.448275,-0.145473,0.305086,0.139064,-0.323230,0.588475,0.085777
11,1.141667,0.417197,1.042532,0.438617,0.451144,-0.145510,0.305848,0.137973,-0.324047,0.591344,0.085544
11,1.145833,0.420200,1.045700,0.441617,0.453959,-0.145548,0.306588,0.136851,-0.324857,0.594159,0.085303
11,1.150000,0.423203,1.048863,0.444627,0.456778,-0.145588,0.307365,0.135709,-0.325659,0.596978,0.085067
11,1.154167,0.426142,1.051960,0.447580,0.459535,-0.145628,0.308116,0.134535,-0.326452,0.599735,0.084824
11,1.158333,0.429081,1.055052,0.450538,0.462290,-0.145668,0.308904,0.133344,-0.327236,0.602490,0.084588
11,1.162500,0.431955,1.058074,0.453430,0.464973,-0.145709,0.309664,0.132122,-0.328010,0.605173,0.084346
11,1.166667,0.434828,1.061091,0.456319,0.467649,-0.145750,0.310460,0.130884,-0.328775,0.607849,0.084112
11,1.170833,0.437633,1.064036,0.459143,0.470252,-0.145791,0.311224,0.129615,-0.329530,0.610452,0.083871
11,1.175000,0.440437,1.066976,0.461974,0.472857,-0.145833,0.312025,0.128330,-0.330276,0.613057,0.083635
11,1.179167,0.443169,1.069842,0.464738,0.475390,-0.145875,0.312790,0.127014,-0.331013,0.615590,0.083390
11,1.183333,0.445902,1.072703,0.467504,0.477918,-0.145919,0.313591,0.125684,-0.331741,0.618118,0.083151
11,1.187500,0.448560,1.075487,0.470193,0.480366,-0.145963,0.314355,0.124324,-0.332457,0.620566,0.082904
11,1.191667,0.451219,1.078266,0.472876,0.482803,-0.146007,0.315156,0.122952,-0.333164,0.623003,0.082667
11,1.195833,0.453800,1.080965,0.475472,0.485152,-0.146050,0.315916,0.121550,-0.333860,0.625352,0.082422
11,1.200000,0.456381,1.083661,0.478056,0.487485,-0.146094,0.316713,0.120139,-0.334544,0.627685,0.082188
11,1.204167,0.458884,1.086273,0.480553,0.489728,-0.146137,0.317467,0.118697,-0.335217,0.629928,0.081945
11,1.208333,0.461386,1.088883,0.483049,0.491965,-0.146181,0.318256,0.117245,-0.335880,0.632165,0.081710
11,1.212500,0.463807,1.091407,0.485458,0.494111,-0.146225,0.319000,0.115763,-0.336532,0.634311,0.081463
11,1.216667,0.466229,1.093929,0.487860,0.496246,-0.146270,0.319779,0.114273,-0.337173,0.636446,0.081226
11,1.220833,0.468566,1.096363,0.490167,0.498285,-0.146314,0.320510,0.112754,-0.337803,0.638485,0.080979
11,1.225000,0.470904,1.098795,0.492459,0.500309,-0.146359,0.321277,0.111229,-0.338421,0.640509,0.080745
11,1.229167,0.473157,1.101138,0.494649,0.502229,-0.146402,0.321995,0.109676,-0.339027,0.642430,0.080501
11,1.233333,0.475410,1.103478,0.496818,0.504130,-0.146446,0.322749,0.108120,-0.339621,0.644330,0.080271
11,1.237500,0.477577,1.105728,0.498884,0.505928,-0.146488,0.323451,0.106536,-0.340202,0.646128,0.080030
11,1.241667,0.479743,1.107976,0.500940,0.507712,-0.146532,0.324187,0.104947,-0.340772,0.647912,0.079799
11,1.245833,0.481821,1.110132,0.502895,0.509394,-0.146575,0.324869,0.103330,-0.341329,0.649594,0.079556
11,1.250000,0.483900,1.112286,0.504834,0.511059,-0.146619,0.325585,0.101710,-0.341875,0.651259,0.079325
11,1.254167,0.485889,1.114347,0.506666,0.512618,-0.146661,0.326247,0.100064,-0.342408,0.652818,0.079082
11,1.258333,0.487878,1.116406,0.508477,0.514159,-0.146704,0.326942,0.098419,-0.342929,0.654359,0.078854
11,1.262500,0.489777,1.118372,0.510176,0.515590,-0.146746,0.327582,0.096749,-0.343437,0.655790,0.078615
11,1.266667,0.491675,1.120335,0.511849,0.517000,-0.146788,0.328257,0.095082,-0.343934,0.657200,0.078393
11,1.270833,0.493483,1.122204,0.513410,0.518300,-0.146827,0.328873,0.093390,-0.344416,0.658500,0.078158
11,1.275000,0.495291,1.124071,0.514954,0.519582,-0.146869,0.329522,0.091699,-0.344887,0.659782,0.077936
11,1.279167,0.497007,1.125844,0.516387,0.520756,-0.146909,0.330111,0.089983,-0.345343,0.660956,0.077700
11,1.283333,0.498723,1.127615,0.517801,0.521912,-0.146949,0.330732,0.088271,-0.345787,0.662112,0.077479
11,1.287500,0.500346,1.129291,0.519102,0.522960,-0.146988,0.331294,0.086536,-0.346217,0.663160,0.077245
11,1.291667,0.501970,1.130965,0.520381,0.523991,-0.147028,0.331888,0.084808,-0.346637,0.664191,0.077027
11,1.295833,0.503502,1.132545,0.521545,0.524913,-0.147065,0.332423,0.083061,-0.347042,0.665113,0.076798
11,1.300000,0.505034,1.134123,0.522686,0.525819,-0.147103,0.332990,0.081324,-0.347437,0.666019,0.076586
11,1.304167,0.506473,1.135606,0.523712,0.526615,-0.147139,0.333495,0.079566,-0.347817,0.666815,0.076362
11,1.308333,0.507913,1.137088,0.524718,0.527394,-0.147176,0.334031,0.077815,-0.348185,0.667594,0.076151
11,1.312500,0.509261,1.138475,0.525612,0.528066,-0.147211,0.334504,0.076044,-0.348537,0.668266,0.075928
11,1.316667,0.510609,1.139861,0.526487,0.528725,-0.147248,0.335008,0.074282,-0.348877,0.668925,0.075719
11,1.320833,0.511865,1.141155,0.527254,0.529282,-0.147282,0.335450,0.072505,-0.349202,0.669482,0.075499
11,1.325000,0.513122,1.142446,0.528004,0.529831,-0.147317,0.335922,0.070741,-0.349517,0.670031,0.075294
11,1.329167,0.514288,1.143646,0.528648,0.530282,-0.147349,0.336333,0.068965,-0.349819,0.670482,0.075078
11,1.333333,0.515455,1.144844,0.529278,0.530729,-0.147381,0.336774,0.067205,-0.350111,0.670929,0.074879
11,1.337500,0.516532,1.145951,0.529800,0.531076,-0.147412,0.337154,0.065433,-0.350388,0.671276,0.074669
11,1.341667,0.517609,1.147057,0.530302,0.531409,-0.147444,0.337560,0.063673,-0.350653,0.671609,0.074475
11,1.345833,0.518598,1.148073,0.530701,0.531646,-0.147473,0.337905,0.061899,-0.350902,0.671846,0.074267
11,1.350000,0.519588,1.149088,0.531089,0.531881,-0.147504,0.338277,0.060142,-0.351140,0.672081,0.074076
11,1.354167,0.520491,1.150016,0.531385,0.532033,-0.147532,0.338589,0.058378,-0.351363,0.672233,0.073872
11,1.358333,0.521394,1.150943,0.531678,0.532193,-0.147561,0.338929,0.056635,-0.351575,0.672393,0.073683
11,1.362500,0.522213,1.151784,0.531889,0.532282,-0.147587,0.339210,0.054889,-0.351774,0.672482,0.073483
11,1.366667,0.523032,1.152624,0.532104,0.532388,-0.147614,0.339518,0.053170,-0.351964,0.672588,0.073299
11,1.370833,0.523769,1.153381,0.532230,0.532418,-0.147638,0.339767,0.051447,-0.352141,0.672618,0.073106
11,1.375000,0.524506,1.154137,0.532341,0.532445,-0.147664,0.340039,0.049742,-0.352307,0.672645,0.072929
11,1.379167,0.525164,1.154813,0.532367,0.532398,-0.147687,0.340255,0.048032,-0.352459,0.672598,0.072742
11,1.383333,0.525822,1.155488,0.532399,0.532366,-0.147711,0.340494,0.046348,-0.352601,0.672566,0.072569
11,1.387500,0.526403,1.156085,0.532368,0.532279,-0.147733,0.340679,0.044668,-0.352727,0.672479,0.072386
11,1.391667,0.526985,1.156682,0.532359,0.532222,-0.147756,0.340887,0.043022,-0.352843,0.672422,0.072216
11,1.395833,0.527493,1.157204,0.532306,0.532127,-0.147776,0.341044,0.041388,-0.352946,0.672328,0.072035
11,1.400000,0.528001,1.157726,0.532289,0.532075,-0.147796,0.341224,0.039796,-0.353039,0.672275,0.071866
11,1.404167,0.528439,1.158177,0.532225,0.531988,-0.147814,0.341353,0.038211,-0.353120,0.672188,0.071690
11,1.408333,0.528877,1.158628,0.532171,0.531926,-0.147833,0.341500,0.036646,-0.353193,0.672126,0.071530
11,1.412500,0.529249,1.159012,0.532068,0.531824,-0.147850,0.341598,0.035089,-0.353253,0.672024,0.071363
11,1.416667,0.529622,1.159395,0.531985,0.531748,-0.147868,0.341715,0.033571,-0.353306,0.671948,0.071211
11,1.420833,0.529932,1.159716,0.531865,0.531638,-0.147883,0.341789,0.032080,-0.353346,0.671838,0.071051
11,1.425000,0.530243,1.160036,0.531774,0.531555,-0.147900,0.341883,0.030647,-0.353379,0.671755,0.070901
11,1.429167,0.530496,1.160299,0.531659,0.531443,-0.147913,0.341939,0.029261,-0.353399,0.671644,0.070743
11,1.433333,0.530749,1.160561,0.531579,0.531360,-0.147926,0.342014,0.027952,-0.353412,0.671560,0.070594
11,1.437500,0.530950,1.160770,0.531478,0.531255,-0.147938,0.342051,0.026678,-0.353413,0.671455,0.070438
11,1.441667,0.531151,1.160979,0.531402,0.531179,-0.147951,0.342100,0.025439,-0.353406,0.671379,0.070297
11,1.445833,0.531304,1.161140,0.531301,0.531082,-0.147962,0.342116,0.024235,-0.353389,0.671282,0.070153
11,1.450000,0.531458,1.161301,0.531220,0.531006,-0.147973,0.342145,0.023098,-0.353365,0.671207,0.070020
11,1.454167,0.531570,1.161420,0.531116,0.530909,-0.147983,0.342147,0.022030,-0.353332,0.671109,0.069882
11,1.458333,0.531682,1.161539,0.531030,0.530828,-0.147993,0.342163,0.021060,-0.353293,0.671028,0.069753
11,1.462500,0.531759,1.161621,0.530923,0.530723,-0.148001,0.342158,0.020192,-0.353246,0.670923,0.069617
11,1.466667,0.531835,1.161704,0.530829,0.530629,-0.148009,0.342168,0.019455,-0.353194,0.670829,0.069486
11,1.470833,0.531882,1.161757,0.530724,0.530521,-0.148015,0.342164,0.018861,-0.353133,0.670721,0.069352
11,1.475000,0.531929,1.161809,0.530637,0.530434,-0.148022,0.342173,0.018416,-0.353065,0.670634,0.069228
11,1.479167,0.531954,1.161839,0.530541,0.530341,-0.148027,0.342170,0.018084,-0.352989,0.670541,0.069106
11,1.483333,0.531979,1.161869,0.530456,0.530261,-0.148033,0.342175,0.017848,-0.352907,0.670461,0.068990
11,1.487500,0.531988,1.161883,0.530363,0.530174,-0.148038,0.342170,0.017676,-0.352819,0.670374,0.068874
11,1.491667,0.531997,1.161896,0.530275,0.530091,-0.148043,0.342170,0.017548,-0.352728,0.670291,0.068762
11,1.495833,0.531999,1.161902,0.530179,0.530001,-0.148047,0.342162,0.017434,-0.352633,0.670201,0.068649
11,1.500000,0.532000,1.161908,0.530082,0.529907,-0.148050,0.342154,0.017311,-0.352536,0.670107,0.068536
11,1.504167,0.532000,1.161912,0.529985,0.529811,-0.148052,0.342146,0.017208,-0.352433,0.670011,0.068423
11,1.508333,0.532000,1.161916,0.529890,0.529719,-0.148055,0.342142,0.017162,-0.352327,0.669919,0.068313
11,1.512500,0.532000,1.161920,0.529799,0.529630,-0.148056,0.342142,0.017160,-0.352215,0.669831,0.068205
11,1.516667,0.532000,1.161923,0.529710,0.529545,-0.148058,0.342144,0.017188,-0.352100,0.669745,0.068100
11,1.520833,0.532000,1.161927,0.529623,0.529462,-0.148060,0.342148,0.017233,-0.351982,0.669662,0.068000
11,1.525000,0.532000,1.161930,0.529537,0.529380,-0.148061,0.342151,0.017281,-0.351864,0.669581,0.067903
11,1.529167,0.532000,1.161934,0.529451,0.529300,-0.148061,0.342154,0.017319,-0.351744,0.669500,0.067811
11,1.533333,0.532000,1.161937,0.529366,0.529220,-0.148062,0.342155,0.017334,-0.351625,0.669420,0.067724
11,1.537500,0.532000,1.161940,0.529280,0.529135,-0.148062,0.342155,0.017338,-0.351509,0.669336,0.067620
11,1.541667,0.532000,1.161943,0.529193,0.529045,-0.148060,0.342158,0.017349,-0.351397,0.669247,0.067488
11,1.545833,0.532000,1.161946,0.529106,0.528954,-0.148059,0.342162,0.017362,-0.351285,0.669158,0.067347
11,1.550000,0.532000,1.161949,0.529020,0.528865,-0.148058,0.342165,0.017372,-0.351171,0.669071,0.067217
11,1.554167,0.532000,1.161952,0.528937,0.528784,-0.148055,0.342166,0.017375,-0.351052,0.668990,0.067117
11,1.558333,0.532000,1.161954,0.528857,0.528715,-0.148055,0.342163,0.017366,-0.350927,0.668919,0.067066
11,1.562500,0.532000,1.161957,0.528783,0.528662,-0.148044,0.342156,0.017338,-0.350781,0.668862,0.067085
11,1.566667,0.532000,1.161960,0.528714,0.528629,-0.148036,0.342142,0.017289,-0.350625,0.668822,0.067192
11,1.570833,0.532000,1.161962,0.528650,0.528611,-0.148008,0.342124,0.017224,-0.350440,0.668793,0.067356
11,1.575000,0.532000,1.161965,0.528587,0.528598,-0.147981,0.342105,0.017153,-0.350250,0.668769,0.067546
11,1.579167,0.532000,1.161968,0.528528,0.528597,-0.147927,0.342082,0.017070,-0.350026,0.668754,0.067781
11,1.583333,0.532000,1.161970,0.528473,0.528612,-0.147875,0.342055,0.016972,-0.349795,0.668752,0.068077
11,1.587500,0.532000,1.161972,0.528426,0.528647,-0.147791,0.342023,0.016854,-0.349520,0.668767,0.068452
11,1.591667,0.532000,1.161975,0.528386,0.528709,-0.147711,0.341984,0.016711,-0.349234,0.668804,0.068925
11,1.595833,0.532000,1.161977,0.528356,0.528802,-0.147596,0.341937,0.016539,-0.348897,0.668865,0.069513
11,1.600000,0.532000,1.161979,0.528339,0.528933,-0.147486,0.341881,0.016333,-0.348544,0.668957,0.070233
11,1.604167,0.532000,1.161981,0.528333,0.529103,-0.147341,0.341816,0.016093,-0.348134,0.669080,0.071085
11,1.608333,0.532000,1.161983,0.528337,0.529308,-0.147200,0.341744,0.015824,-0.347708,0.669230,0.072052
11,1.612500,0.532000,1.161984,0.528351,0.529550,-0.147024,0.341665,0.015527,-0.347228,0.669408,0.073125
11,1.616667,0.532000,1.161986,0.528375,0.529828,-0.146851,0.341579,0.015205,-0.346734,0.669614,0.074297
11,1.620833,0.532000,1.161987,0.528411,0.530143,-0.146644,0.341487,0.014859,-0.346190,0.669847,0.075561
11,1.625000,0.532000,1.161988,0.528457,0.530495,-0.146440,0.341390,0.014492,-0.345636,0.670107,0.076907
11,1.629167,0.532000,1.161989,0.528515,0.530884,-0.146204,0.341289,0.014106,-0.345038,0.670395,0.078328
11,1.633333,0.532000,1.161989,0.528585,0.531309,-0.145970,0.341184,0.013702,-0.344433,0.670710,0.079816
11,1.637500,0.532000,1.161990,0.528669,0.531782,-0.145709,0.341074,0.013274,-0.343784,0.671059,0.081401
11,1.641667,0.532000,1.161990,0.528769,0.532312,-0.145451,0.340956,0.012815,-0.343115,0.671450,0.083103
11,1.645833,0.532000,1.161989,0.528883,0.532894,-0.145172,0.340833,0.012332,-0.342406,0.671878,0.084898
11,1.650000,0.532000,1.161989,0.529011,0.533523,-0.144894,0.340706,0.011830,-0.341684,0.672339,0.086762
11,1.654167,0.532000,1.161988,0.529149,0.534193,-0.144599,0.340578,0.011315,-0.340932,0.672828,0.088673
11,1.658333,0.532000,1.161987,0.529298,0.534897,-0.144304,0.340448,0.010794,-0.340174,0.673339,0.090607
11,1.662500,0.532000,1.161986,0.529454,0.535626,-0.143996,0.340320,0.010272,-0.339401,0.673867,0.092541
11,1.666667,0.532000,1.161984,0.529615,0.536372,-0.143687,0.340194,0.009755,-0.338630,0.674405,0.094453
11,1.670833,0.532000,1.161983,0.529786,0.537151,-0.143372,0.340068,0.009233,-0.337847,0.674965,0.096385
11,1.675000,0.532000,1.161981,0.529971,0.537980,-0.143059,0.339940,0.008694,-0.337051,0.675560,0.098374
11,1.679167,0.532000,1.161979,0.530168,0.538851,-0.142746,0.339810,0.008147,-0.336247,0.676182,0.100394
11,1.683333,0.532000,1.161976,0.530374,0.539751,-0.142433,0.339682,0.007597,-0.335438,0.676824,0.102420
11,1.687500,0.532000,1.161974,0.530584,0.540670,-0.142127,0.339555,0.007051,-0.334635,0.677476,0.104426
11,1.691667,0.532000,1.161971,0.530797,0.541593,-0.141819,0.339433,0.006517,-0.333837,0.678129,0.106386
11,1.695833,0.532000,1.161968,0.531007,0.542508,-0.141522,0.339315,0.006000,-0.333061,0.678775,0.108275
11,1.700000,0.532000,1.161965,0.531212,0.543398,-0.141222,0.339204,0.005508,-0.332301,0.679400,0.110069
11,1.704167,0.532000,1.161963,0.531415,0.544278,-0.140939,0.339098,0.005032,-0.331569,0.680017,0.111800
11,1.708333,0.532000,1.161960,0.531622,0.545166,-0.140655,0.338994,0.004562,-0.330841,0.680639,0.113508
11,1.712500,0.532000,1.161957,0.531830,0.546052,-0.140395,0.338893,0.004102,-0.330144,0.681258,0.115174
11,1.716667,0.532000,1.161954,0.532035,0.546926,-0.140133,0.338797,0.003657,-0.329457,0.681868,0.116783
11,1.720833,0.532000,1.161951,0.532236,0.547777,-0.139899,0.338705,0.003232,-0.328813,0.682460,0.118318
11,1.725000,0.532000,1.161948,0.532429,0.548593,-0.139661,0.338619,0.002830,-0.328186,0.683026,0.119765
11,1.729167,0.532000,1.161946,0.532610,0.549363,-0.139455,0.338540,0.002456,-0.327614,0.683560,0.121106
11,1.733333,0.532000,1.161943,0.532777,0.550074,-0.139244,0.338469,0.002115,-0.327066,0.684052,0.122327
11,1.737500,0.532000,1.161941,0.532930,0.550727,-0.139067,0.338404,0.001805,-0.326581,0.684503,0.123432
11,1.741667,0.532000,1.161939,0.533072,0.551330,-0.138886,0.338345,0.001522,-0.326118,0.684919,0.124440
11,1.745833,0.532000,1.161937,0.533203,0.551884,-0.138741,0.338292,0.001265,-0.325716,0.685301,0.125355
11,1.750000,0.532000,1.161935,0.533323,0.552388,-0.138593,0.338244,0.001033,-0.325336,0.685648,0.126181
11,1.754167,0.532000,1.161933,0.533432,0.552844,-0.138481,0.338201,0.000825,-0.325014,0.685962,0.126921
11,1.758333,0.532000,1.161932,0.533529,0.553253,-0.138366,0.338164,0.000639,-0.324713,0.686243,0.127578
11,1.762500,0.532000,1.161931,0.533615,0.553616,-0.138286,0.338131,0.000476,-0.324467,0.686492,0.128157
11,1.766667,0.532000,1.161929,0.533690,0.553933,-0.138203,0.338102,0.000334,-0.324240,0.686710,0.128660
11,1.770833,0.532000,1.161928,0.533749,0.554180,-0.138151,0.338079,0.000223,-0.324074,0.686880,0.129051
11,1.775000,0.532000,1.161928,0.533788,0.554347,-0.138095,0.338065,0.000148,-0.323942,0.686994,0.129313
11,1.779167,0.532000,1.161927,0.533812,0.554450,-0.138065,0.338055,0.000102,-0.323865,0.687065,0.129475
11,1.783333,0.532000,1.161927,0.533826,0.554509,-0.138032,0.338050,0.000076,-0.323806,0.687106,0.129568
11,1.787500,0.532000,1.161927,0.533834,0.554543,-0.138020,0.338047,0.000061,-0.323778,0.687129,0.129620
11,1.791667,0.532000,1.161927,0.533841,0.554570,-0.138007,0.338045,0.000049,-0.323753,0.687147,0.129662
11,1.795833,0.532000,1.161927,0.533850,0.554609,-0.138007,0.338041,0.000032,-0.323735,0.687174,0.129725
11,1.800000,0.532000,1.161927,0.533868,0.554681,-0.138008,0.338035,0.000000,-0.323704,0.687224,0.129837
