section,staged,time,pelvisY,headY,leftKneeBend,rightKneeBend,firstFootTravel
bench,False,0.000000,0.800162,1.429897,57.652560,57.253790,0.000001
bench,False,0.004167,0.801132,1.430872,57.748870,56.249480,0.000003
bench,False,0.008333,0.802094,1.431835,57.869970,55.229720,0.000027
bench,False,0.012500,0.803038,1.432780,58.021210,54.197230,0.000087
bench,False,0.016667,0.803957,1.433699,58.205540,53.154240,0.000204
bench,False,0.020833,0.804845,1.434586,58.426130,52.102180,0.000392
bench,False,0.025000,0.805695,1.435434,58.685040,51.043300,0.000667
bench,False,0.029167,0.806504,1.436241,58.984310,49.978500,0.001041
bench,False,0.033333,0.807267,1.437002,59.324680,48.908740,0.001529
bench,False,0.037500,0.808813,1.438547,58.279560,47.987140,0.002140
bench,False,0.041667,0.810308,1.440041,57.260540,47.072310,0.002887
bench,False,0.045833,0.811749,1.441480,56.267600,46.167560,0.003778
bench,False,0.050000,0.813134,1.442864,55.301300,45.274020,0.004822
bench,False,0.054167,0.814464,1.444192,54.360910,44.394790,0.006026
bench,False,0.058333,0.815737,1.445463,53.445300,43.531590,0.007397
bench,False,0.062500,0.816955,1.446679,52.553330,42.686290,0.008941
bench,False,0.066667,0.818118,1.447840,51.683060,41.860240,0.010662
bench,False,0.070833,0.818395,1.448113,49.830860,41.366420,0.012564
bench,False,0.075000,0.818620,1.448335,47.923400,40.901030,0.014650
bench,False,0.079167,0.818797,1.448508,45.952930,40.460110,0.016922
bench,False,0.083333,0.818927,1.448635,43.908080,40.039950,0.019382
bench,False,0.087500,0.819014,1.448720,41.775390,39.636980,0.022029
bench,False,0.091667,0.819061,1.448768,39.536760,39.245760,0.024865
bench,False,0.095833,0.819072,1.448781,37.169140,38.861910,0.027887
bench,False,0.100000,0.819051,1.448764,34.641690,38.480190,0.031095
bench,False,0.104167,0.817058,1.446778,34.435490,38.473620,0.034487
bench,False,0.108333,0.815040,1.444770,34.244320,38.471730,0.038059
bench,False,0.112500,0.813004,1.442744,34.060210,38.469920,0.041808
bench,False,0.116667,0.810954,1.440705,33.877000,38.465560,0.045730
bench,False,0.120833,0.808893,1.438658,33.685520,38.454540,0.049820
bench,False,0.125000,0.806828,1.436608,33.476530,38.433120,0.054073
bench,False,0.129167,0.804763,1.434559,33.241840,38.397250,0.058484
bench,False,0.133333,0.802703,1.432516,32.970660,38.342130,0.063046
bench,False,0.137500,0.799819,1.429651,36.081730,38.577700,0.067753
bench,False,0.141667,0.796949,1.426801,38.913600,38.778490,0.072598
bench,False,0.145833,0.794099,1.423971,41.510710,38.945800,0.077573
bench,False,0.150000,0.791272,1.421164,43.903520,39.080460,0.082671
bench,False,0.154167,0.788473,1.418383,46.111770,39.184370,0.087883
bench,False,0.158333,0.785706,1.415633,48.150890,39.258830,0.093202
bench,False,0.162500,0.782976,1.412917,50.032650,39.305620,0.098618
bench,False,0.166667,0.780285,1.410239,51.763900,39.326110,0.104123
bench,False,0.170833,0.778471,1.408435,52.873580,39.552190,0.109706
bench,False,0.175000,0.776703,1.406676,53.876360,39.745320,0.115360
bench,False,0.179167,0.774984,1.404965,54.777270,39.901630,0.121074
bench,False,0.183333,0.773316,1.403304,55.579850,40.017440,0.126838
bench,False,0.187500,0.771701,1.401695,56.287550,40.089050,0.132642
bench,False,0.191667,0.770142,1.400138,56.905080,40.112850,0.138477
bench,False,0.195833,0.768637,1.398636,57.436450,40.086120,0.144332
bench,False,0.200000,0.767189,1.397189,57.885000,40.005770,0.150197
bench,False,0.204167,0.765797,1.395796,58.252240,40.634930,0.156063
bench,False,0.208333,0.764460,1.394457,58.537960,41.211980,0.161918
bench,False,0.212500,0.763177,1.393170,58.746770,41.737120,0.167753
bench,False,0.216667,0.761945,1.391934,58.884340,42.211780,0.173558
bench,False,0.220833,0.760764,1.390745,58.956220,42.636980,0.179322
bench,False,0.225000,0.759628,1.389602,58.969140,43.013780,0.185035
bench,False,0.229167,0.758534,1.388499,58.929680,43.345030,0.190689
bench,False,0.233333,0.757478,1.387432,58.844680,43.631910,0.196272
bench,False,0.237500,0.755619,1.385562,59.145830,44.406250,0.201777
bench,False,0.241667,0.753785,1.383714,59.414360,45.130740,0.207193
bench,False,0.245833,0.751969,1.381881,59.653650,45.815220,0.212512
bench,False,0.250000,0.750162,1.380057,59.869960,46.471620,0.217725
bench,False,0.254167,0.748356,1.378232,60.068380,47.109120,0.222822
bench,False,0.258333,0.746551,1.376408,60.250270,47.733550,0.227797
bench,False,0.262500,0.744745,1.374583,60.417530,48.348860,0.232642
bench,False,0.266667,0.742939,1.372760,60.571220,48.959010,0.237350
bench,False,0.270833,0.741967,1.371771,60.315360,49.104110,0.241912
bench,False,0.275000,0.740995,1.370784,60.060390,49.248210,0.246322
bench,False,0.279167,0.740023,1.369798,59.810870,49.390520,0.250576
bench,False,0.283333,0.739050,1.368813,59.571580,49.530780,0.254666
bench,False,0.287500,0.738078,1.367830,59.347020,49.667770,0.258587
bench,False,0.291667,0.737106,1.366848,59.141560,49.801300,0.262336
bench,False,0.295833,0.736134,1.365867,58.959290,49.930220,0.265908
bench,False,0.300000,0.735162,1.364889,58.804900,50.054410,0.269299
bench,False,0.304167,0.736134,1.365856,58.581380,49.696330,0.272508
bench,False,0.308333,0.737106,1.366826,58.392770,49.340840,0.275531
bench,False,0.312500,0.738078,1.367798,58.242110,48.986400,0.278366
bench,False,0.316667,0.739050,1.368772,58.133160,48.631090,0.281014
bench,False,0.320833,0.740023,1.369747,58.068080,48.272310,0.283474
bench,False,0.325000,0.740995,1.370722,58.049800,47.908710,0.285745
bench,False,0.329167,0.741967,1.371697,58.080090,47.537730,0.287831
bench,False,0.333333,0.742939,1.372672,58.160410,47.157330,0.289733
bench,False,0.337500,0.744745,1.374480,58.981820,47.703690,0.291454
bench,False,0.341667,0.746551,1.376287,59.829880,48.231510,0.292998
bench,False,0.345833,0.748356,1.378093,60.701570,48.743700,0.294369
bench,False,0.350000,0.750162,1.379900,61.593700,49.242720,0.295573
bench,False,0.354167,0.751967,1.381706,62.503150,49.730040,0.296617
bench,False,0.358333,0.753773,1.383511,63.426900,50.208600,0.297508
bench,False,0.362500,0.755578,1.385317,64.361930,50.679720,0.298255
bench,False,0.366667,0.757384,1.387124,65.305360,51.145920,0.298867
bench,False,0.370833,0.758356,1.388097,65.126300,51.748860,0.299355
bench,False,0.375000,0.759328,1.389069,64.977560,52.338860,0.299729
bench,False,0.379167,0.760301,1.390041,64.856700,52.917090,0.300003
bench,False,0.383333,0.761273,1.391012,64.761390,53.485310,0.300191
bench,False,0.387500,0.762245,1.391984,64.688500,54.044430,0.300308
bench,False,0.391667,0.763217,1.392955,64.635220,54.595960,0.300369
bench,False,0.395833,0.764190,1.393926,64.598730,55.140860,0.300392
bench,False,0.400000,0.765162,1.394897,64.575690,55.680090,0.300396
bench,False,0.404167,0.766134,1.395870,63.977650,55.468510,0.300396
bench,False,0.408333,0.767106,1.396842,63.363440,55.285160,0.300396
bench,False,0.412500,0.768078,1.397815,62.733180,55.133190,0.300396
bench,False,0.416667,0.769051,1.398788,62.087270,55.014860,0.300395
bench,False,0.420833,0.770023,1.399760,61.425710,54.932280,0.300395
bench,False,0.425000,0.770995,1.400732,60.749030,54.887520,0.300396
bench,False,0.429167,0.771967,1.401704,60.057120,54.881900,0.300395
bench,False,0.433333,0.772939,1.402674,59.350370,54.916950,0.300395
bench,False,0.437500,0.774745,1.404478,58.751900,53.484050,0.300396
bench,False,0.441667,0.776550,1.406283,58.138520,52.058940,0.300396
bench,False,0.445833,0.778356,1.408087,57.510840,50.642550,0.300395
bench,False,0.450000,0.780161,1.409891,56.869760,49.234730,0.300395
bench,False,0.454167,0.781967,1.411695,56.216030,47.836560,0.300396
bench,False,0.458333,0.783772,1.413499,55.550620,46.447650,0.300395
bench,False,0.462500,0.785578,1.415302,54.873910,45.067860,0.300395
bench,False,0.466667,0.787384,1.417105,54.187220,43.695860,0.300395
bench,False,0.470833,0.788356,1.418074,53.725720,41.022750,0.300396
bench,False,0.475000,0.789328,1.419043,53.259740,38.191470,0.300395
bench,False,0.479167,0.790300,1.420012,52.787230,35.165660,0.300395
bench,False,0.483333,0.791273,1.420981,52.306140,31.888640,0.300395
bench,False,0.487500,0.792245,1.421951,51.814500,28.271940,0.300395
bench,False,0.491667,0.793217,1.422923,51.309890,24.161710,0.300395
bench,False,0.495833,0.794189,1.423898,50.790340,19.240480,0.300396
bench,False,0.500000,0.795161,1.424875,50.253280,12.585650,0.300396
bench,False,0.504167,0.794189,1.423910,50.026640,10.410610,0.300395
bench,False,0.508333,0.793217,1.422946,49.792080,7.863342,0.300396
bench,False,0.512500,0.792245,1.421984,49.548070,4.306351,0.300396
bench,False,0.516667,0.790641,1.420393,49.652740,3.401672,0.300396
bench,False,0.520833,0.788968,1.418733,49.790480,3.414200,0.300395
bench,False,0.525000,0.787354,1.417134,49.887860,3.426971,0.300395
bench,False,0.529167,0.785793,1.415589,49.947390,3.440369,0.300395
bench,False,0.533333,0.784279,1.414092,49.971980,3.453384,0.300395
bench,False,0.537500,0.785578,1.415410,48.141130,7.386139,0.300396
bench,False,0.541667,0.783772,1.413624,48.100560,16.417210,0.300395
bench,False,0.545833,0.781967,1.411839,48.047740,22.056730,0.300395
bench,False,0.550000,0.780161,1.410053,47.986820,26.547640,0.300396
bench,False,0.554167,0.778358,1.408268,47.920040,30.388170,0.300396
bench,False,0.558333,0.776563,1.406489,47.846450,33.782730,0.300396
bench,False,0.562500,0.774786,1.404727,47.765060,36.836940,0.300395
bench,False,0.566667,0.773033,1.402987,47.674440,39.614640,0.300395
bench,False,0.570833,0.772145,1.402109,47.707670,41.549070,0.300396
bench,False,0.575000,0.771295,1.401268,47.721450,43.339070,0.300396
bench,False,0.579167,0.770486,1.400467,47.710680,44.995830,0.300395
bench,False,0.583333,0.769723,1.399711,47.670970,46.527180,0.300395
bench,False,0.587500,0.769010,1.399003,47.597370,47.941180,0.300395
bench,False,0.591667,0.768348,1.398345,47.486400,49.244220,0.300395
bench,False,0.595833,0.767741,1.397740,47.333710,50.441560,0.300396
bench,False,0.600000,0.767189,1.397189,47.136320,51.538710,0.300395
bench,False,0.604167,0.766693,1.396692,47.514300,52.519740,0.300395
bench,False,0.608333,0.766253,1.396250,47.852400,53.401300,0.300395
bench,False,0.612500,0.765868,1.395862,48.149430,54.187900,0.300396
bench,False,0.616667,0.765538,1.395527,48.405080,54.885190,0.300395
bench,False,0.620833,0.765262,1.395243,48.618240,55.496640,0.300395
bench,False,0.625000,0.765036,1.395010,48.788710,56.027970,0.300395
bench,False,0.629167,0.764860,1.394825,48.916150,56.483380,0.300396
bench,False,0.633333,0.764730,1.394684,49.000960,56.868480,0.300395
bench,False,0.637500,0.763809,1.393752,49.559010,57.644220,0.300395
bench,False,0.641667,0.762929,1.392857,50.070680,58.352950,0.300395
bench,False,0.645833,0.762084,1.391997,50.542470,58.997020,0.300395
bench,False,0.650000,0.761272,1.391167,50.981860,59.577740,0.300395
bench,False,0.654167,0.760488,1.390364,51.395610,60.097900,0.300395
bench,False,0.658333,0.759727,1.389584,51.790630,60.559360,0.300396
bench,False,0.662500,0.758986,1.388824,52.173140,60.964540,0.300395
bench,False,0.666667,0.758258,1.388079,52.550160,61.315910,0.300395
bench,False,0.670833,0.758374,1.388179,52.445480,61.188720,0.300395
bench,False,0.675000,0.758495,1.388284,52.338360,61.022740,0.300395
bench,False,0.679167,0.758616,1.388391,52.231170,60.823940,0.300395
bench,False,0.683333,0.758732,1.388494,52.126100,60.597150,0.300395
bench,False,0.687500,0.758838,1.388589,52.025130,60.348720,0.300395
bench,False,0.691667,0.758930,1.388671,51.930740,60.084650,0.300396
bench,False,0.695833,0.759002,1.388736,51.845320,59.810970,0.300395
bench,False,0.700000,0.759051,1.388778,51.770920,59.533320,0.300395
bench,False,0.704167,0.761017,1.390739,51.124980,59.061210,0.300395
bench,False,0.708333,0.762950,1.392670,50.497160,58.594420,0.300395
bench,False,0.712500,0.764848,1.394568,49.888370,58.139660,0.300395
bench,False,0.716667,0.766705,1.396426,49.300290,57.703160,0.300395
bench,False,0.720833,0.768519,1.398243,48.733860,57.291290,0.300396
bench,False,0.725000,0.770287,1.400014,48.190060,56.909570,0.300395
bench,False,0.729167,0.772006,1.401736,47.669480,56.563510,0.300395
bench,False,0.733333,0.773674,1.403407,47.172580,56.258310,0.300395
bench,False,0.737500,0.776122,1.405856,47.587980,56.689030,0.300396
bench,False,0.741667,0.778515,1.408251,48.025240,57.156460,0.300395
bench,False,0.745833,0.780853,1.410590,48.486300,57.659750,0.300396
bench,False,0.750000,0.783134,1.412872,48.972200,58.197390,0.300395
bench,False,0.754167,0.785360,1.415098,49.483570,58.767830,0.300396
bench,False,0.758333,0.787530,1.417269,50.020100,59.368860,0.300395
bench,False,0.762500,0.789647,1.419386,50.581790,59.998380,0.300395
bench,False,0.766667,0.791711,1.421451,51.167950,60.653640,0.300396
bench,False,0.770833,0.792893,1.422634,51.966670,60.114200,0.300395
bench,False,0.775000,0.794029,1.423771,52.776260,59.608110,0.300396
bench,False,0.779167,0.795122,1.424866,53.593440,59.136140,0.300395
bench,False,0.783333,0.796179,1.425923,54.414080,58.697860,0.300396
bench,False,0.787500,0.797204,1.426949,55.234570,58.291970,0.300396
bench,False,0.791667,0.798205,1.427948,56.050700,57.917650,0.300395
bench,False,0.795833,0.799188,1.428928,56.858160,57.572330,0.300395
bench,False,0.800000,0.800162,1.429897,57.652680,57.253770,0.300395
bench,True,0.000000,0.800162,1.429897,57.652560,57.253790,0.000001
bench,True,0.004167,0.801132,1.430872,57.748570,56.249480,0.000002
bench,True,0.008333,0.802094,1.431835,57.869690,55.229720,0.000013
bench,True,0.012500,0.803038,1.432780,58.020170,54.197230,0.000044
bench,True,0.016667,0.803957,1.433699,58.203630,53.154240,0.000102
bench,True,0.020833,0.804845,1.434586,58.422300,52.102180,0.000196
bench,True,0.025000,0.805695,1.435434,58.678610,51.043300,0.000334
bench,True,0.029167,0.806504,1.436241,58.974170,49.978500,0.000520
bench,True,0.033333,0.807267,1.437002,59.309820,48.908740,0.000764
bench,True,0.037500,0.808813,1.438547,58.258450,47.987140,0.001070
bench,True,0.041667,0.810308,1.440041,57.231930,47.072310,0.001443
bench,True,0.045833,0.811749,1.441480,56.229650,46.167560,0.001889
bench,True,0.050000,0.813134,1.442864,55.252440,45.274020,0.002411
bench,True,0.054167,0.814464,1.444192,54.299180,44.394790,0.003013
bench,True,0.058333,0.815737,1.445463,53.368950,43.531590,0.003699
bench,True,0.062500,0.816955,1.446679,52.460530,42.686290,0.004470
bench,True,0.066667,0.818118,1.447840,51.572390,41.860240,0.005331
bench,True,0.070833,0.818395,1.448113,49.696950,41.366420,0.006282
bench,True,0.075000,0.818620,1.448335,47.763150,40.901030,0.007325
bench,True,0.079167,0.818797,1.448508,45.762730,40.460110,0.008461
bench,True,0.083333,0.818927,1.448635,43.684540,40.039950,0.009691
bench,True,0.087500,0.819014,1.448720,41.513990,39.636980,0.011015
bench,True,0.091667,0.819061,1.448768,39.233640,39.245760,0.012432
bench,True,0.095833,0.819072,1.448781,36.819520,38.861910,0.013944
bench,True,0.100000,0.819051,1.448764,34.239550,38.480190,0.015548
bench,True,0.104167,0.817058,1.446778,34.006150,38.473620,0.017244
bench,True,0.108333,0.815040,1.444770,33.793170,38.471730,0.019029
bench,True,0.112500,0.813004,1.442744,33.595210,38.469920,0.020904
bench,True,0.116667,0.810954,1.440705,33.407440,38.465560,0.022865
bench,True,0.120833,0.808893,1.438658,33.224900,38.454540,0.024910
bench,True,0.125000,0.806828,1.436608,33.041000,38.433120,0.027037
bench,True,0.129167,0.804763,1.434559,32.850300,38.397250,0.029242
bench,True,0.133333,0.802703,1.432516,32.645190,38.342130,0.031523
bench,True,0.137500,0.799819,1.429651,35.870000,38.577700,0.033877
bench,True,0.141667,0.796949,1.426801,38.819270,38.778490,0.036299
bench,True,0.145833,0.794099,1.423971,41.541290,38.945800,0.038786
bench,True,0.150000,0.791272,1.421164,44.069270,39.080460,0.041336
bench,True,0.154167,0.788473,1.418383,46.425090,39.184370,0.043942
bench,True,0.158333,0.785706,1.415633,48.625350,39.258830,0.046601
bench,True,0.162500,0.782976,1.412917,50.682750,39.305620,0.049309
bench,True,0.166667,0.780285,1.410239,52.605900,39.326110,0.052061
bench,True,0.170833,0.778471,1.408435,53.932670,39.552190,0.054853
bench,True,0.175000,0.776703,1.406676,55.171640,39.745320,0.057680
bench,True,0.179167,0.774984,1.404965,56.328000,39.901630,0.060537
bench,True,0.183333,0.773316,1.403304,57.405910,40.017440,0.063419
bench,True,0.187500,0.771701,1.401695,58.408720,40.089050,0.066321
bench,True,0.191667,0.770142,1.400138,59.340860,40.112850,0.069238
bench,True,0.195833,0.768637,1.398636,60.206210,40.086120,0.072166
bench,True,0.200000,0.767189,1.397189,61.008220,40.005770,0.075099
bench,True,0.204167,0.765797,1.395796,61.748510,40.634930,0.078031
bench,True,0.208333,0.764460,1.394457,62.425340,41.211980,0.080959
bench,True,0.212500,0.763177,1.393170,63.042450,41.737120,0.083876
bench,True,0.216667,0.761945,1.391934,63.604390,42.211780,0.086779
bench,True,0.220833,0.760764,1.390745,64.115430,42.636980,0.089661
bench,True,0.225000,0.759628,1.389602,64.581220,43.013780,0.092518
bench,True,0.229167,0.758534,1.388499,65.005910,43.345030,0.095344
bench,True,0.233333,0.757478,1.387432,65.394740,43.631910,0.098136
bench,True,0.237500,0.755619,1.385562,66.149350,44.406250,0.100889
bench,True,0.241667,0.753785,1.383714,66.873380,45.130740,0.103597
bench,True,0.245833,0.751969,1.381881,67.569240,45.815220,0.106256
bench,True,0.250000,0.750162,1.380057,68.239860,46.471620,0.108863
bench,True,0.254167,0.748356,1.378232,68.888020,47.109120,0.111411
bench,True,0.258333,0.746551,1.376408,69.512630,47.733550,0.113899
bench,True,0.262500,0.744745,1.374583,70.114010,48.348860,0.116321
bench,True,0.266667,0.742939,1.372760,70.690320,48.959010,0.118675
bench,True,0.270833,0.741967,1.371771,70.877610,49.104110,0.120956
bench,True,0.275000,0.740995,1.370784,71.050940,49.248210,0.123161
bench,True,0.279167,0.740023,1.369798,71.212490,49.390520,0.125288
bench,True,0.283333,0.739050,1.368813,71.364110,49.530780,0.127334
bench,True,0.287500,0.738078,1.367830,71.507800,49.667770,0.129294
bench,True,0.291667,0.737106,1.366848,71.645090,49.801300,0.131168
bench,True,0.295833,0.736134,1.365867,71.778530,49.930220,0.132954
bench,True,0.300000,0.735162,1.364889,71.909530,50.054410,0.134650
bench,True,0.304167,0.736134,1.365856,71.842830,49.696330,0.136254
bench,True,0.308333,0.737106,1.366826,71.775740,49.340840,0.137766
bench,True,0.312500,0.738078,1.367798,71.710490,48.986400,0.139183
bench,True,0.316667,0.739050,1.368772,71.650210,48.631090,0.140507
bench,True,0.320833,0.740023,1.369747,71.597060,48.272310,0.141737
bench,True,0.325000,0.740995,1.370722,71.553570,47.908710,0.142873
bench,True,0.329167,0.741967,1.371697,71.521580,47.537730,0.143916
bench,True,0.333333,0.742939,1.372672,71.503770,47.157330,0.144866
bench,True,0.337500,0.744745,1.374480,71.990260,47.703690,0.145727
bench,True,0.341667,0.746551,1.376287,72.485150,48.231510,0.146499
bench,True,0.345833,0.748356,1.378093,72.987760,48.743700,0.147184
bench,True,0.350000,0.750162,1.379900,73.497500,49.242720,0.147787
bench,True,0.354167,0.751967,1.381706,74.013730,49.730040,0.148309
bench,True,0.358333,0.753773,1.383511,74.535710,50.208600,0.148754
bench,True,0.362500,0.755578,1.385317,75.062330,50.679720,0.149128
bench,True,0.366667,0.757384,1.387124,75.593710,51.145920,0.149433
bench,True,0.370833,0.758356,1.388097,75.212700,51.748860,0.149677
bench,True,0.375000,0.759328,1.389069,74.843310,52.338860,0.149865
bench,True,0.379167,0.760301,1.390041,74.485530,52.917090,0.150002
bench,True,0.383333,0.761273,1.391012,74.139340,53.485310,0.150096
bench,True,0.387500,0.762245,1.391984,73.803850,54.044430,0.150154
bench,True,0.391667,0.763217,1.392955,73.479570,54.595960,0.150185
bench,True,0.395833,0.764190,1.393926,73.165570,55.140860,0.150196
bench,True,0.400000,0.765162,1.394897,72.861830,55.680090,0.150198
bench,True,0.404167,0.766134,1.395870,72.059510,55.468510,0.150198
bench,True,0.408333,0.767106,1.396842,71.239110,55.285160,0.150198
bench,True,0.412500,0.768078,1.397815,70.400570,55.133190,0.150198
bench,True,0.416667,0.769051,1.398788,69.543910,55.014860,0.150198
bench,True,0.420833,0.770023,1.399760,68.669270,54.932280,0.150198
bench,True,0.425000,0.770995,1.400732,67.776370,54.887520,0.150198
bench,True,0.429167,0.771967,1.401704,66.865880,54.881900,0.150198
bench,True,0.433333,0.772939,1.402674,65.937190,54.916950,0.150197
bench,True,0.437500,0.774745,1.404478,65.078220,53.484050,0.150198
bench,True,0.441667,0.776550,1.406283,64.203170,52.058940,0.150198
bench,True,0.445833,0.778356,1.408087,63.312160,50.642550,0.150198
bench,True,0.450000,0.780161,1.409891,62.405310,49.234730,0.150198
bench,True,0.454167,0.781967,1.411695,61.484120,47.836560,0.150198
bench,True,0.458333,0.783772,1.413499,60.548080,46.447650,0.150197
bench,True,0.462500,0.785578,1.415302,59.597900,45.067860,0.150198
bench,True,0.466667,0.787384,1.417105,58.634560,43.695860,0.150198
bench,True,0.470833,0.788356,1.418074,57.886150,41.022750,0.150198
bench,True,0.475000,0.789328,1.419043,57.129070,38.191470,0.150197
bench,True,0.479167,0.790300,1.420012,56.360990,35.165660,0.150198
bench,True,0.483333,0.791273,1.420981,55.579620,31.888640,0.150198
bench,True,0.487500,0.792245,1.421951,54.782840,28.271940,0.150198
bench,True,0.491667,0.793217,1.422923,53.968130,24.161710,0.150197
bench,True,0.495833,0.794189,1.423898,53.132760,19.240220,0.150198
bench,True,0.500000,0.795161,1.424875,52.273920,12.585650,0.150198
bench,True,0.504167,0.794189,1.423910,51.725010,10.410610,0.150198
bench,True,0.508333,0.793217,1.422946,51.159680,7.863342,0.150198
bench,True,0.512500,0.792245,1.421984,50.576540,4.306351,0.150198
bench,True,0.516667,0.790641,1.420393,50.329070,3.401672,0.150198
bench,True,0.520833,0.788968,1.418733,50.109100,3.414200,0.150198
bench,True,0.525000,0.787354,1.417134,49.842380,3.426971,0.150198
bench,True,0.529167,0.785793,1.415589,49.531310,3.440369,0.150197
bench,True,0.533333,0.784279,1.414092,49.177840,3.453384,0.150198
bench,True,0.537500,0.785578,1.415410,46.930270,7.386139,0.150198
bench,True,0.541667,0.783772,1.413624,46.484860,16.417210,0.150198
bench,True,0.545833,0.781967,1.411839,46.015630,22.056730,0.150198
bench,True,0.550000,0.780161,1.410053,45.525960,26.547640,0.150198
bench,True,0.554167,0.778356,1.408266,45.019350,30.389570,0.150198
bench,True,0.558333,0.776550,1.406477,44.498120,33.792980,0.150198
bench,True,0.562500,0.774745,1.404686,43.966430,36.868150,0.150198
bench,True,0.566667,0.772939,1.402893,43.427380,39.681730,0.150198
bench,True,0.570833,0.771967,1.401931,43.048140,41.671400,0.150198
bench,True,0.575000,0.770995,1.400969,42.665950,43.536900,0.150198
bench,True,0.579167,0.770023,1.400004,42.279140,45.291310,0.150198
bench,True,0.583333,0.769051,1.399039,41.885060,46.943860,0.150198
bench,True,0.587500,0.768078,1.398072,41.480900,48.502980,0.150198
bench,True,0.591667,0.767106,1.397103,41.065120,49.976120,0.150198
bench,True,0.595833,0.766134,1.396133,40.634280,51.368640,0.150198
bench,True,0.600000,0.765162,1.395161,40.186170,52.685980,0.150198
bench,True,0.604167,0.764190,1.394189,40.461940,53.912850,0.150198
bench,True,0.608333,0.763217,1.393214,40.733180,55.065440,0.150198
bench,True,0.612500,0.762245,1.392238,40.996830,56.148280,0.150198
bench,True,0.616667,0.761273,1.391261,41.251680,57.166160,0.150198
bench,True,0.620833,0.760301,1.390282,41.494420,58.122350,0.150198
bench,True,0.625000,0.759328,1.389302,41.724000,59.021800,0.150198
bench,True,0.629167,0.758356,1.388321,41.937880,59.867070,0.150197
bench,True,0.633333,0.757384,1.387339,42.134370,60.663000,0.150198
bench,True,0.637500,0.755578,1.385521,42.881990,61.840880,0.150198
bench,True,0.641667,0.753773,1.383701,43.596150,62.965930,0.150197
bench,True,0.645833,0.751967,1.381880,44.282010,64.038600,0.150198
bench,True,0.650000,0.750162,1.380057,44.945280,65.059140,0.150198
bench,True,0.654167,0.748356,1.378232,45.590210,66.028700,0.150198
bench,True,0.658333,0.746551,1.376408,46.221680,66.947830,0.150198
bench,True,0.662500,0.744745,1.374583,46.843320,67.816760,0.150198
bench,True,0.666667,0.742939,1.372760,47.459640,68.636510,0.150197
bench,True,0.670833,0.741967,1.371771,47.575160,69.023950,0.150198
bench,True,0.675000,0.740995,1.370784,47.689270,69.377850,0.150198
bench,True,0.679167,0.740023,1.369798,47.801960,69.701240,0.150198
bench,True,0.683333,0.739050,1.368813,47.912480,69.997360,0.150198
bench,True,0.687500,0.738078,1.367830,48.022130,70.269580,0.150197
bench,True,0.691667,0.737106,1.366848,48.132600,70.521680,0.150198
bench,True,0.695833,0.736134,1.365867,48.246600,70.757230,0.150198
bench,True,0.700000,0.735162,1.364889,48.365070,70.978720,0.150198
bench,True,0.704167,0.736134,1.365856,47.962980,70.971180,0.150197
bench,True,0.708333,0.737106,1.366826,47.578930,70.953540,0.150197
bench,True,0.712500,0.738078,1.367798,47.212920,70.929730,0.150197
bench,True,0.716667,0.739050,1.368772,46.865750,70.903500,0.150198
bench,True,0.720833,0.740023,1.369747,46.537450,70.878200,0.150197
bench,True,0.725000,0.740995,1.370722,46.228470,70.857640,0.150198
bench,True,0.729167,0.741967,1.371697,45.938260,70.844920,0.150198
bench,True,0.733333,0.742939,1.372672,45.666170,70.842850,0.150197
bench,True,0.737500,0.744745,1.374480,46.370770,71.343010,0.150198
bench,True,0.741667,0.746551,1.376287,47.077040,71.849460,0.150198
bench,True,0.745833,0.748356,1.378093,47.786480,72.362210,0.150198
bench,True,0.750000,0.750162,1.379900,48.500050,72.881400,0.150198
bench,True,0.754167,0.751967,1.381706,49.218570,73.406680,0.150198
bench,True,0.758333,0.753773,1.383511,49.942400,73.937640,0.150198
bench,True,0.762500,0.755578,1.385317,50.671490,74.474170,0.150198
bench,True,0.766667,0.757384,1.387124,51.405620,75.015610,0.150198
bench,True,0.770833,0.758356,1.388097,52.299460,74.641320,0.150198
bench,True,0.775000,0.759328,1.389071,53.188580,74.278740,0.150198
bench,True,0.779167,0.760301,1.390044,54.071010,73.929440,0.150198
bench,True,0.783333,0.761273,1.391017,54.944560,73.594260,0.150198
bench,True,0.787500,0.762245,1.391989,55.807260,73.274640,0.150198
bench,True,0.791667,0.763217,1.392960,56.657150,72.971690,0.150198
bench,True,0.795833,0.764190,1.393930,57.492630,72.686290,0.150198
bench,True,0.800000,0.765162,1.394897,58.311720,72.419560,0.150198
bench,True,0.804167,0.766134,1.395874,58.436130,71.634250,0.150199
bench,True,0.808333,0.767106,1.396848,58.581460,70.839320,0.150211
bench,True,0.812500,0.768078,1.397821,58.749010,70.034190,0.150241
bench,True,0.816667,0.769051,1.398793,58.940610,69.217720,0.150300
bench,True,0.820833,0.770023,1.399764,59.157260,68.388990,0.150394
bench,True,0.825000,0.770995,1.400734,59.400170,67.547180,0.150531
bench,True,0.829167,0.771967,1.401704,59.670300,66.691190,0.150718
bench,True,0.833333,0.772939,1.402674,59.967740,65.819660,0.150962
bench,True,0.837500,0.774745,1.404478,58.908000,65.013370,0.151268
bench,True,0.841667,0.776550,1.406283,57.857800,64.195010,0.151641
bench,True,0.845833,0.778356,1.408087,56.816600,63.365000,0.152087
bench,True,0.850000,0.780161,1.409891,55.783390,62.524110,0.152609
bench,True,0.854167,0.781967,1.411695,54.757390,61.673030,0.153211
bench,True,0.858333,0.783772,1.413499,53.736890,60.812600,0.153896
bench,True,0.862500,0.785578,1.415302,52.720540,59.943030,0.154668
bench,True,0.866667,0.787384,1.417105,51.706420,59.065830,0.155529
bench,True,0.870833,0.788356,1.418074,49.657590,58.418050,0.156480
bench,True,0.875000,0.789328,1.419043,47.522250,57.767230,0.157523
bench,True,0.879167,0.790300,1.420012,45.287890,57.111510,0.158659
bench,True,0.883333,0.791273,1.420981,42.937820,56.449040,0.159889
bench,True,0.887500,0.792245,1.421951,40.450450,55.777600,0.161212
bench,True,0.891667,0.793217,1.422923,37.797150,55.095190,0.162630
bench,True,0.895833,0.794189,1.423898,34.938250,54.399550,0.164141
bench,True,0.900000,0.795161,1.424875,31.815540,53.688120,0.165745
bench,True,0.904167,0.794189,1.423910,31.044240,53.273990,0.167441
bench,True,0.908333,0.793217,1.422946,30.272080,52.851390,0.169227
bench,True,0.912500,0.792245,1.421984,29.496260,52.419810,0.171102
bench,True,0.916667,0.791273,1.421024,28.712720,51.978210,0.173063
bench,True,0.920833,0.790300,1.420065,27.917600,51.526110,0.175108
bench,True,0.925000,0.789328,1.419108,27.105150,51.062060,0.177234
bench,True,0.929167,0.788356,1.418152,26.270390,50.585800,0.179440
bench,True,0.933333,0.787384,1.417197,25.405430,50.095760,0.181721
bench,True,0.937500,0.785578,1.415410,28.901700,49.848130,0.184074
bench,True,0.941667,0.783772,1.413624,32.033480,49.584520,0.186497
bench,True,0.945833,0.781967,1.411839,34.888960,49.307850,0.188984
bench,True,0.950000,0.780161,1.410053,37.523770,49.022140,0.191533
bench,True,0.954167,0.778358,1.408268,39.972350,48.729980,0.194139
bench,True,0.958333,0.776563,1.406489,42.254460,48.429930,0.196799
bench,True,0.962500,0.774786,1.404727,44.382970,48.121350,0.199507
bench,True,0.966667,0.773033,1.402987,46.367050,47.803100,0.202259
bench,True,0.970833,0.772145,1.402109,47.714200,47.639970,0.205051
bench,True,0.975000,0.771295,1.401268,48.968280,47.460100,0.207878
bench,True,0.979167,0.770486,1.400467,50.132610,47.258580,0.210734
bench,True,0.983333,0.769723,1.399711,51.210190,47.030320,0.213617
bench,True,0.987500,0.769010,1.399003,52.204030,46.770680,0.216519
bench,True,0.991667,0.768348,1.398345,53.117260,46.475220,0.219436
bench,True,0.995833,0.767741,1.397740,53.952030,46.139530,0.222364
bench,True,1.000000,0.767189,1.397189,54.711950,45.760010,0.225297
bench,True,1.004167,0.766693,1.396692,55.399560,45.997830,0.228229
bench,True,1.008333,0.766253,1.396250,56.009810,46.201780,0.231157
bench,True,1.012500,0.765868,1.395862,56.545710,46.370190,0.234074
bench,True,1.016667,0.765538,1.395527,57.011350,46.502040,0.236976
bench,True,1.020833,0.765262,1.395243,57.410110,46.596160,0.239858
bench,True,1.025000,0.765036,1.395010,57.746140,46.651760,0.242715
bench,True,1.029167,0.764860,1.394825,58.022970,46.668490,0.245542
bench,True,1.033333,0.764730,1.394684,58.244860,46.646100,0.248334
bench,True,1.037500,0.763809,1.393752,58.847270,47.102050,0.251086
bench,True,1.041667,0.762929,1.392857,59.398960,47.515560,0.253794
bench,True,1.045833,0.762084,1.391997,59.901300,47.894260,0.256454
bench,True,1.050000,0.761272,1.391167,60.354660,48.244830,0.259060
bench,True,1.054167,0.760488,1.390364,60.760700,48.574980,0.261609
bench,True,1.058333,0.759727,1.389584,61.120380,48.891480,0.264096
bench,True,1.062500,0.758986,1.388824,61.435420,49.201070,0.266519
bench,True,1.066667,0.758258,1.388079,61.707080,49.510960,0.268872
bench,True,1.070833,0.758374,1.388179,61.529170,49.342010,0.271153
bench,True,1.075000,0.758495,1.388284,61.320470,49.175570,0.273359
bench,True,1.079167,0.758616,1.388391,61.085710,49.014180,0.275485
bench,True,1.083333,0.758732,1.388494,60.829890,48.860180,0.277530
bench,True,1.087500,0.758838,1.388589,60.557530,48.715770,0.279491
bench,True,1.091667,0.758930,1.388671,60.273510,48.583270,0.281366
bench,True,1.095833,0.759002,1.388736,59.983090,48.465270,0.283152
bench,True,1.100000,0.759051,1.388778,59.691120,48.363780,0.284848
bench,True,1.104167,0.761017,1.390739,59.237750,47.718810,0.286452
bench,True,1.108333,0.762950,1.392670,58.790600,47.096390,0.287963
bench,True,1.112500,0.764848,1.394568,58.355580,46.497600,0.289381
bench,True,1.116667,0.766705,1.396426,57.938780,45.922730,0.290704
bench,True,1.120833,0.768519,1.398243,57.546060,45.372880,0.291935
bench,True,1.125000,0.770287,1.400014,57.182750,44.848010,0.293070
bench,True,1.129167,0.772006,1.401736,56.854100,44.348860,0.294113
bench,True,1.133333,0.773674,1.403407,56.565390,43.874180,0.295064
bench,True,1.137500,0.776122,1.405856,57.015020,44.411560,0.295925
bench,True,1.141667,0.778515,1.408251,57.499470,44.966170,0.296697
bench,True,1.145833,0.780853,1.410590,58.017860,45.539600,0.297382
bench,True,1.150000,0.783134,1.412872,58.568980,46.132980,0.297984
bench,True,1.154167,0.785360,1.415098,59.151620,46.746690,0.298506
bench,True,1.158333,0.787530,1.417269,59.763790,47.380860,0.298952
bench,True,1.162500,0.789647,1.419386,60.403110,48.035170,0.299325
bench,True,1.166667,0.791711,1.421451,61.067290,48.709270,0.299631
bench,True,1.170833,0.792893,1.422633,60.540970,49.581440,0.299875
bench,True,1.175000,0.794028,1.423769,60.050170,50.457050,0.300062
bench,True,1.179167,0.795122,1.424863,59.594230,51.335280,0.300199
bench,True,1.183333,0.796179,1.425918,59.171010,52.213970,0.300293
bench,True,1.187500,0.797204,1.426943,58.778560,53.090800,0.300352
bench,True,1.191667,0.798205,1.427942,58.414310,53.964100,0.300382
bench,True,1.195833,0.799188,1.428924,58.074250,54.830350,0.300394
bench,True,1.200000,0.800162,1.429897,57.754220,55.687510,0.300396
can,False,0.000000,0.800162,1.429898,57.652540,57.253680,0.000000
can,False,0.004167,0.799189,1.428929,56.868820,57.560180,0.000003
can,False,0.008333,0.798217,1.427960,56.090900,57.866420,0.000025
can,False,0.012500,0.797245,1.426989,55.320010,58.171580,0.000083
can,False,0.016667,0.796273,1.426017,54.557410,58.475140,0.000195
can,False,0.020833,0.795300,1.425044,53.803660,58.776010,0.000374
can,False,0.025000,0.794328,1.424071,53.059700,59.073410,0.000635
can,False,0.029167,0.793356,1.423097,52.326450,59.366820,0.000993
can,False,0.033333,0.792384,1.422123,51.604640,59.655200,0.001457
can,False,0.037500,0.790578,1.420317,51.091740,58.676360,0.002041
can,False,0.041667,0.788773,1.418511,50.597690,57.665660,0.002753
can,False,0.045833,0.786967,1.416705,50.120880,56.621710,0.003603
can,False,0.050000,0.785161,1.414899,49.659420,55.543590,0.004599
can,False,0.054167,0.783356,1.413093,49.211210,54.429370,0.005747
can,False,0.058333,0.781550,1.411286,48.774110,53.277400,0.007055
can,False,0.062500,0.779745,1.409479,48.345260,52.085420,0.008528
can,False,0.066667,0.777939,1.407672,47.921720,50.850880,0.010169
can,False,0.070833,0.776967,1.406697,48.375370,50.385640,0.011983
can,False,0.075000,0.775995,1.405722,48.835710,49.914630,0.013972
can,False,0.079167,0.775023,1.404747,49.303100,49.435390,0.016139
can,False,0.083333,0.774051,1.403772,49.777690,48.945160,0.018485
can,False,0.087500,0.773078,1.402798,50.258960,48.440930,0.021010
can,False,0.091667,0.772106,1.401826,50.746870,47.919880,0.023714
can,False,0.095833,0.771134,1.400856,51.240400,47.378330,0.026597
can,False,0.100000,0.770162,1.399889,51.739690,46.813290,0.029657
can,False,0.104167,0.771134,1.400867,51.650830,46.035770,0.032891
can,False,0.108333,0.772106,1.401848,51.558900,45.234660,0.036298
can,False,0.112500,0.773078,1.402830,51.462170,44.408040,0.039873
can,False,0.116667,0.774051,1.403813,51.358320,43.554340,0.043613
can,False,0.120833,0.775023,1.404798,51.245040,42.671400,0.047514
can,False,0.125000,0.775995,1.405784,51.120040,41.756910,0.051570
can,False,0.129167,0.776967,1.406771,50.980930,40.808380,0.055777
can,False,0.133333,0.777940,1.407760,50.825100,39.821950,0.060128
can,False,0.137500,0.779745,1.409583,50.155290,38.108900,0.064617
can,False,0.141667,0.781550,1.411407,49.460540,36.292510,0.069238
can,False,0.145833,0.783356,1.413232,48.733230,34.361950,0.073983
can,False,0.150000,0.785161,1.415056,47.966370,32.303450,0.078845
can,False,0.154167,0.786967,1.416880,47.151110,30.096690,0.083816
can,False,0.158333,0.788773,1.418701,46.279250,27.713320,0.088889
can,False,0.162500,0.790578,1.420521,45.341450,25.110600,0.094054
can,False,0.166667,0.792384,1.422338,44.327930,22.220400,0.099304
can,False,0.170833,0.793356,1.423321,43.809650,20.238360,0.104629
can,False,0.175000,0.794328,1.424302,43.225720,18.047150,0.110021
can,False,0.179167,0.795300,1.425282,42.574550,15.553670,0.115470
can,False,0.183333,0.796273,1.426261,41.854950,12.570100,0.120968
can,False,0.187500,0.797245,1.427238,41.064940,8.590179,0.126503
can,False,0.191667,0.797826,1.427823,40.496060,3.452866,0.132068
can,False,0.195833,0.797334,1.427333,40.667770,3.453537,0.137653
can,False,0.200000,0.796821,1.426821,40.800720,3.453140,0.143247
can,False,0.204167,0.796243,1.426242,41.655550,3.453384,0.148840
can,False,0.208333,0.795654,1.425651,42.443270,3.453140,0.154425
can,False,0.212500,0.795050,1.425043,43.174330,3.453140,0.159989
can,False,0.216667,0.794428,1.424416,43.858060,3.453384,0.165525
can,False,0.220833,0.793786,1.423768,44.502620,3.452637,0.171023
can,False,0.225000,0.793119,1.423093,45.117420,3.453384,0.176472
can,False,0.229167,0.792425,1.422390,45.709820,3.452530,0.181863
can,False,0.233333,0.791700,1.421654,46.288020,3.453995,0.187189
can,False,0.237500,0.790821,1.420762,47.631850,3.452866,0.192438
can,False,0.241667,0.789899,1.419826,48.943480,3.453781,0.197604
can,False,0.245833,0.788942,1.418852,50.221310,3.454559,0.202676
can,False,0.250000,0.787957,1.417848,51.463350,3.452866,0.207648
can,False,0.254167,0.786949,1.416821,52.668440,3.453384,0.212510
can,False,0.258333,0.785926,1.415778,53.835350,3.453262,0.217255
can,False,0.262500,0.784895,1.414727,54.962940,3.452866,0.221875
can,False,0.266667,0.783862,1.413675,56.050280,3.455017,0.226365
can,False,0.270833,0.786317,1.416113,55.136730,3.439163,0.230716
can,False,0.275000,0.788775,1.418555,54.216060,3.427994,0.234922
can,False,0.279167,0.791236,1.421001,53.290860,3.414490,0.238979
can,False,0.283333,0.793699,1.423450,52.364350,3.401672,0.242880
can,False,0.287500,0.796162,1.425902,51.440030,3.389801,0.246620
can,False,0.291667,0.798626,1.428355,50.521380,3.377075,0.250195
can,False,0.295833,0.801089,1.430810,49.610660,3.367599,0.253602
can,False,0.300000,0.803551,1.433265,48.711780,3.354324,0.256836
can,False,0.304167,0.807200,1.436908,46.296920,3.339874,0.259896
can,False,0.308333,0.810857,1.440563,43.775880,3.326248,0.262778
can,False,0.312500,0.814519,1.444225,41.135210,3.312454,0.265483
can,False,0.316667,0.818182,1.447891,38.357090,3.298889,0.268008
can,False,0.320833,0.821843,1.451555,35.416280,3.286102,0.270354
can,False,0.325000,0.824328,1.454043,33.230210,8.348724,0.272521
can,False,0.329167,0.823356,1.453074,33.803470,17.328980,0.274510
can,False,0.333333,0.822384,1.452105,34.422680,22.956240,0.276324
can,False,0.337500,0.820578,1.450302,35.442370,25.267640,0.277965
can,False,0.341667,0.818772,1.448499,36.489140,27.354720,0.279437
can,False,0.345833,0.816967,1.446695,37.559080,29.267620,0.280745
can,False,0.350000,0.815161,1.444891,38.649700,31.040570,0.281894
can,False,0.354167,0.813356,1.443087,39.757570,32.698410,0.282889
can,False,0.358333,0.811550,1.441283,40.879380,34.259460,0.283739
can,False,0.362500,0.809745,1.439479,42.012150,35.738780,0.284451
can,False,0.366667,0.807939,1.437674,43.153210,37.147510,0.285035
can,False,0.370833,0.806967,1.436704,44.475230,36.266170,0.285500
can,False,0.375000,0.805995,1.435732,45.791730,35.349490,0.285857
can,False,0.379167,0.805023,1.434760,47.100630,34.396130,0.286119
can,False,0.383333,0.804050,1.433788,48.400070,33.403850,0.286298
can,False,0.387500,0.803078,1.432815,49.687850,32.370390,0.286409
can,False,0.391667,0.802106,1.431842,50.963040,31.293580,0.286467
can,False,0.395833,0.801134,1.430869,52.222950,30.169830,0.286489
can,False,0.400000,0.800162,1.429897,53.466380,28.994630,0.286493
can,False,0.404167,0.799189,1.428926,53.982460,26.130890,0.286493
can,False,0.408333,0.798217,1.427954,54.484860,22.942810,0.286493
can,False,0.412500,0.797245,1.426984,54.974810,19.283250,0.286493
can,False,0.416667,0.796273,1.426012,55.453660,14.824100,0.286493
can,False,0.420833,0.795300,1.425041,55.922200,8.396545,0.286493
can,False,0.425000,0.792544,1.422285,57.244400,3.300613,0.286493
can,False,0.429167,0.788640,1.418380,59.075050,3.310196,0.286493
can,False,0.433333,0.784832,1.414571,60.811600,3.318649,0.286493
can,False,0.437500,0.780485,1.410224,61.174510,3.330139,0.286493
can,False,0.441667,0.776258,1.405997,61.484700,3.341461,0.286493
can,False,0.445833,0.772158,1.401896,61.739980,3.353500,0.286493
can,False,0.450000,0.768191,1.397929,61.938580,3.366150,0.286493
can,False,0.454167,0.764363,1.394100,62.077710,3.378754,0.286492
can,False,0.458333,0.760680,1.390416,62.155220,3.391479,0.286493
can,False,0.462500,0.757144,1.386879,62.169920,3.404663,0.286493
can,False,0.466667,0.753760,1.383492,62.119280,3.418900,0.286493
can,False,0.470833,0.753424,1.383154,61.606360,3.422455,0.286493
can,False,0.475000,0.753251,1.382978,61.006580,3.427551,0.286493
can,False,0.479167,0.753244,1.382968,60.312500,3.431305,0.286492
can,False,0.483333,0.753403,1.383124,59.518220,3.435364,0.286493
can,False,0.487500,0.753729,1.383449,58.616780,3.439011,0.286493
can,False,0.491667,0.754219,1.383939,57.601430,3.443604,0.286493
can,False,0.495833,0.754868,1.384591,56.465260,3.448380,0.286493
can,False,0.500000,0.755675,1.385402,55.199650,3.452301,0.286493
can,False,0.504167,0.757973,1.387706,53.945220,3.452118,0.286493
can,False,0.508333,0.760381,1.390123,52.592750,3.453323,0.286493
can,False,0.512500,0.762890,1.392642,51.140140,3.452591,0.286493
can,False,0.516667,0.765486,1.395249,49.586990,3.452805,0.286493
can,False,0.520833,0.768157,1.397932,47.931110,3.452591,0.286493
can,False,0.525000,0.770890,1.400679,46.169140,3.452866,0.286493
can,False,0.529167,0.773672,1.403476,44.298050,3.452866,0.286493
can,False,0.533333,0.776488,1.406308,42.312480,3.454407,0.286493
can,False,0.537500,0.779394,1.409232,40.129870,3.452866,0.286493
can,False,0.541667,0.781550,1.411407,38.404040,7.287308,0.286493
can,False,0.545833,0.783356,1.413232,36.875110,10.643130,0.286493
can,False,0.550000,0.785161,1.415056,35.274490,13.135410,0.286493
can,False,0.554167,0.786967,1.416880,33.597820,15.157300,0.286493
can,False,0.558333,0.788773,1.418701,31.838750,16.847760,0.286493
can,False,0.562500,0.790578,1.420521,29.989120,18.268310,0.286493
can,False,0.566667,0.792384,1.422338,28.037960,19.452590,0.286493
can,False,0.570833,0.793356,1.423321,26.931080,21.506230,0.286493
can,False,0.575000,0.794328,1.424302,25.790020,23.260480,0.286493
can,False,0.579167,0.795300,1.425282,24.605900,24.770970,0.286493
can,False,0.583333,0.796273,1.426261,23.368450,26.072690,0.286493
can,False,0.587500,0.797245,1.427238,22.063810,27.189330,0.286493
can,False,0.591667,0.798217,1.428214,20.675890,28.139300,0.286493
can,False,0.595833,0.799189,1.429188,19.180270,28.933760,0.286493
can,False,0.600000,0.800162,1.430161,17.544910,29.583600,0.286493
can,False,0.604167,0.801134,1.431133,15.705490,31.095960,0.286493
can,False,0.608333,0.802106,1.432103,13.629970,32.401380,0.286493
can,False,0.612500,0.803078,1.433071,11.176650,33.524570,0.286493
can,False,0.616667,0.804050,1.434038,7.998520,34.486880,0.286493
can,False,0.620833,0.804868,1.434850,3.453491,35.431630,0.286493
can,False,0.625000,0.804802,1.434776,3.453262,36.950210,0.286493
can,False,0.629167,0.804724,1.434688,3.453140,38.317440,0.286493
can,False,0.633333,0.804632,1.434585,3.454117,39.555510,0.286493
can,False,0.637500,0.804494,1.434435,3.453384,41.496520,0.286493
can,False,0.641667,0.804336,1.434263,3.453033,43.278460,0.286493
can,False,0.645833,0.804166,1.434076,3.453384,44.915790,0.286493
can,False,0.650000,0.803989,1.433881,3.453491,46.420930,0.286493
can,False,0.654167,0.803812,1.433684,3.453033,47.803800,0.286493
can,False,0.658333,0.803642,1.433494,3.452988,49.072510,0.286493
can,False,0.662500,0.803485,1.433317,3.453995,50.233470,0.286493
can,False,0.666667,0.803347,1.433160,3.455200,51.292690,0.286493
can,False,0.670833,0.806453,1.436249,3.439850,50.245860,0.286493
can,False,0.675000,0.809568,1.439348,3.428391,49.137850,0.286493
can,False,0.679167,0.812692,1.442458,3.414322,47.971190,0.286493
can,False,0.683333,0.815824,1.445576,3.401901,46.748260,0.286493
can,False,0.687500,0.818963,1.448702,3.389389,45.472380,0.286493
can,False,0.691667,0.822107,1.451836,3.378052,44.145860,0.286493
can,False,0.695833,0.825255,1.454976,3.365692,42.770260,0.286493
can,False,0.700000,0.828408,1.458121,3.355148,41.346910,0.286493
can,False,0.704167,0.829189,1.458898,14.178040,40.544130,0.286493
can,False,0.708333,0.828217,1.457923,22.041580,40.923900,0.286493
can,False,0.712500,0.827245,1.456951,27.702070,41.296250,0.286493
can,False,0.716667,0.826273,1.455981,32.338100,41.666640,0.286493
can,False,0.720833,0.825300,1.455011,36.343140,42.041290,0.286493
can,False,0.725000,0.824328,1.454043,39.907750,42.424970,0.286493
can,False,0.729167,0.823356,1.453074,43.141430,42.822270,0.286493
can,False,0.733333,0.822384,1.452105,46.113340,43.238010,0.286492
can,False,0.737500,0.820578,1.450302,47.828350,43.969240,0.286492
can,False,0.741667,0.818772,1.448499,49.476350,44.713900,0.286492
can,False,0.745833,0.816967,1.446695,51.064770,45.471220,0.286493
can,False,0.750000,0.815161,1.444891,52.599990,46.241620,0.286492
can,False,0.754167,0.813356,1.443087,54.088080,47.024050,0.286493
can,False,0.758333,0.811550,1.441283,55.533980,47.817380,0.286492
can,False,0.762500,0.809745,1.439479,56.942090,48.621260,0.286492
can,False,0.766667,0.807939,1.437674,58.316530,49.434740,0.286492
can,False,0.770833,0.806967,1.436704,58.231220,50.399050,0.286492
can,False,0.775000,0.805995,1.435734,58.147350,51.365770,0.286492
can,False,0.779167,0.805023,1.434764,58.064730,52.335660,0.286492
can,False,0.783333,0.804050,1.433793,57.982860,53.309910,0.286492
can,False,0.787500,0.803078,1.432821,57.901270,54.288640,0.286492
can,False,0.791667,0.802106,1.431848,57.819280,55.271960,0.286492
can,False,0.795833,0.801134,1.430873,57.736530,56.260400,0.286492
can,False,0.800000,0.800162,1.429897,57.652750,57.253750,0.286492
can,True,0.000000,0.800162,1.429898,57.652540,57.253680,0.000000
can,True,0.004167,0.799189,1.428929,56.868670,57.560180,0.000002
can,True,0.008333,0.798217,1.427960,56.090700,57.866420,0.000016
can,True,0.012500,0.797245,1.426989,55.319420,58.171580,0.000052
can,True,0.016667,0.796273,1.426017,54.555970,58.475140,0.000122
can,True,0.020833,0.795300,1.425044,53.800820,58.776010,0.000234
can,True,0.025000,0.794328,1.424071,53.054740,59.073410,0.000397
can,True,0.029167,0.793356,1.423097,52.318540,59.366820,0.000620
can,True,0.033333,0.792384,1.422123,51.592770,59.655200,0.000910
can,True,0.037500,0.790578,1.420317,51.074910,58.676360,0.001275
can,True,0.041667,0.788773,1.418511,50.574680,57.665660,0.001720
can,True,0.045833,0.786967,1.416705,50.090350,56.621710,0.002251
can,True,0.050000,0.785161,1.414899,49.620040,55.543590,0.002873
can,True,0.054167,0.783356,1.413093,49.161510,54.429370,0.003590
can,True,0.058333,0.781550,1.411286,48.712540,53.277400,0.004407
can,True,0.062500,0.779745,1.409479,48.270110,52.085420,0.005327
can,True,0.066667,0.777939,1.407672,47.831670,50.850880,0.006353
can,True,0.070833,0.776967,1.406697,48.271150,50.385640,0.007486
can,True,0.075000,0.775995,1.405722,48.716860,49.914630,0.008728
can,True,0.079167,0.775023,1.404747,49.169220,49.435390,0.010082
can,True,0.083333,0.774051,1.403772,49.628910,48.945160,0.011548
can,True,0.087500,0.773078,1.402798,50.095640,48.440930,0.013125
can,True,0.091667,0.772106,1.401826,50.569890,47.919880,0.014815
can,True,0.095833,0.771134,1.400856,51.051270,47.378330,0.016616
can,True,0.100000,0.770162,1.399889,51.540470,46.813290,0.018527
can,True,0.104167,0.771134,1.400867,51.441210,46.035770,0.020548
can,True,0.108333,0.772106,1.401848,51.341920,45.234660,0.022676
can,True,0.112500,0.773078,1.402830,51.242100,44.408040,0.024909
can,True,0.116667,0.774051,1.403813,51.140080,43.554340,0.027246
can,True,0.120833,0.775023,1.404798,51.035160,42.671400,0.029683
can,True,0.125000,0.775995,1.405784,50.925950,41.756910,0.032217
can,True,0.129167,0.776967,1.406771,50.811370,40.808380,0.034845
can,True,0.133333,0.777940,1.407760,50.689880,39.821950,0.037563
can,True,0.137500,0.779745,1.409583,50.060990,38.108900,0.040368
can,True,0.141667,0.781550,1.411407,49.418960,36.292510,0.043254
can,True,0.145833,0.783356,1.413232,48.757580,34.361950,0.046219
can,True,0.150000,0.785161,1.415056,48.071380,32.303450,0.049256
can,True,0.154167,0.786967,1.416880,47.353010,30.096690,0.052362
can,True,0.158333,0.788773,1.418701,46.595870,27.713320,0.055530
can,True,0.162500,0.790578,1.420521,45.792310,25.110600,0.058758
can,True,0.166667,0.792384,1.422338,44.934770,22.220400,0.062037
can,True,0.170833,0.793356,1.423321,44.596080,20.238360,0.065364
can,True,0.175000,0.794328,1.424302,44.214690,18.047150,0.068732
can,True,0.179167,0.795300,1.425282,43.790070,15.553670,0.072137
can,True,0.183333,0.796273,1.426261,43.322970,12.570100,0.075571
can,True,0.187500,0.797245,1.427238,42.812970,8.590179,0.079029
can,True,0.191667,0.797826,1.427823,42.541790,3.452866,0.082506
can,True,0.195833,0.797334,1.427333,43.001080,3.453537,0.085994
can,True,0.200000,0.796821,1.426821,43.438020,3.453140,0.089489
can,True,0.204167,0.796243,1.426242,44.545320,3.453384,0.092984
can,True,0.208333,0.795654,1.425651,45.592620,3.453140,0.096472
can,True,0.212500,0.795050,1.425043,46.588620,3.453140,0.099949
can,True,0.216667,0.794428,1.424416,47.541380,3.453384,0.103407
can,True,0.220833,0.793786,1.423768,48.457520,3.452637,0.106841
can,True,0.225000,0.793119,1.423093,49.344670,3.453384,0.110245
can,True,0.229167,0.792425,1.422390,50.208360,3.452530,0.113614
can,True,0.233333,0.791700,1.421654,51.054980,3.453995,0.116941
can,True,0.237500,0.790821,1.420762,52.554200,3.452866,0.120220
can,True,0.241667,0.789899,1.419826,54.013580,3.453781,0.123447
can,True,0.245833,0.788942,1.418852,55.430950,3.454559,0.126616
can,True,0.250000,0.787957,1.417848,56.803900,3.452866,0.129722
can,True,0.254167,0.786949,1.416821,58.130490,3.453384,0.132759
can,True,0.258333,0.785926,1.415778,59.408810,3.453262,0.135723
can,True,0.262500,0.784895,1.414727,60.637180,3.452866,0.138610
can,True,0.266667,0.783862,1.413675,61.814060,3.455017,0.141415
can,True,0.270833,0.786317,1.416113,61.136470,3.439163,0.144133
can,True,0.275000,0.788775,1.418555,60.443110,3.427994,0.146761
can,True,0.279167,0.791236,1.421001,59.735240,3.414490,0.149295
can,True,0.283333,0.793699,1.423450,59.014470,3.401672,0.151732
can,True,0.287500,0.796162,1.425902,58.283170,3.389801,0.154069
can,True,0.291667,0.798626,1.428355,57.543230,3.377075,0.156302
can,True,0.295833,0.801089,1.430810,56.795830,3.367599,0.158430
can,True,0.300000,0.803551,1.433265,56.043170,3.354324,0.160451
can,True,0.304167,0.807200,1.436908,53.985850,3.339874,0.162362
can,True,0.308333,0.810857,1.440563,51.848160,3.326248,0.164163
can,True,0.312500,0.814519,1.444225,49.625050,3.312454,0.165853
can,True,0.316667,0.818182,1.447891,47.310100,3.298889,0.167430
can,True,0.320833,0.821843,1.451555,44.895890,3.286102,0.168896
can,True,0.325000,0.824328,1.454043,43.131910,8.348724,0.170249
can,True,0.329167,0.823356,1.453074,43.576510,17.328980,0.171492
can,True,0.333333,0.822384,1.452105,44.035140,22.956240,0.172625
can,True,0.337500,0.820578,1.450302,44.796300,25.267640,0.173650
can,True,0.341667,0.818772,1.448499,45.564880,27.354720,0.174570
can,True,0.345833,0.816967,1.446695,46.339750,29.267620,0.175387
can,True,0.350000,0.815161,1.444891,47.120410,31.040570,0.176105
can,True,0.354167,0.813356,1.443087,47.905870,32.698410,0.176727
can,True,0.358333,0.811550,1.441283,48.695040,34.259460,0.177258
can,True,0.362500,0.809745,1.439479,49.487290,35.738780,0.177703
can,True,0.366667,0.807939,1.437674,50.281690,37.147510,0.178067
can,True,0.370833,0.806967,1.436704,51.223050,36.266170,0.178358
can,True,0.375000,0.805995,1.435732,52.163230,35.349490,0.178581
can,True,0.379167,0.805023,1.434760,53.101840,34.396130,0.178744
can,True,0.383333,0.804050,1.433788,54.038540,33.403850,0.178856
can,True,0.387500,0.803078,1.432815,54.972220,32.370390,0.178926
can,True,0.391667,0.802106,1.431842,55.903430,31.293580,0.178962
can,True,0.395833,0.801134,1.430869,56.830830,30.169830,0.178976
can,True,0.400000,0.800162,1.429897,57.754380,28.994630,0.178978
can,True,0.404167,0.799189,1.428926,58.018900,26.130890,0.178978
can,True,0.408333,0.798217,1.427954,58.273830,22.942810,0.178978
can,True,0.412500,0.797245,1.426984,58.519710,19.283250,0.178978
can,True,0.416667,0.796273,1.426012,58.757880,14.824100,0.178978
can,True,0.420833,0.795300,1.425041,58.989030,8.396545,0.178978
can,True,0.425000,0.792544,1.422285,60.050770,3.300613,0.178978
can,True,0.429167,0.788640,1.418380,61.616460,3.310196,0.178978
can,True,0.433333,0.784832,1.414571,63.101600,3.318649,0.178978
can,True,0.437500,0.780485,1.410224,63.262210,3.330139,0.178978
can,True,0.441667,0.776258,1.405997,63.366940,3.341461,0.178978
can,True,0.445833,0.772158,1.401896,63.412710,3.353500,0.178978
can,True,0.450000,0.768191,1.397929,63.396770,3.366150,0.178978
can,True,0.454167,0.764363,1.394100,63.316250,3.378754,0.178978
can,True,0.458333,0.760680,1.390416,63.168000,3.391479,0.178978
can,True,0.462500,0.757144,1.386879,62.949570,3.404663,0.178978
can,True,0.466667,0.753760,1.383492,62.658200,3.418900,0.178978
can,True,0.470833,0.753424,1.383154,61.914070,3.422455,0.178978
can,True,0.475000,0.753251,1.382978,61.077780,3.427948,0.178978
can,True,0.479167,0.753244,1.382968,60.141050,3.431305,0.178978
can,True,0.483333,0.753403,1.383124,59.097270,3.435364,0.178978
can,True,0.487500,0.753729,1.383449,57.938000,3.439011,0.178978
can,True,0.491667,0.754219,1.383939,56.654940,3.443604,0.178978
can,True,0.495833,0.754868,1.384591,55.239360,3.448044,0.178978
can,True,0.500000,0.755675,1.385402,53.680210,3.452301,0.178978
can,True,0.504167,0.757973,1.387706,52.214400,3.452118,0.178978
can,True,0.508333,0.760381,1.390123,50.641490,3.453323,0.178978
can,True,0.512500,0.762890,1.392642,48.957820,3.452591,0.178978
can,True,0.516667,0.765486,1.395249,47.160030,3.452805,0.178978
can,True,0.520833,0.768157,1.397932,45.242460,3.452591,0.178978
can,True,0.525000,0.770890,1.400679,43.197590,3.452866,0.178978
can,True,0.529167,0.773671,1.403476,41.016130,3.452866,0.178978
can,True,0.533333,0.776488,1.406308,38.685060,3.454407,0.178978
can,True,0.537500,0.779394,1.409232,36.162730,3.452866,0.178978
can,True,0.541667,0.781550,1.411407,34.105180,7.286743,0.178978
can,True,0.545833,0.783356,1.413232,32.236210,10.643130,0.178978
can,True,0.550000,0.785161,1.415056,30.252140,13.135410,0.178978
can,True,0.554167,0.786967,1.416880,28.135380,15.157300,0.178978
can,True,0.558333,0.788773,1.418701,25.859150,16.847640,0.178978
can,True,0.562500,0.790578,1.420521,23.384950,18.268310,0.178978
can,True,0.566667,0.792384,1.422338,20.649120,19.452590,0.178978
can,True,0.570833,0.793356,1.423321,18.800370,21.506230,0.178978
can,True,0.575000,0.794328,1.424302,16.776400,23.260480,0.178978
can,True,0.579167,0.795300,1.425282,14.497150,24.770970,0.178978
can,True,0.583333,0.796273,1.426261,11.809540,26.072690,0.178978
can,True,0.587500,0.797245,1.427238,8.315704,27.189330,0.178978
can,True,0.591667,0.797997,1.427994,3.453598,28.364430,0.178978
can,True,0.595833,0.797769,1.427768,3.452988,30.325330,0.178978
can,True,0.600000,0.797537,1.427537,3.452805,32.066280,0.178978
can,True,0.604167,0.797356,1.427355,3.453598,34.465410,0.178978
can,True,0.608333,0.797181,1.427178,3.453598,36.584030,0.178978
can,True,0.612500,0.797011,1.427004,3.453384,38.471340,0.178978
can,True,0.616667,0.796841,1.426830,3.453384,40.163510,0.178978
can,True,0.620833,0.796671,1.426652,3.453781,41.687620,0.178978
can,True,0.625000,0.796496,1.426469,3.452866,43.067060,0.178979
can,True,0.629167,0.796314,1.426278,3.453033,44.320370,0.178978
can,True,0.633333,0.796122,1.426075,3.453537,45.463640,0.178978
can,True,0.637500,0.796017,1.425958,3.453598,47.134480,0.178978
can,True,0.641667,0.795897,1.425823,3.453537,48.679890,0.178978
can,True,0.645833,0.795769,1.425679,3.453888,50.107730,0.178978
can,True,0.650000,0.795639,1.425531,3.453659,51.425170,0.178978
can,True,0.654167,0.795512,1.425385,3.452988,52.639110,0.178978
can,True,0.658333,0.795395,1.425247,3.454056,53.754780,0.178978
can,True,0.662500,0.795294,1.425126,3.453323,54.776100,0.178978
can,True,0.666667,0.795213,1.425026,3.455353,55.708110,0.178978
can,True,0.670833,0.798311,1.428107,3.440033,54.729710,0.178978
can,True,0.675000,0.801420,1.431200,3.428391,53.696460,0.178978
can,True,0.679167,0.804540,1.434305,3.414490,52.610860,0.178978
can,True,0.683333,0.807670,1.437422,3.402374,51.476500,0.178978
can,True,0.687500,0.810811,1.440550,3.390213,50.296370,0.178978
can,True,0.691667,0.813961,1.443690,3.377197,49.072750,0.178978
can,True,0.695833,0.817121,1.446842,3.365570,47.807880,0.178978
can,True,0.700000,0.820291,1.450005,3.355026,46.503360,0.178978
can,True,0.704167,0.824432,1.454140,3.340530,43.687550,0.178978
can,True,0.708333,0.828217,1.457923,5.590256,40.923900,0.178978
can,True,0.712500,0.827245,1.456951,17.553730,41.296250,0.178978
can,True,0.716667,0.826273,1.455981,24.128720,41.666700,0.178978
can,True,0.720833,0.825300,1.455011,29.213990,42.041290,0.178978
can,True,0.725000,0.824328,1.454043,33.495010,42.424970,0.178978
can,True,0.729167,0.823356,1.453074,37.250890,42.822390,0.178978
can,True,0.733333,0.822384,1.452105,40.626920,43.238010,0.178977
can,True,0.737500,0.820578,1.450302,42.538120,43.969240,0.178978
can,True,0.741667,0.818772,1.448499,44.364730,44.713900,0.178977
can,True,0.745833,0.816967,1.446695,46.117190,45.471510,0.178977
can,True,0.750000,0.815161,1.444891,47.805560,46.241680,0.178978
can,True,0.754167,0.813356,1.443087,49.437210,47.024050,0.178977
can,True,0.758333,0.811550,1.441283,51.018480,47.817380,0.178977
can,True,0.762500,0.809745,1.439479,52.555180,48.621260,0.178977
can,True,0.766667,0.807939,1.437674,54.051940,49.434740,0.178977
can,True,0.770833,0.806967,1.436704,53.954220,50.399050,0.178977
can,True,0.775000,0.805995,1.435734,53.860890,51.365770,0.178977
can,True,0.779167,0.805023,1.434764,53.771680,52.335660,0.178977
can,True,0.783333,0.804050,1.433793,53.685430,53.309910,0.178977
can,True,0.787500,0.803078,1.432821,53.601330,54.288640,0.178977
can,True,0.791667,0.802106,1.431848,53.518490,55.271960,0.178977
can,True,0.795833,0.801134,1.430873,53.436090,56.260400,0.178977
can,True,0.800000,0.800162,1.429897,53.352500,57.253750,0.178977
can,True,0.804167,0.799189,1.428929,52.500760,57.560300,0.178978
can,True,0.808333,0.798217,1.427960,51.653140,57.866720,0.178987
can,True,0.812500,0.797245,1.426989,50.810900,58.172370,0.179008
can,True,0.816667,0.796273,1.426017,49.976170,58.477040,0.179049
can,True,0.820833,0.795300,1.425044,49.150130,58.779720,0.179115
can,True,0.825000,0.794328,1.424071,48.333890,59.079680,0.179211
can,True,0.829167,0.793356,1.423097,47.529430,59.376550,0.179343
can,True,0.833333,0.792384,1.422123,46.737430,59.669670,0.179514
can,True,0.837500,0.790578,1.420317,46.186340,58.697050,0.179729
can,True,0.841667,0.788773,1.418511,45.658740,57.694240,0.179991
can,True,0.845833,0.786967,1.416705,45.153290,56.660350,0.180304
can,True,0.850000,0.785161,1.414899,44.669240,55.594450,0.180670
can,True,0.854167,0.783356,1.413093,44.204480,54.495330,0.181093
can,True,0.858333,0.781550,1.411286,43.757930,53.361600,0.181575
can,True,0.862500,0.779745,1.409479,43.326460,52.191670,0.182117
can,True,0.866667,0.777939,1.407672,42.908370,50.983660,0.182722
can,True,0.870833,0.776967,1.406697,43.482270,50.547810,0.183391
can,True,0.875000,0.775995,1.405722,44.068310,50.110920,0.184125
can,True,0.879167,0.775023,1.404747,44.667130,49.671550,0.184925
can,True,0.883333,0.774051,1.403772,45.278120,49.226880,0.185791
can,True,0.887500,0.773078,1.402798,45.900760,48.774980,0.186724
can,True,0.891667,0.772106,1.401826,46.534790,48.313170,0.187723
can,True,0.895833,0.771134,1.400856,47.179200,47.838960,0.188789
can,True,0.900000,0.770162,1.399889,47.833820,47.350100,0.189921
can,True,0.904167,0.771134,1.400867,47.814070,46.667910,0.191119
can,True,0.908333,0.772106,1.401848,47.800000,45.973940,0.192381
can,True,0.912500,0.773078,1.402830,47.790730,45.266140,0.193706
can,True,0.916667,0.774051,1.403813,47.784060,44.544170,0.195093
can,True,0.920833,0.775023,1.404798,47.778080,43.806150,0.196541
can,True,0.925000,0.775995,1.405784,47.771670,43.050130,0.198048
can,True,0.929167,0.776967,1.406771,47.762390,42.274960,0.199611
can,True,0.933333,0.777939,1.407760,47.748640,41.478450,0.201229
can,True,0.937500,0.779745,1.409583,47.172350,40.013470,0.202900
can,True,0.941667,0.781550,1.411407,46.586110,38.480220,0.204621
can,True,0.945833,0.783356,1.413232,45.983050,36.875240,0.206389
can,True,0.950000,0.785161,1.415056,45.357700,35.194090,0.208202
can,True,0.954167,0.786967,1.416880,44.702000,33.430970,0.210058
can,True,0.958333,0.788773,1.418701,44.009310,31.577680,0.211952
can,True,0.962500,0.790578,1.420521,43.271680,29.623310,0.213882
can,True,0.966667,0.792384,1.422338,42.480590,27.554260,0.215846
can,True,0.970833,0.793356,1.423321,42.266910,26.332110,0.217838
can,True,0.975000,0.794328,1.424302,42.009600,25.068070,0.219857
can,True,0.979167,0.795300,1.425282,41.708130,23.750730,0.221899
can,True,0.983333,0.796273,1.426261,41.362790,22.366410,0.223960
can,True,0.987500,0.797245,1.427238,40.973360,20.896680,0.226037
can,True,0.991667,0.798217,1.428214,40.540470,19.317960,0.228126
can,True,0.995833,0.799189,1.429188,40.063780,17.594420,0.230224
can,True,1.000000,0.800162,1.430161,39.543490,15.672910,0.232326
can,True,1.004167,0.801134,1.431133,39.703050,13.430860,0.234430
can,True,1.008333,0.802106,1.432103,39.817350,10.744190,0.236530
can,True,1.012500,0.803078,1.433071,39.889340,7.110519,0.238626
can,True,1.016667,0.803607,1.433595,40.253740,3.453384,0.240711
can,True,1.020833,0.803478,1.433460,41.058930,3.452988,0.242782
can,True,1.025000,0.803341,1.433315,41.820370,3.452866,0.244836
can,True,1.029167,0.803192,1.433157,42.545270,3.452866,0.246870
can,True,1.033333,0.803029,1.432982,43.240390,3.453888,0.248880
can,True,1.037500,0.802796,1.432737,44.626920,3.453491,0.250862
can,True,1.041667,0.802540,1.432467,45.959750,3.452866,0.252813
can,True,1.045833,0.802269,1.432179,47.237720,3.453262,0.254729
can,True,1.050000,0.801988,1.431880,48.458390,3.453033,0.256608
can,True,1.054167,0.801704,1.431576,49.620420,3.453781,0.258446
can,True,1.058333,0.801424,1.431276,50.722430,3.454056,0.260241
can,True,1.062500,0.801154,1.430986,51.762370,3.452347,0.261989
can,True,1.066667,0.800901,1.430714,52.739590,3.454514,0.263689
can,True,1.070833,0.803940,1.433736,51.698670,3.439743,0.265336
can,True,1.075000,0.806990,1.436770,50.619930,3.424622,0.266929
can,True,1.079167,0.810048,1.439813,49.504360,3.414825,0.268466
can,True,1.083333,0.813115,1.442866,48.351990,3.401276,0.269944
can,True,1.087500,0.816189,1.445928,47.163150,3.388245,0.271361
can,True,1.091667,0.819269,1.448998,45.939120,3.377823,0.272717
can,True,1.095833,0.822355,1.452075,44.678970,3.366028,0.274008
can,True,1.100000,0.825446,1.455159,43.383560,3.354553,0.275235
can,True,1.104167,0.829189,1.458898,40.703030,5.883392,0.276395
can,True,1.108333,0.828217,1.457923,41.148710,17.811970,0.277489
can,True,1.112500,0.827245,1.456951,41.585650,24.428960,0.278515
can,True,1.116667,0.826273,1.455981,42.018020,29.548370,0.279474
can,True,1.120833,0.825300,1.455011,42.450930,33.856750,0.280364
can,True,1.125000,0.824328,1.454043,42.888580,37.632980,0.281187
can,True,1.129167,0.823356,1.453074,43.335040,41.024900,0.281942
can,True,1.133333,0.822384,1.452105,43.794190,44.120000,0.282630
can,True,1.137500,0.820578,1.450302,44.550770,45.872450,0.283254
can,True,1.141667,0.818772,1.448499,45.315630,47.552520,0.283813
can,True,1.145833,0.816967,1.446695,46.087570,49.168820,0.284309
can,True,1.150000,0.815161,1.444891,46.867050,50.728520,0.284746
can,True,1.154167,0.813356,1.443087,47.653400,52.238560,0.285124
can,True,1.158333,0.811550,1.441283,48.446530,53.704130,0.285447
can,True,1.162500,0.809745,1.439479,49.245440,55.130320,0.285717
can,True,1.166667,0.807939,1.437674,50.049930,56.520970,0.285939
can,True,1.170833,0.806967,1.436704,51.009030,56.411850,0.286115
can,True,1.175000,0.805995,1.435732,51.969970,56.302170,0.286251
can,True,1.179167,0.805023,1.434760,52.932980,56.193260,0.286351
can,True,1.183333,0.804050,1.433788,53.896590,56.085590,0.286419
can,True,1.187500,0.803078,1.432815,54.861210,55.980260,0.286461
can,True,1.191667,0.802106,1.431842,55.826340,55.878180,0.286483
can,True,1.195833,0.801134,1.430869,56.790730,55.780210,0.286491
can,True,1.200000,0.800162,1.429897,57.754340,55.687400,0.286493
